"YearGroup","County","Emissions","Rank"
"2014","State Total","10.78","7"
"2014","53001950100","1.74","2"
"2014","53001950200","0.81","1"
"2014","53001950300","1.35","2"
"2014","53001950400","1.01","1"
"2014","53001950500","1.35","2"
"2014","53003960100","0.55","1"
"2014","53003960200","1.69","2"
"2014","53003960300","1.69","2"
"2014","53003960400","1.69","2"
"2014","53003960500","1.69","2"
"2014","53003960600","1.69","2"
"2014","53005010100","5.78","5"
"2014","53005010201","2.69","3"
"2014","53005010202","2.69","3"
"2014","53005010300","5.78","5"
"2014","53005010400","5.78","5"
"2014","53005010500","5.78","5"
"2014","53005010600","5.78","5"
"2014","53005010701","1.53","2"
"2014","53005010703","1.47","2"
"2014","53005010705","2.41","3"
"2014","53005010707","2.41","3"
"2014","53005010708","2.41","3"
"2014","53005010803","5.78","5"
"2014","53005010805","5.78","5"
"2014","53005010807","2.41","3"
"2014","53005010809","5.49","5"
"2014","53005010810","5.49","5"
"2014","53005010811","2.69","3"
"2014","53005010813","5.37","5"
"2014","53005010814","2.98","3"
"2014","53005010901","5.49","5"
"2014","53005010902","5.49","5"
"2014","53005011001","7.83","6"
"2014","53005011002","5.37","5"
"2014","53005011100","7.83","6"
"2014","53005011200","7.83","6"
"2014","53005011300","7.83","6"
"2014","53005011401","4.85","4"
"2014","53005011402","4.85","4"
"2014","53005011501","7.83","6"
"2014","53005011503","5.37","5"
"2014","53005011504","4.85","4"
"2014","53005011600","1.82","2"
"2014","53005011700","2.03","2"
"2014","53005011800","2.03","2"
"2014","53005011900","1.38","2"
"2014","53005012000","0.71","1"
"2014","53007960100","0.6","1"
"2014","53007960200","1.03","1"
"2014","53007960300","0.84","1"
"2014","53007960400","0.67","1"
"2014","53007960500","1.89","2"
"2014","53007960600","1.89","2"
"2014","53007960700","2.18","2"
"2014","53007960801","5.49","5"
"2014","53007960802","5.49","5"
"2014","53007961000","5.49","5"
"2014","53007961100","5.49","5"
"2014","53007961200","4.37","4"
"2014","53007961301","1.93","2"
"2014","53007961302","5.49","5"
"2014","53009000200","0.15","1"
"2014","53009000300","0.65","1"
"2014","53009000400","0.65","1"
"2014","53009000600","0.36","1"
"2014","53009000700","23.67","10"
"2014","53009000800","23.67","10"
"2014","53009000900","23.67","10"
"2014","53009001000","23.67","10"
"2014","53009001100","23.67","10"
"2014","53009001200","23.67","10"
"2014","53009001300","1.43","2"
"2014","53009001400","1.43","2"
"2014","53009001500","23.67","10"
"2014","53009001600","1.53","2"
"2014","53009001700","1.53","2"
"2014","53009001800","1.53","2"
"2014","53009001900","1.53","2"
"2014","53009002000","1.49","2"
"2014","53009002100","1.49","2"
"2014","53009002300","1.53","2"
"2014","53009940000","0.08","1"
"2014","53009990100","23.67","10"
"2014","53011040101","0.56","1"
"2014","53011040102","0.63","1"
"2014","53011040201","6","5"
"2014","53011040202","1.02","1"
"2014","53011040203","4.3","4"
"2014","53011040301","4.36","4"
"2014","53011040302","4.36","4"
"2014","53011040403","5.98","5"
"2014","53011040407","4.3","4"
"2014","53011040408","2.46","3"
"2014","53011040409","10.7","7"
"2014","53011040411","10.7","7"
"2014","53011040412","10.7","7"
"2014","53011040413","4.3","4"
"2014","53011040414","4.3","4"
"2014","53011040415","4.3","4"
"2014","53011040416","4.3","4"
"2014","53011040504","1.14","1"
"2014","53011040505","1.18","1"
"2014","53011040507","3.28","3"
"2014","53011040508","3.28","3"
"2014","53011040509","3.29","3"
"2014","53011040510","1.43","2"
"2014","53011040511","0.44","1"
"2014","53011040603","3.04","3"
"2014","53011040604","8.74","6"
"2014","53011040605","3.66","3"
"2014","53011040608","9.22","6"
"2014","53011040609","3.66","3"
"2014","53011040610","3.66","3"
"2014","53011040703","9.48","6"
"2014","53011040706","8.74","6"
"2014","53011040707","8.74","6"
"2014","53011040709","8.74","6"
"2014","53011040710","8.74","6"
"2014","53011040711","8.74","6"
"2014","53011040712","8.74","6"
"2014","53011040803","10.7","7"
"2014","53011040805","10.7","7"
"2014","53011040806","9.48","6"
"2014","53011040808","9.48","6"
"2014","53011040809","11.54","7"
"2014","53011040810","11.54","7"
"2014","53011040904","10.7","7"
"2014","53011040905","5.98","5"
"2014","53011040907","3.84","3"
"2014","53011040908","10.7","7"
"2014","53011040909","10.7","7"
"2014","53011040910","10.7","7"
"2014","53011041003","13.65","8"
"2014","53011041005","5.44","5"
"2014","53011041007","11.54","7"
"2014","53011041008","11.54","7"
"2014","53011041009","11.54","7"
"2014","53011041010","11.54","7"
"2014","53011041011","13.65","8"
"2014","53011041104","9.48","6"
"2014","53011041105","11.54","7"
"2014","53011041107","9.48","6"
"2014","53011041108","11.27","7"
"2014","53011041110","13.65","8"
"2014","53011041111","11.27","7"
"2014","53011041112","11.27","7"
"2014","53011041201","12.75","8"
"2014","53011041203","11.35","7"
"2014","53011041205","11.27","7"
"2014","53011041206","11.35","7"
"2014","53011041309","12.75","8"
"2014","53011041310","12.75","8"
"2014","53011041312","8.74","6"
"2014","53011041313","11.35","7"
"2014","53011041317","11.35","7"
"2014","53011041318","12.75","8"
"2014","53011041319","11.35","7"
"2014","53011041320","12.75","8"
"2014","53011041321","5.08","4"
"2014","53011041322","12.75","8"
"2014","53011041323","12.75","8"
"2014","53011041325","9.22","6"
"2014","53011041326","11.35","7"
"2014","53011041327","5.08","4"
"2014","53011041328","9.22","6"
"2014","53011041329","9.22","6"
"2014","53011041330","11.35","7"
"2014","53011041331","11.35","7"
"2014","53011041332","11.35","7"
"2014","53011041333","11.35","7"
"2014","53011041400","3.66","3"
"2014","53011041500","3.29","3"
"2014","53011041600","13.65","8"
"2014","53011041700","13.65","8"
"2014","53011041800","13.65","8"
"2014","53011041900","13.65","8"
"2014","53011042000","13.65","8"
"2014","53011042100","13.65","8"
"2014","53011042300","13.65","8"
"2014","53011042400","13.65","8"
"2014","53011042500","13.65","8"
"2014","53011042600","13.65","8"
"2014","53011042700","13.65","8"
"2014","53011042800","13.65","8"
"2014","53011042900","11.27","7"
"2014","53011043000","11.27","7"
"2014","53011043100","11.27","7"
"2014","53013960200","0.51","1"
"2014","53015000300","6.33","5"
"2014","53015000400","6.37","5"
"2014","53015000501","6.33","5"
"2014","53015000502","6.33","5"
"2014","53015000601","6.37","5"
"2014","53015000602","6.37","5"
"2014","53015000702","6.37","5"
"2014","53015000703","3.67","3"
"2014","53015000704","3.67","3"
"2014","53015000800","6.37","5"
"2014","53015000900","6.37","5"
"2014","53015001000","6.37","5"
"2014","53015001100","6.37","5"
"2014","53015001200","5.29","4"
"2014","53015001300","6.37","5"
"2014","53015001501","0.81","1"
"2014","53015001502","6","5"
"2014","53015001600","5.52","5"
"2014","53015001700","5.52","5"
"2014","53015001800","0.42","1"
"2014","53015001900","3.67","3"
"2014","53015002001","4.23","4"
"2014","53015002002","4.12","3"
"2014","53015002100","6.37","5"
"2014","53017950100","0.6","1"
"2014","53017950200","1.2","1"
"2014","53017950300","2.9","3"
"2014","53017950400","5.49","5"
"2014","53017950500","4.37","4"
"2014","53017950600","4.37","4"
"2014","53017950700","4.37","4"
"2014","53017950800","4.37","4"
"2014","53019940000","0.19","1"
"2014","53019970100","0.22","1"
"2014","53019970200","0.19","1"
"2014","53021020100","7.83","6"
"2014","53021020200","7.83","6"
"2014","53021020300","7.83","6"
"2014","53021020400","7.83","6"
"2014","53021020501","5.94","5"
"2014","53021020502","7.83","6"
"2014","53021020601","5.94","5"
"2014","53021020603","5.94","5"
"2014","53021020605","5.94","5"
"2014","53021020606","5.94","5"
"2014","53021020700","3.93","3"
"2014","53021020800","0.81","1"
"2014","53021980100","1.33","2"
"2014","53023970300","0.38","1"
"2014","53025010100","0.56","1"
"2014","53025010200","0.97","1"
"2014","53025010300","0.81","1"
"2014","53025010400","0.88","1"
"2014","53025010500","1.6","2"
"2014","53025010600","1.6","2"
"2014","53025010700","1.83","2"
"2014","53025010800","1.45","2"
"2014","53025010901","2.35","2"
"2014","53025010902","2.35","2"
"2014","53025011000","2.35","2"
"2014","53025011100","2.35","2"
"2014","53025011200","1.6","2"
"2014","53025011300","0.97","1"
"2014","53025011401","0.43","1"
"2014","53025011402","1.13","1"
"2014","53027000200","0.39","1"
"2014","53027000300","0.87","1"
"2014","53027000400","1.1","1"
"2014","53027000500","1.29","2"
"2014","53027000600","1.03","1"
"2014","53027000700","6.58","5"
"2014","53027000800","6.58","5"
"2014","53027000900","6.58","5"
"2014","53027001000","6.58","5"
"2014","53027001100","0.87","1"
"2014","53027001200","6.58","5"
"2014","53027001300","2.91","3"
"2014","53027001400","1","1"
"2014","53027001500","1","1"
"2014","53027001600","2.91","3"
"2014","53027940000","0.11","1"
"2014","53027990000","0.46","1"
"2014","53029970100","1.92","2"
"2014","53029970200","1.92","2"
"2014","53029970300","1.39","2"
"2014","53029970400","2.42","3"
"2014","53029970500","2.42","3"
"2014","53029970601","2.42","3"
"2014","53029970602","2.42","3"
"2014","53029970700","2.42","3"
"2014","53029970800","1.39","2"
"2014","53029970900","1.39","2"
"2014","53029971000","2.42","3"
"2014","53029971100","0.82","1"
"2014","53029971300","0.82","1"
"2014","53029971400","0.93","1"
"2014","53029971500","1.4","2"
"2014","53029971600","0.75","1"
"2014","53029971700","0.75","1"
"2014","53029971800","0.82","1"
"2014","53029971900","0.74","1"
"2014","53029972000","0.78","1"
"2014","53029972100","1.9","2"
"2014","53029992201","3.4","3"
"2014","53031950202","0.79","1"
"2014","53031950300","1.48","2"
"2014","53031950400","4.67","4"
"2014","53031950500","4.67","4"
"2014","53031950601","4.67","4"
"2014","53031950602","4.67","4"
"2014","53031950702","0.22","1"
"2014","53031990000","0.04","1"
"2014","53033000100","4.85","4"
"2014","53033000200","16.53","9"
"2014","53033000300","16.53","9"
"2014","53033000401","16.53","9"
"2014","53033000402","22.27","10"
"2014","53033000500","3.5","3"
"2014","53033000600","22.27","10"
"2014","53033000700","16.53","9"
"2014","53033000800","4.85","4"
"2014","53033000900","4.85","4"
"2014","53033001000","22.27","10"
"2014","53033001100","22.27","10"
"2014","53033001200","22.27","10"
"2014","53033001300","22.27","10"
"2014","53033001400","22.27","10"
"2014","53033001500","12.97","8"
"2014","53033001600","12.97","8"
"2014","53033001701","22.27","10"
"2014","53033001702","22.27","10"
"2014","53033001800","22.27","10"
"2014","53033001900","22.27","10"
"2014","53033002000","22.27","10"
"2014","53033002100","22.27","10"
"2014","53033002200","6.92","6"
"2014","53033002400","4.37","4"
"2014","53033002500","22.27","10"
"2014","53033002600","22.27","10"
"2014","53033002700","22.27","10"
"2014","53033002800","22.27","10"
"2014","53033002900","22.27","10"
"2014","53033003000","12.97","8"
"2014","53033003100","12.97","8"
"2014","53033003200","18.88","9"
"2014","53033003300","12.97","8"
"2014","53033003400","18.88","9"
"2014","53033003500","32.12","10"
"2014","53033003600","22.27","10"
"2014","53033003800","22.27","10"
"2014","53033003900","4.37","4"
"2014","53033004000","11.82","8"
"2014","53033004100","11.82","8"
"2014","53033004200","7.22","6"
"2014","53033004301","32.12","10"
"2014","53033004302","32.12","10"
"2014","53033004400","32.12","10"
"2014","53033004500","32.12","10"
"2014","53033004600","32.12","10"
"2014","53033004700","18.88","9"
"2014","53033004800","18.88","9"
"2014","53033004900","32.12","10"
"2014","53033005000","32.12","10"
"2014","53033005100","32.12","10"
"2014","53033005200","32.12","10"
"2014","53033005301","32.12","10"
"2014","53033005302","32.12","10"
"2014","53033005400","32.12","10"
"2014","53033005600","40.07","10"
"2014","53033005700","18.88","9"
"2014","53033005801","18.88","9"
"2014","53033005802","40.07","10"
"2014","53033005900","18.88","9"
"2014","53033006000","32.12","10"
"2014","53033006100","32.12","10"
"2014","53033006200","55.62","10"
"2014","53033006300","7.22","6"
"2014","53033006400","55.62","10"
"2014","53033006500","55.62","10"
"2014","53033006600","55.62","10"
"2014","53033006700","55.62","10"
"2014","53033006800","55.62","10"
"2014","53033006900","40.07","10"
"2014","53033007000","55.62","10"
"2014","53033007100","55.62","10"
"2014","53033007200","55.62","10"
"2014","53033007300","55.62","10"
"2014","53033007401","55.62","10"
"2014","53033007402","55.62","10"
"2014","53033007500","55.62","10"
"2014","53033007600","55.62","10"
"2014","53033007700","55.62","10"
"2014","53033007800","4.19","4"
"2014","53033007900","55.62","10"
"2014","53033008001","55.62","10"
"2014","53033008002","55.62","10"
"2014","53033008100","55.62","10"
"2014","53033008200","55.62","10"
"2014","53033008300","55.62","10"
"2014","53033008400","55.62","10"
"2014","53033008500","55.62","10"
"2014","53033008600","55.62","10"
"2014","53033008700","55.62","10"
"2014","53033008800","55.62","10"
"2014","53033008900","66.51","10"
"2014","53033009000","66.51","10"
"2014","53033009100","66.51","10"
"2014","53033009200","55.62","10"
"2014","53033009300","66.51","10"
"2014","53033009400","66.51","10"
"2014","53033009500","66.51","10"
"2014","53033009600","51.13","10"
"2014","53033009701","51.13","10"
"2014","53033009702","51.13","10"
"2014","53033009800","51.13","10"
"2014","53033009900","66.51","10"
"2014","53033010001","66.51","10"
"2014","53033010002","66.51","10"
"2014","53033010100","9.32","6"
"2014","53033010200","9.32","6"
"2014","53033010300","9.32","6"
"2014","53033010401","66.51","10"
"2014","53033010402","66.51","10"
"2014","53033010500","51.13","10"
"2014","53033010600","51.13","10"
"2014","53033010701","12.32","8"
"2014","53033010702","12.32","8"
"2014","53033010800","66.51","10"
"2014","53033010900","24.9","10"
"2014","53033011001","7.31","6"
"2014","53033011002","24.9","10"
"2014","53033011101","7.31","6"
"2014","53033011102","7.31","6"
"2014","53033011200","24.9","10"
"2014","53033011300","24.9","10"
"2014","53033011401","12.32","8"
"2014","53033011402","12.32","8"
"2014","53033011500","12.32","8"
"2014","53033011600","12.32","8"
"2014","53033011700","24.9","10"
"2014","53033011800","13.3","8"
"2014","53033011900","13.3","8"
"2014","53033012000","7.18","6"
"2014","53033012100","12.32","8"
"2014","53033020100","4.12","3"
"2014","53033020200","14.85","8"
"2014","53033020300","14.85","8"
"2014","53033020401","14.85","8"
"2014","53033020402","14.85","8"
"2014","53033020500","14.85","8"
"2014","53033020600","14.85","8"
"2014","53033020700","14.85","8"
"2014","53033020800","14.85","8"
"2014","53033020900","16.53","9"
"2014","53033021000","16.53","9"
"2014","53033021100","16.53","9"
"2014","53033021300","16.53","9"
"2014","53033021400","16.53","9"
"2014","53033021500","5.51","5"
"2014","53033021600","5.51","5"
"2014","53033021700","8.81","6"
"2014","53033021802","12.16","8"
"2014","53033021803","8.81","6"
"2014","53033021804","12.16","8"
"2014","53033021903","15.47","9"
"2014","53033021904","7.09","6"
"2014","53033021905","12.16","8"
"2014","53033021906","12.16","8"
"2014","53033022001","12.16","8"
"2014","53033022003","10.6","7"
"2014","53033022005","15.47","9"
"2014","53033022006","15.47","9"
"2014","53033022101","10.6","7"
"2014","53033022102","10.6","7"
"2014","53033022201","10.6","7"
"2014","53033022202","10.6","7"
"2014","53033022203","10.6","7"
"2014","53033022300","10.6","7"
"2014","53033022400","15.47","9"
"2014","53033022500","15.47","9"
"2014","53033022603","15.47","9"
"2014","53033022604","15.47","9"
"2014","53033022605","15.47","9"
"2014","53033022606","15.47","9"
"2014","53033022701","11.82","8"
"2014","53033022702","11.82","8"
"2014","53033022703","9.99","7"
"2014","53033022801","15.39","9"
"2014","53033022802","15.47","9"
"2014","53033022803","15.39","9"
"2014","53033022901","15.39","9"
"2014","53033022902","8.91","6"
"2014","53033023000","15.39","9"
"2014","53033023100","5.89","5"
"2014","53033023201","15.39","9"
"2014","53033023202","4.59","4"
"2014","53033023300","20","9"
"2014","53033023401","20","9"
"2014","53033023403","20","9"
"2014","53033023404","10.99","7"
"2014","53033023500","20","9"
"2014","53033023601","20.59","10"
"2014","53033023603","15.39","9"
"2014","53033023604","20","9"
"2014","53033023700","20.59","10"
"2014","53033023801","20.59","10"
"2014","53033023803","20.59","10"
"2014","53033023804","20.59","10"
"2014","53033023900","20.59","10"
"2014","53033024000","20.59","10"
"2014","53033024100","20.59","10"
"2014","53033024200","20.59","10"
"2014","53033024300","20.59","10"
"2014","53033024400","11.82","7"
"2014","53033024500","11.82","7"
"2014","53033024601","11.82","7"
"2014","53033024602","13.3","8"
"2014","53033024701","20","9"
"2014","53033024702","10.54","7"
"2014","53033024800","20","9"
"2014","53033024901","20","9"
"2014","53033024902","20","9"
"2014","53033024903","6.1","5"
"2014","53033025001","20","9"
"2014","53033025003","6.09","5"
"2014","53033025005","6.1","5"
"2014","53033025006","10.99","7"
"2014","53033025101","5.29","4"
"2014","53033025102","5.29","4"
"2014","53033025200","10.54","7"
"2014","53033025301","18.14","9"
"2014","53033025302","18.14","9"
"2014","53033025400","18.14","9"
"2014","53033025500","5.29","4"
"2014","53033025601","18.14","9"
"2014","53033025602","8.69","6"
"2014","53033025701","18.14","9"
"2014","53033025702","18.14","9"
"2014","53033025803","18.14","9"
"2014","53033025804","18.14","9"
"2014","53033025805","18.14","9"
"2014","53033025806","18.14","9"
"2014","53033026001","18.14","9"
"2014","53033026002","21.4","10"
"2014","53033026100","21.4","10"
"2014","53033026200","21.4","10"
"2014","53033026300","24.9","10"
"2014","53033026400","24.9","10"
"2014","53033026500","11.51","7"
"2014","53033026600","7.18","6"
"2014","53033026700","11.51","7"
"2014","53033026801","11.51","7"
"2014","53033026802","11.51","7"
"2014","53033027000","11.51","7"
"2014","53033027100","21.4","10"
"2014","53033027200","21.4","10"
"2014","53033027300","21.4","10"
"2014","53033027400","11.51","7"
"2014","53033027500","11.51","7"
"2014","53033027600","11.51","7"
"2014","53033027701","0.77","1"
"2014","53033027702","0.77","1"
"2014","53033027800","10.57","7"
"2014","53033027900","10.57","7"
"2014","53033028000","10.57","7"
"2014","53033028100","21.4","10"
"2014","53033028200","21.4","10"
"2014","53033028300","21.4","10"
"2014","53033028402","21.4","10"
"2014","53033028403","16.12","9"
"2014","53033028500","10.57","7"
"2014","53033028600","12.31","8"
"2014","53033028700","12.31","8"
"2014","53033028801","12.31","8"
"2014","53033028802","16.12","9"
"2014","53033028901","12.31","8"
"2014","53033028902","13.25","8"
"2014","53033029001","12.31","8"
"2014","53033029003","12.31","8"
"2014","53033029004","13.25","8"
"2014","53033029101","16.12","9"
"2014","53033029102","13.25","8"
"2014","53033029203","13.25","8"
"2014","53033029204","12.75","8"
"2014","53033029205","13.25","8"
"2014","53033029206","16.12","9"
"2014","53033029303","12.75","8"
"2014","53033029304","12.75","8"
"2014","53033029305","12.75","8"
"2014","53033029306","12.75","8"
"2014","53033029307","5.52","5"
"2014","53033029403","12.75","8"
"2014","53033029405","12.75","8"
"2014","53033029406","12.72","8"
"2014","53033029407","12.72","8"
"2014","53033029408","12.72","8"
"2014","53033029502","12.72","8"
"2014","53033029503","12.72","8"
"2014","53033029504","12.72","8"
"2014","53033029601","7.38","6"
"2014","53033029602","7.38","6"
"2014","53033029700","13.25","8"
"2014","53033029801","13.25","8"
"2014","53033029802","15.11","9"
"2014","53033029901","15.11","9"
"2014","53033029902","11.36","7"
"2014","53033030003","15.11","9"
"2014","53033030004","11.68","7"
"2014","53033030005","15.11","9"
"2014","53033030006","15.11","9"
"2014","53033030100","15.11","9"
"2014","53033030201","15.11","9"
"2014","53033030202","15.11","9"
"2014","53033030304","13.82","8"
"2014","53033030305","4.55","4"
"2014","53033030306","12.83","8"
"2014","53033030308","15.11","9"
"2014","53033030309","15.11","9"
"2014","53033030310","13.82","8"
"2014","53033030311","4.55","4"
"2014","53033030312","12.83","8"
"2014","53033030313","15.11","9"
"2014","53033030314","15.11","9"
"2014","53033030401","15.11","9"
"2014","53033030403","13.82","8"
"2014","53033030404","13.82","8"
"2014","53033030501","11.36","7"
"2014","53033030503","7.38","6"
"2014","53033030504","7.21","6"
"2014","53033030600","9.4","6"
"2014","53033030700","9.4","6"
"2014","53033030801","10.97","7"
"2014","53033030802","9.4","6"
"2014","53033030901","10.97","7"
"2014","53033030902","10.97","7"
"2014","53033031000","9.4","6"
"2014","53033031100","9.4","6"
"2014","53033031202","1.63","2"
"2014","53033031204","6.83","6"
"2014","53033031205","7.21","6"
"2014","53033031206","7.21","6"
"2014","53033031301","2.33","2"
"2014","53033031302","2.33","2"
"2014","53033031400","2.33","2"
"2014","53033031501","1.39","2"
"2014","53033031502","2.33","2"
"2014","53033031601","6.83","6"
"2014","53033031603","6.36","5"
"2014","53033031604","6.36","5"
"2014","53033031605","6.36","5"
"2014","53033031703","6.63","5"
"2014","53033031704","6.83","6"
"2014","53033031705","6.83","6"
"2014","53033031706","6.83","6"
"2014","53033031800","5.52","5"
"2014","53033031903","8.69","6"
"2014","53033031904","2.58","3"
"2014","53033031906","2.58","3"
"2014","53033031907","8.69","6"
"2014","53033031908","8.69","6"
"2014","53033031909","5.52","5"
"2014","53033032002","5.06","4"
"2014","53033032003","5.06","4"
"2014","53033032005","6.83","6"
"2014","53033032006","6.83","6"
"2014","53033032007","6.83","6"
"2014","53033032008","6.36","5"
"2014","53033032010","6.36","5"
"2014","53033032011","6.36","5"
"2014","53033032102","10.99","7"
"2014","53033032103","10.99","7"
"2014","53033032104","10.99","7"
"2014","53033032203","5.89","5"
"2014","53033032207","5.89","5"
"2014","53033032208","10.99","7"
"2014","53033032210","10.99","7"
"2014","53033032211","4.52","4"
"2014","53033032212","10.99","7"
"2014","53033032213","4.52","4"
"2014","53033032214","4.84","4"
"2014","53033032215","4.52","4"
"2014","53033032307","2.25","2"
"2014","53033032309","15.47","9"
"2014","53033032311","2.34","2"
"2014","53033032313","8.91","6"
"2014","53033032315","3.86","3"
"2014","53033032316","8.91","6"
"2014","53033032317","4.84","4"
"2014","53033032318","4.84","4"
"2014","53033032319","12.16","8"
"2014","53033032320","12.16","8"
"2014","53033032321","15.47","9"
"2014","53033032322","2.25","2"
"2014","53033032323","6.77","6"
"2014","53033032324","6.77","6"
"2014","53033032325","8.91","6"
"2014","53033032326","6.77","6"
"2014","53033032327","6.77","6"
"2014","53033032328","3.86","3"
"2014","53033032329","3.86","3"
"2014","53033032401","2.21","2"
"2014","53033032402","2.21","2"
"2014","53033032500","2.66","3"
"2014","53033032601","2.57","3"
"2014","53033032602","3.82","3"
"2014","53033032702","3.82","3"
"2014","53033032703","3.82","3"
"2014","53033032704","2.57","3"
"2014","53033032800","2.57","3"
"2014","53033990100","66.51","10"
"2014","53035080101","5.36","4"
"2014","53035080102","5.36","4"
"2014","53035080200","5.36","4"
"2014","53035080300","5.36","4"
"2014","53035080400","1.92","2"
"2014","53035080500","5.36","4"
"2014","53035080600","5.36","4"
"2014","53035080700","5.36","4"
"2014","53035080800","5.36","4"
"2014","53035080900","5.36","4"
"2014","53035081000","5.36","4"
"2014","53035081100","5.36","4"
"2014","53035081200","5.36","4"
"2014","53035081400","5.36","4"
"2014","53035090101","1.57","2"
"2014","53035090102","1.3","2"
"2014","53035090201","3.02","3"
"2014","53035090202","3.02","3"
"2014","53035090300","3.77","3"
"2014","53035090400","5.28","4"
"2014","53035090501","4.02","3"
"2014","53035090502","4.02","3"
"2014","53035090700","1.66","2"
"2014","53035090800","1.66","2"
"2014","53035090900","1.66","2"
"2014","53035091000","1.92","2"
"2014","53035091100","4.1","3"
"2014","53035091201","5.28","4"
"2014","53035091203","4.1","3"
"2014","53035091204","5.28","4"
"2014","53035091301","0.6","1"
"2014","53035091302","5.28","4"
"2014","53035091400","5.28","4"
"2014","53035091500","5.28","4"
"2014","53035091600","4.1","3"
"2014","53035091700","4.1","3"
"2014","53035091800","1.92","2"
"2014","53035091900","3.89","3"
"2014","53035092000","4.04","3"
"2014","53035092100","5.15","4"
"2014","53035092200","5.15","4"
"2014","53035092300","5.15","4"
"2014","53035092400","2.11","2"
"2014","53035092500","5.15","4"
"2014","53035092600","1.85","2"
"2014","53035092701","2.11","2"
"2014","53035092704","1.37","2"
"2014","53035092801","4.44","4"
"2014","53035092802","1.12","1"
"2014","53035092803","3.5","3"
"2014","53035092901","4.44","4"
"2014","53035092902","4.44","4"
"2014","53035940000","1.39","2"
"2014","53035940100","1.7","2"
"2014","53035990100","1.47","2"
"2014","53037975100","2.62","3"
"2014","53037975200","4.18","4"
"2014","53037975300","3.01","3"
"2014","53037975401","4.18","4"
"2014","53037975402","4.18","4"
"2014","53037975500","4.18","4"
"2014","53037975600","4.18","4"
"2014","53037975700","2.27","2"
"2014","53039950100","1.63","2"
"2014","53039950200","1.67","2"
"2014","53039950300","2.02","2"
"2014","53041970100","3.05","3"
"2014","53041970200","5.43","5"
"2014","53041970300","5.43","5"
"2014","53041970400","5.43","5"
"2014","53041970500","5.43","5"
"2014","53041970600","5.43","5"
"2014","53041970700","5.43","5"
"2014","53041970800","5.43","5"
"2014","53041970900","4.93","4"
"2014","53041971000","4.93","4"
"2014","53041971100","5.43","5"
"2014","53041971200","0.52","1"
"2014","53041971300","3.36","3"
"2014","53041971400","4.93","4"
"2014","53041971500","3.36","3"
"2014","53041971600","2.19","2"
"2014","53041971700","2.22","2"
"2014","53041971800","0.47","1"
"2014","53041971900","0.39","1"
"2014","53041972000","0.26","1"
"2014","53043960100","0.67","1"
"2014","53043960200","0.75","1"
"2014","53043960300","0.49","1"
"2014","53043960400","1.99","2"
"2014","53045940000","0.42","1"
"2014","53045960100","0.2","1"
"2014","53045960200","1.26","2"
"2014","53045960300","1.26","2"
"2014","53045960400","1.26","2"
"2014","53045960500","0.58","1"
"2014","53045960600","1.26","2"
"2014","53045960700","1.03","1"
"2014","53045960800","1.39","2"
"2014","53045960900","1.39","2"
"2014","53045961000","1.39","2"
"2014","53045961100","1.39","2"
"2014","53045961200","0.58","1"
"2014","53045961300","1.39","2"
"2014","53047940100","0.46","1"
"2014","53047940200","1.18","1"
"2014","53047970300","0.41","1"
"2014","53047970400","0.41","1"
"2014","53047970500","0.59","1"
"2014","53047970600","1.18","1"
"2014","53047970700","1.18","1"
"2014","53047970800","0.6","1"
"2014","53047970900","0.27","1"
"2014","53047971000","0.41","1"
"2014","53049950200","0.49","1"
"2014","53049950300","0.49","1"
"2014","53049950400","0.47","1"
"2014","53049950500","0.47","1"
"2014","53049950600","0.47","1"
"2014","53049950700","0.27","1"
"2014","53049950800","0.27","1"
"2014","53049990100","0.47","1"
"2014","53051970100","0.18","1"
"2014","53051970200","0.43","1"
"2014","53051970300","0.43","1"
"2014","53051970400","0.39","1"
"2014","53051970500","0.3","1"
"2014","53053060200","27.71","10"
"2014","53053060300","5.75","5"
"2014","53053060400","4.88","4"
"2014","53053060500","4.88","4"
"2014","53053060600","14.01","8"
"2014","53053060700","14.01","8"
"2014","53053060800","14.01","8"
"2014","53053060903","5.75","5"
"2014","53053060904","5.75","5"
"2014","53053060905","10.91","7"
"2014","53053060906","14.01","8"
"2014","53053061001","10.91","7"
"2014","53053061002","14.01","8"
"2014","53053061100","14.01","8"
"2014","53053061200","14.01","8"
"2014","53053061300","27.71","10"
"2014","53053061400","27.71","10"
"2014","53053061500","27.71","10"
"2014","53053061601","27.71","10"
"2014","53053061602","27.71","10"
"2014","53053061700","27.71","10"
"2014","53053061800","27.71","10"
"2014","53053061900","27.71","10"
"2014","53053062000","27.71","10"
"2014","53053062300","8.8","6"
"2014","53053062400","8.8","6"
"2014","53053062500","27.71","10"
"2014","53053062600","27.71","10"
"2014","53053062801","14.01","8"
"2014","53053062802","18.73","9"
"2014","53053062900","18.73","9"
"2014","53053063000","18.73","9"
"2014","53053063100","12.9","8"
"2014","53053063200","8.8","6"
"2014","53053063300","8.8","6"
"2014","53053063400","10.58","7"
"2014","53053063501","18.73","9"
"2014","53053063502","18.73","9"
"2014","53053070100","3.36","3"
"2014","53053070203","4.77","4"
"2014","53053070204","2.06","2"
"2014","53053070205","1.74","2"
"2014","53053070206","2.06","2"
"2014","53053070207","1.31","2"
"2014","53053070307","3.62","3"
"2014","53053070308","5.52","5"
"2014","53053070309","4.5","4"
"2014","53053070310","4.5","4"
"2014","53053070311","3.62","3"
"2014","53053070312","5.52","5"
"2014","53053070313","6.89","6"
"2014","53053070314","6.89","6"
"2014","53053070315","6.89","6"
"2014","53053070316","6.89","6"
"2014","53053070401","7.16","6"
"2014","53053070403","4.24","4"
"2014","53053070404","4.77","4"
"2014","53053070703","13.82","8"
"2014","53053071100","10.58","7"
"2014","53053071205","11.04","7"
"2014","53053071206","11.04","7"
"2014","53053071207","11.04","7"
"2014","53053071208","11.04","7"
"2014","53053071209","7.16","6"
"2014","53053071210","11.21","7"
"2014","53053071304","11.04","7"
"2014","53053071305","10.58","7"
"2014","53053071306","6.72","5"
"2014","53053071307","11.04","7"
"2014","53053071309","11.47","7"
"2014","53053071310","8.01","6"
"2014","53053071403","6.72","5"
"2014","53053071406","6.72","5"
"2014","53053071407","6.78","6"
"2014","53053071408","6.72","5"
"2014","53053071409","6.72","5"
"2014","53053071410","6.72","5"
"2014","53053071411","6.72","5"
"2014","53053071503","18.73","9"
"2014","53053071504","18.73","9"
"2014","53053071505","5.9","5"
"2014","53053071506","6.72","5"
"2014","53053071601","10.58","7"
"2014","53053071602","10.58","7"
"2014","53053071703","18.73","9"
"2014","53053071704","18.73","9"
"2014","53053071705","18.73","9"
"2014","53053071706","18.73","9"
"2014","53053071707","18.73","9"
"2014","53053071803","18.73","9"
"2014","53053071805","18.73","9"
"2014","53053071806","18.73","9"
"2014","53053071807","18.73","9"
"2014","53053071808","18.73","9"
"2014","53053071901","18.73","9"
"2014","53053071902","9.32","6"
"2014","53053072000","9.32","6"
"2014","53053072105","9.9","7"
"2014","53053072106","9.9","7"
"2014","53053072107","6.61","5"
"2014","53053072108","9.32","6"
"2014","53053072109","3.79","3"
"2014","53053072111","3.79","3"
"2014","53053072112","3.79","3"
"2014","53053072305","14.01","8"
"2014","53053072307","10.91","7"
"2014","53053072308","9.9","7"
"2014","53053072309","10.91","7"
"2014","53053072310","10.91","7"
"2014","53053072311","10.91","7"
"2014","53053072312","12.9","8"
"2014","53053072313","12.9","8"
"2014","53053072405","1.57","2"
"2014","53053072406","5.42","5"
"2014","53053072407","5.75","5"
"2014","53053072408","10.91","7"
"2014","53053072409","5.42","5"
"2014","53053072410","10.91","7"
"2014","53053072503","3.5","3"
"2014","53053072504","5.42","5"
"2014","53053072505","3.5","3"
"2014","53053072506","5.42","5"
"2014","53053072507","5.42","5"
"2014","53053072601","1.01","1"
"2014","53053072602","1.01","1"
"2014","53053072603","1.99","2"
"2014","53053072800","7.09","6"
"2014","53053072901","18.73","9"
"2014","53053072903","9.32","6"
"2014","53053072905","8.05","6"
"2014","53053072906","8.05","6"
"2014","53053072907","9.32","6"
"2014","53053073001","2.42","3"
"2014","53053073005","1.83","2"
"2014","53053073006","2.42","3"
"2014","53053073108","11.47","7"
"2014","53053073110","4.77","4"
"2014","53053073111","8.01","6"
"2014","53053073113","11.47","7"
"2014","53053073114","3.3","3"
"2014","53053073115","6.78","6"
"2014","53053073116","6.78","6"
"2014","53053073117","1.83","2"
"2014","53053073118","6.78","6"
"2014","53053073119","1.3","2"
"2014","53053073120","11.47","7"
"2014","53053073121","11.47","7"
"2014","53053073122","11.47","7"
"2014","53053073123","11.47","7"
"2014","53053073124","11.47","7"
"2014","53053073125","11.47","7"
"2014","53053073126","11.47","7"
"2014","53053073200","0.68","1"
"2014","53053073301","11.21","7"
"2014","53053073302","11.21","7"
"2014","53053073404","11.21","7"
"2014","53053073405","11.21","7"
"2014","53053073406","11.21","7"
"2014","53053073407","11.21","7"
"2014","53053073408","9.02","6"
"2014","53053073500","11.21","7"
"2014","53053940001","10.6","7"
"2014","53053940002","27.71","10"
"2014","53053940003","25.19","10"
"2014","53053940004","25.19","10"
"2014","53053940005","25.19","10"
"2014","53053940006","27.71","10"
"2014","53053940007","27.71","10"
"2014","53053940008","12.83","8"
"2014","53053940009","9.19","6"
"2014","53053940010","11.21","7"
"2014","53053940011","12.83","8"
"2014","53055960100","0.3","1"
"2014","53055960300","0.61","1"
"2014","53055960400","0.61","1"
"2014","53055960500","0.61","1"
"2014","53055990100","0.26","1"
"2014","53057940200","1.2","2"
"2014","53057940300","89.68","10"
"2014","53057940400","28.28","10"
"2014","53057940500","28.28","10"
"2014","53057940600","89.68","10"
"2014","53057940700","28.28","10"
"2014","53057940800","89.68","10"
"2014","53057950100","89.68","10"
"2014","53057950800","3.3","3"
"2014","53057950900","2.95","3"
"2014","53057951000","0.88","1"
"2014","53057951100","0.43","1"
"2014","53057951200","3.17","3"
"2014","53057951300","3.17","3"
"2014","53057951400","2.95","3"
"2014","53057951500","2.95","3"
"2014","53057951600","5.86","5"
"2014","53057951700","6.68","5"
"2014","53057951800","6.68","5"
"2014","53057951900","6.68","5"
"2014","53057952100","6.68","5"
"2014","53057952200","6.68","5"
"2014","53057952301","3.17","3"
"2014","53057952302","6.68","5"
"2014","53057952401","6.68","5"
"2014","53057952402","6.68","5"
"2014","53057952500","6.68","5"
"2014","53057952600","6.68","5"
"2014","53057952700","5.46","5"
"2014","53057990100","89.68","10"
"2014","53059950100","0.09","1"
"2014","53059950200","1.74","2"
"2014","53059950300","1.71","2"
"2014","53059950400","1.64","2"
"2014","53059950500","1.57","2"
"2014","53061040100","68.18","10"
"2014","53061040200","68.18","10"
"2014","53061040300","68.18","10"
"2014","53061040400","68.18","10"
"2014","53061040500","9.01","6"
"2014","53061040700","68.18","10"
"2014","53061040800","68.18","10"
"2014","53061040900","68.18","10"
"2014","53061041000","68.18","10"
"2014","53061041100","16.89","9"
"2014","53061041201","16.89","9"
"2014","53061041202","16.89","9"
"2014","53061041301","8.31","6"
"2014","53061041303","16.89","9"
"2014","53061041304","15.13","9"
"2014","53061041400","16.89","9"
"2014","53061041500","16.89","9"
"2014","53061041601","15.13","9"
"2014","53061041605","15.13","9"
"2014","53061041606","13.93","8"
"2014","53061041607","5.71","5"
"2014","53061041608","5.71","5"
"2014","53061041701","15.13","9"
"2014","53061041703","19.37","9"
"2014","53061041704","13.93","8"
"2014","53061041805","15.13","9"
"2014","53061041806","15.13","9"
"2014","53061041808","15.13","9"
"2014","53061041809","15.13","9"
"2014","53061041810","13.93","8"
"2014","53061041811","13.93","8"
"2014","53061041812","12.76","8"
"2014","53061041901","12.76","8"
"2014","53061041903","15.13","9"
"2014","53061041904","15.13","9"
"2014","53061041905","15.13","9"
"2014","53061042001","8.31","6"
"2014","53061042003","12.76","8"
"2014","53061042004","12.76","8"
"2014","53061042005","12.76","8"
"2014","53061042006","12.76","8"
"2014","53061050101","19.37","9"
"2014","53061050102","19.37","9"
"2014","53061050200","4.8","4"
"2014","53061050300","4.8","4"
"2014","53061050401","13.23","8"
"2014","53061050402","13.23","8"
"2014","53061050500","3.98","3"
"2014","53061050600","4.12","3"
"2014","53061050700","14.85","8"
"2014","53061050800","14.85","8"
"2014","53061050900","14.85","8"
"2014","53061051000","14.85","8"
"2014","53061051100","14.85","8"
"2014","53061051200","13.23","8"
"2014","53061051300","11.42","7"
"2014","53061051400","19.37","9"
"2014","53061051500","13.23","8"
"2014","53061051601","19.37","9"
"2014","53061051602","19.37","9"
"2014","53061051701","19.37","9"
"2014","53061051702","19.37","9"
"2014","53061051802","19.37","9"
"2014","53061051803","19.37","9"
"2014","53061051804","19.37","9"
"2014","53061051905","19.37","9"
"2014","53061051912","12.16","8"
"2014","53061051913","11.42","7"
"2014","53061051914","11.42","7"
"2014","53061051915","19.37","9"
"2014","53061051916","13.15","8"
"2014","53061051917","13.15","8"
"2014","53061051918","13.15","8"
"2014","53061051921","13.15","8"
"2014","53061051922","19.37","9"
"2014","53061051923","7.79","6"
"2014","53061051924","13.15","8"
"2014","53061051925","13.15","8"
"2014","53061051926","12.16","8"
"2014","53061051927","19.37","9"
"2014","53061051928","19.37","9"
"2014","53061052003","5.71","5"
"2014","53061052004","13.93","8"
"2014","53061052005","13.93","8"
"2014","53061052006","7.79","6"
"2014","53061052007","7.79","6"
"2014","53061052104","10.57","7"
"2014","53061052105","5.71","5"
"2014","53061052107","4.2","4"
"2014","53061052108","4.2","4"
"2014","53061052112","3.63","3"
"2014","53061052113","2.2","2"
"2014","53061052114","5.71","5"
"2014","53061052115","5.71","5"
"2014","53061052118","5.71","5"
"2014","53061052203","5.06","4"
"2014","53061052204","5.06","4"
"2014","53061052206","1.03","1"
"2014","53061052207","2.23","2"
"2014","53061052208","5.06","4"
"2014","53061052209","5.06","4"
"2014","53061052301","2.07","2"
"2014","53061052302","4.04","3"
"2014","53061052401","4.06","3"
"2014","53061052402","4.04","3"
"2014","53061052502","4.06","3"
"2014","53061052503","5.18","4"
"2014","53061052504","5.18","4"
"2014","53061052603","5.18","4"
"2014","53061052604","5.18","4"
"2014","53061052605","2.11","2"
"2014","53061052606","2.11","2"
"2014","53061052607","5.18","4"
"2014","53061052701","2.1","2"
"2014","53061052705","3.89","3"
"2014","53061052706","5.18","4"
"2014","53061052707","5.18","4"
"2014","53061052708","3.33","3"
"2014","53061052709","3.33","3"
"2014","53061052803","6.36","5"
"2014","53061052804","6.36","5"
"2014","53061052805","10.57","7"
"2014","53061052806","10.57","7"
"2014","53061052903","10.57","7"
"2014","53061052904","10.57","7"
"2014","53061052905","10.57","7"
"2014","53061052906","10.57","7"
"2014","53061053101","5.59","5"
"2014","53061053102","5.59","5"
"2014","53061053201","2.2","2"
"2014","53061053202","0.86","1"
"2014","53061053301","2.2","2"
"2014","53061053302","3.02","3"
"2014","53061053400","3.42","3"
"2014","53061053504","2.72","3"
"2014","53061053505","2.72","3"
"2014","53061053506","1.19","1"
"2014","53061053507","2.72","3"
"2014","53061053508","3.42","3"
"2014","53061053509","5.59","5"
"2014","53061053602","0.62","1"
"2014","53061053603","2.11","2"
"2014","53061053604","1.41","2"
"2014","53061053700","0.41","1"
"2014","53061053801","5.06","4"
"2014","53061053802","1.44","2"
"2014","53061053803","1.29","2"
"2014","53061940001","10.57","7"
"2014","53061940002","1.06","1"
"2014","53061990002","68.18","10"
"2014","53061990100","1.4","2"
"2014","53063000200","8.82","6"
"2014","53063000300","8.82","6"
"2014","53063000400","8.82","6"
"2014","53063000500","8.82","6"
"2014","53063000600","8.82","6"
"2014","53063000700","3.61","3"
"2014","53063000800","3.61","3"
"2014","53063000900","3.69","3"
"2014","53063001000","3.69","3"
"2014","53063001100","3.69","3"
"2014","53063001200","11.83","8"
"2014","53063001300","11.83","8"
"2014","53063001400","11.83","8"
"2014","53063001500","11.83","8"
"2014","53063001600","11.83","8"
"2014","53063001800","11.83","8"
"2014","53063001900","11.83","8"
"2014","53063002000","11.83","8"
"2014","53063002100","3.69","3"
"2014","53063002300","6.14","5"
"2014","53063002400","17.75","9"
"2014","53063002500","17.75","9"
"2014","53063002600","11.83","8"
"2014","53063002900","11.2","7"
"2014","53063003000","17.75","9"
"2014","53063003100","17.75","9"
"2014","53063003200","17.75","9"
"2014","53063003500","17.75","9"
"2014","53063003600","17.75","9"
"2014","53063003800","6.14","5"
"2014","53063003900","17.75","9"
"2014","53063004000","17.75","9"
"2014","53063004100","17.75","9"
"2014","53063004200","17.75","9"
"2014","53063004300","17.75","9"
"2014","53063004400","17.75","9"
"2014","53063004500","17.75","9"
"2014","53063004601","17.75","9"
"2014","53063004602","11.2","7"
"2014","53063004700","17.75","9"
"2014","53063004800","3.86","3"
"2014","53063004900","4.05","3"
"2014","53063005000","4.05","3"
"2014","53063010100","2.88","3"
"2014","53063010201","0.89","1"
"2014","53063010202","2.03","2"
"2014","53063010301","0.81","1"
"2014","53063010303","1.05","1"
"2014","53063010304","0.88","1"
"2014","53063010305","1.72","2"
"2014","53063010401","2.43","3"
"2014","53063010402","1.55","2"
"2014","53063010501","5.03","4"
"2014","53063010503","5.03","4"
"2014","53063010504","2.01","2"
"2014","53063010601","3.69","3"
"2014","53063010602","3.61","3"
"2014","53063010700","8.82","6"
"2014","53063010800","5.03","4"
"2014","53063010900","8.82","6"
"2014","53063011000","8.82","6"
"2014","53063011101","8.82","6"
"2014","53063011102","8.82","6"
"2014","53063011201","8.82","6"
"2014","53063011202","5.03","4"
"2014","53063011300","11.03","7"
"2014","53063011400","11.03","7"
"2014","53063011500","9.53","7"
"2014","53063011600","11.03","7"
"2014","53063011701","11.03","7"
"2014","53063011702","11.03","7"
"2014","53063011800","11.03","7"
"2014","53063011900","11.03","7"
"2014","53063012000","11.03","7"
"2014","53063012100","9.53","7"
"2014","53063012200","11.2","7"
"2014","53063012300","11.2","7"
"2014","53063012401","5.42","5"
"2014","53063012402","4.89","4"
"2014","53063012500","5.42","5"
"2014","53063012600","11.03","7"
"2014","53063012701","11.03","7"
"2014","53063012702","4.89","4"
"2014","53063012801","4.89","4"
"2014","53063012802","5.42","5"
"2014","53063012901","11.03","7"
"2014","53063012902","11.03","7"
"2014","53063013000","9.12","6"
"2014","53063013100","9.12","6"
"2014","53063013201","9.12","6"
"2014","53063013202","4.21","4"
"2014","53063013300","5.42","5"
"2014","53063013401","11.2","7"
"2014","53063013500","4.05","3"
"2014","53063013600","6.14","5"
"2014","53063013700","6.14","5"
"2014","53063013800","1.55","2"
"2014","53063013900","1.04","1"
"2014","53063014001","2.15","2"
"2014","53063014002","3.01","3"
"2014","53063014100","3.01","3"
"2014","53063014200","3.01","3"
"2014","53063014300","0.75","1"
"2014","53063014400","8.09","6"
"2014","53063014500","17.75","9"
"2014","53065941000","0.14","1"
"2014","53065950100","0.64","1"
"2014","53065950200","1.11","1"
"2014","53065950300","1.11","1"
"2014","53065950500","1.11","1"
"2014","53065950600","1.11","1"
"2014","53065950700","0.71","1"
"2014","53065950800","0.71","1"
"2014","53065950900","0.1","1"
"2014","53065951100","0.52","1"
"2014","53065951300","0.74","1"
"2014","53065951400","0.54","1"
"2014","53067010100","12.06","8"
"2014","53067010200","9.33","6"
"2014","53067010300","9.33","6"
"2014","53067010400","12.06","8"
"2014","53067010510","5.6","5"
"2014","53067010520","12.06","8"
"2014","53067010600","5.6","5"
"2014","53067010700","9.33","6"
"2014","53067010800","12.06","8"
"2014","53067010910","12.06","8"
"2014","53067010920","12.06","8"
"2014","53067011000","12.06","8"
"2014","53067011100","5.6","5"
"2014","53067011200","9.33","6"
"2014","53067011300","9.33","6"
"2014","53067011410","7.93","6"
"2014","53067011420","5.2","4"
"2014","53067011500","7.93","6"
"2014","53067011610","7.93","6"
"2014","53067011621","5.2","4"
"2014","53067011622","5.2","4"
"2014","53067011623","5.2","4"
"2014","53067011624","5.2","4"
"2014","53067011710","5","4"
"2014","53067011720","5","4"
"2014","53067011810","3.12","3"
"2014","53067011821","4.43","4"
"2014","53067011822","4.43","4"
"2014","53067011900","3.91","3"
"2014","53067012000","3.91","3"
"2014","53067012100","0.88","1"
"2014","53067012211","7.93","6"
"2014","53067012212","9.33","6"
"2014","53067012221","7.93","6"
"2014","53067012222","6.67","5"
"2014","53067012310","6.67","5"
"2014","53067012320","6.67","5"
"2014","53067012330","6.67","5"
"2014","53067012411","2.42","3"
"2014","53067012412","2.42","3"
"2014","53067012420","4.72","4"
"2014","53067012510","0.37","1"
"2014","53067012520","2.42","3"
"2014","53067012530","1","1"
"2014","53067012610","4.72","4"
"2014","53067012620","2.2","2"
"2014","53067012710","3.42","3"
"2014","53067012720","3.42","3"
"2014","53067012730","2.99","3"
"2014","53067990100","4.5","4"
"2014","53069950100","0.51","1"
"2014","53071920000","2.16","2"
"2014","53071920100","0.65","1"
"2014","53071920200","5.48","5"
"2014","53071920300","2.02","2"
"2014","53071920400","1.89","2"
"2014","53071920500","5.48","5"
"2014","53071920600","5.48","5"
"2014","53071920701","5.48","5"
"2014","53071920702","5.48","5"
"2014","53071920801","5.48","5"
"2014","53071920802","5.48","5"
"2014","53071920900","5.48","5"
"2014","53073000100","9.41","6"
"2014","53073000200","4.3","4"
"2014","53073000300","9.41","6"
"2014","53073000400","9.41","6"
"2014","53073000501","9.41","6"
"2014","53073000502","9.41","6"
"2014","53073000600","9.41","6"
"2014","53073000700","9.41","6"
"2014","53073000803","9.41","6"
"2014","53073000804","2.74","3"
"2014","53073000805","2.74","3"
"2014","53073000806","1.46","2"
"2014","53073000901","9.41","6"
"2014","53073000902","8.17","6"
"2014","53073001000","8.17","6"
"2014","53073001100","8.17","6"
"2014","53073001201","8.17","6"
"2014","53073001202","8.17","6"
"2014","53073010100","0.83","1"
"2014","53073010200","2.31","2"
"2014","53073010301","2.86","3"
"2014","53073010302","2.31","2"
"2014","53073010303","2.31","2"
"2014","53073010401","2.56","3"
"2014","53073010403","2.56","3"
"2014","53073010404","8.41","6"
"2014","53073010501","8.41","6"
"2014","53073010502","3.97","3"
"2014","53073010600","3.97","3"
"2014","53073010701","2.31","2"
"2014","53073010702","1.05","1"
"2014","53073010900","0.52","1"
"2014","53073011000","0.57","1"
"2014","53073940000","1.96","2"
"2014","53075000100","4.18","4"
"2014","53075000200","1.73","2"
"2014","53075000300","1.73","2"
"2014","53075000400","4.18","4"
"2014","53075000500","4.18","4"
"2014","53075000600","4.18","4"
"2014","53075000700","0.65","1"
"2014","53075000800","0.73","1"
"2014","53075000900","0.59","1"
"2014","53075001000","0.52","1"
"2014","53077000100","5.26","4"
"2014","53077000200","5.26","4"
"2014","53077000300","5.26","4"
"2014","53077000400","2.29","2"
"2014","53077000500","5.26","4"
"2014","53077000600","5.26","4"
"2014","53077000700","5.26","4"
"2014","53077000800","5.26","4"
"2014","53077000901","2.93","3"
"2014","53077000902","2.93","3"
"2014","53077001000","4.7","4"
"2014","53077001100","4.7","4"
"2014","53077001201","4.7","4"
"2014","53077001202","4.7","4"
"2014","53077001300","4.7","4"
"2014","53077001400","4.7","4"
"2014","53077001501","5.26","4"
"2014","53077001502","4.7","4"
"2014","53077001601","5.26","4"
"2014","53077001602","5.26","4"
"2014","53077001701","2.27","2"
"2014","53077001702","3.63","3"
"2014","53077001800","2.65","3"
"2014","53077001901","1.83","2"
"2014","53077001902","1.82","2"
"2014","53077002001","2.65","3"
"2014","53077002002","2.65","3"
"2014","53077002101","0.76","1"
"2014","53077002102","2.65","3"
"2014","53077002200","1.99","2"
"2014","53077002701","1.76","2"
"2014","53077002801","1.93","2"
"2014","53077002802","2.93","3"
"2014","53077002900","2.29","2"
"2014","53077003001","1.16","1"
"2014","53077003002","1.38","2"
"2014","53077003100","2.27","2"
"2014","53077003200","5.26","4"
"2014","53077003400","5.26","4"
"2014","53077940001","2.64","3"
"2014","53077940002","2.07","2"
"2014","53077940003","2.64","3"
"2014","53077940004","1.98","2"
"2014","53077940005","1.99","2"
"2014","53077940006","1.99","2"


"Diesel Exhaust PM2.5 Emissions"
"Geography: Census Tract, Year: 2014"
"Created: 12/19/2023"

"""**"" indicates data suppression to protect confidentiality."

"""--"" indicates no data collected."

"""NR"" indicates data are not reliable."
