County Name,Census_Tract,# Units w/ Lead Hazard (Estimated),# Total Housing Units,% Units w/ Lead Hazard (Estimated),IBL Ranking
n/a,State Total,441881,3106528,14.22,7
Adams,53001950100,440,1164,37.76,10
Adams,53001950200,297,791,37.61,10
Adams,53001950300,111,1827,6.09,3
Adams,53001950400,174,1045,16.7,7
Adams,53001950500,269,1781,15.13,7
Asotin,53003960100,253,2003,12.61,6
Asotin,53003960200,168,2144,7.82,4
Asotin,53003960300,483,1660,29.11,9
Asotin,53003960400,272,1034,26.27,9
Asotin,53003960500,510,1644,31.02,9
Asotin,53003960600,169,1558,10.85,5
Benton,53005010100,376,1905,19.74,8
Benton,53005010201,204,2173,9.38,5
Benton,53005010202,408,3190,12.78,6
Benton,53005010300,656,2426,27.02,9
Benton,53005010400,582,1564,37.23,10
Benton,53005010500,414,1169,35.4,10
Benton,53005010600,469,1863,25.18,9
Benton,53005010701,13,877,1.43,1
Benton,53005010703,131,1188,10.99,5
Benton,53005010705,54,1826,2.96,1
Benton,53005010707,21,1082,1.96,1
Benton,53005010708,91,1377,6.59,3
Benton,53005010803,52,3492,1.49,1
Benton,53005010805,59,2934,2,1
Benton,53005010807,2,508,0.36,1
Benton,53005010809,59,2794,2.11,1
Benton,53005010810,53,2265,2.36,1
Benton,53005010811,23,1566,1.44,1
Benton,53005010813,99,5296,1.87,1
Benton,53005010814,18,1506,1.18,1
Benton,53005010901,389,2645,14.69,7
Benton,53005010902,207,1876,11.03,5
Benton,53005011001,267,2253,11.86,6
Benton,53005011002,293,2048,14.31,7
Benton,53005011100,490,2823,17.35,7
Benton,53005011200,585,2860,20.45,8
Benton,53005011300,610,1785,34.2,10
Benton,53005011401,241,1419,16.95,7
Benton,53005011402,289,1954,14.78,7
Benton,53005011501,262,2489,10.52,5
Benton,53005011503,111,4009,2.76,1
Benton,53005011504,39,1024,3.82,2
Benton,53005011600,35,373,9.49,5
Benton,53005011700,633,3066,20.65,8
Benton,53005011800,465,2273,20.45,8
Benton,53005011900,288,2343,12.27,6
Chelan,53007960100,252,1437,17.55,7
Chelan,53007960200,525,6012,8.74,5
Chelan,53007960300,755,4589,16.46,7
Chelan,53007960400,347,2646,13.12,6
Chelan,53007960500,652,3096,21.07,8
Chelan,53007960600,438,1598,27.39,9
Chelan,53007960700,127,1579,8.02,4
Chelan,53007960801,132,1094,12.04,6
Chelan,53007960802,432,3458,12.48,6
Chelan,53007961000,1218,2870,42.45,10
Chelan,53007961100,943,3648,25.85,9
Chelan,53007961200,126,1796,7.02,4
Chelan,53007961301,73,583,12.58,6
Chelan,53007961302,453,3287,13.79,6
Clallam,53009000200,80,677,11.87,6
Clallam,53009000300,296,2083,14.2,7
Clallam,53009000400,97,952,10.22,5
Clallam,53009000600,208,1998,10.42,5
Clallam,53009000700,176,1587,11.11,6
Clallam,53009000800,400,2060,19.4,8
Clallam,53009000900,593,1559,38.04,10
Clallam,53009001000,523,1289,40.57,10
Clallam,53009001100,303,1440,21.01,8
Clallam,53009001200,452,1944,23.27,8
Clallam,53009001300,233,1620,14.37,7
Clallam,53009001400,206,2229,9.23,5
Clallam,53009001500,83,1054,7.85,4
Clallam,53009001600,93,1687,5.52,3
Clallam,53009001700,180,2554,7.06,4
Clallam,53009001800,90,1278,7.01,4
Clallam,53009001900,175,3226,5.43,3
Clallam,53009002000,138,2982,4.62,2
Clallam,53009002100,155,1834,8.47,4
Clallam,53009002300,117,2502,4.69,2
Clallam,53009940000,36,555,6.5,3
Clark,53011040101,158,1780,8.9,5
Clark,53011040102,148,1239,11.98,6
Clark,53011040201,239,2521,9.49,5
Clark,53011040202,171,1433,11.91,6
Clark,53011040203,140,2024,6.89,4
Clark,53011040301,51,698,7.31,4
Clark,53011040302,235,3168,7.41,4
Clark,53011040403,183,1498,12.21,6
Clark,53011040407,121,2297,5.26,3
Clark,53011040408,77,1281,6.04,3
Clark,53011040409,50,858,5.84,3
Clark,53011040411,35,1212,2.86,1
Clark,53011040412,73,2027,3.62,2
Clark,53011040413,13,1279,1.01,1
Clark,53011040414,70,2096,3.33,2
Clark,53011040415,38,1505,2.54,1
Clark,53011040416,50,1221,4.1,2
Clark,53011040504,101,1514,6.66,3
Clark,53011040505,150,2025,7.43,4
Clark,53011040507,84,870,9.7,5
Clark,53011040508,151,2562,5.88,3
Clark,53011040509,371,1340,27.69,9
Clark,53011040510,90,2168,4.16,2
Clark,53011040511,37,771,4.85,2
Clark,53011040603,119,1735,6.86,4
Clark,53011040604,55,1956,2.8,1
Clark,53011040605,195,2180,8.93,5
Clark,53011040608,18,1608,1.12,1
Clark,53011040609,2,1595,0.16,1
Clark,53011040610,44,1282,3.46,2
Clark,53011040703,98,2268,4.31,2
Clark,53011040706,65,1487,4.4,2
Clark,53011040707,62,1157,5.39,3
Clark,53011040709,44,1693,2.63,1
Clark,53011040710,195,3419,5.71,3
Clark,53011040711,41,1125,3.66,2
Clark,53011040712,21,2015,1.04,1
Clark,53011040803,129,1962,6.59,3
Clark,53011040805,161,2842,5.65,3
Clark,53011040806,76,1648,4.6,2
Clark,53011040808,53,666,7.94,4
Clark,53011040809,61,2220,2.77,1
Clark,53011040810,67,1279,5.21,3
Clark,53011040904,198,2569,7.71,4
Clark,53011040905,175,1307,13.37,6
Clark,53011040907,45,2187,2.04,1
Clark,53011040908,174,2436,7.14,4
Clark,53011040909,81,2284,3.56,2
Clark,53011040910,68,1511,4.47,2
Clark,53011041003,326,1707,19.07,8
Clark,53011041005,218,1050,20.8,8
Clark,53011041007,226,1395,16.18,7
Clark,53011041008,118,1496,7.9,4
Clark,53011041009,159,1817,8.75,5
Clark,53011041010,136,1918,7.07,4
Clark,53011041011,255,1389,18.38,7
Clark,53011041104,84,1425,5.87,3
Clark,53011041105,188,2312,8.14,4
Clark,53011041107,42,1093,3.87,2
Clark,53011041108,71,3317,2.15,1
Clark,53011041110,263,2551,10.32,5
Clark,53011041111,98,1447,6.76,4
Clark,53011041112,199,2537,7.85,4
Clark,53011041201,253,2959,8.54,4
Clark,53011041203,146,1974,7.42,4
Clark,53011041205,107,2218,4.84,2
Clark,53011041206,189,2123,8.91,5
Clark,53011041309,106,1997,5.32,3
Clark,53011041310,47,2508,1.87,1
Clark,53011041312,27,1910,1.44,1
Clark,53011041313,30,1141,2.63,1
Clark,53011041317,97,2516,3.84,2
Clark,53011041318,89,2257,3.95,2
Clark,53011041319,46,2230,2.07,1
Clark,53011041320,73,2304,3.16,2
Clark,53011041321,16,1040,1.52,1
Clark,53011041322,97,2030,4.76,2
Clark,53011041323,63,2305,2.73,1
Clark,53011041325,52,1992,2.62,1
Clark,53011041326,17,823,2.1,1
Clark,53011041327,45,2759,1.62,1
Clark,53011041328,20,2681,0.75,1
Clark,53011041329,37,2105,1.74,1
Clark,53011041330,84,1637,5.11,3
Clark,53011041331,26,1025,2.52,1
Clark,53011041332,58,1234,4.68,2
Clark,53011041333,33,1096,3.03,2
Clark,53011041400,456,2348,19.4,8
Clark,53011041500,424,1155,36.68,10
Clark,53011041600,128,1420,8.98,5
Clark,53011041700,356,1675,21.28,8
Clark,53011041800,554,1726,32.07,9
Clark,53011041900,377,1044,36.14,10
Clark,53011042000,283,728,38.92,10
Clark,53011042100,470,1340,35.06,10
Clark,53011042300,564,1702,33.12,9
Clark,53011042400,109,916,11.87,6
Clark,53011042500,279,864,32.33,9
Clark,53011042600,464,3015,15.38,7
Clark,53011042700,331,2221,14.9,7
Clark,53011042800,384,1312,29.25,9
Clark,53011042900,63,646,9.79,5
Clark,53011043000,156,734,21.31,8
Clark,53011043100,444,1760,25.25,9
Columbia,53013960200,711,2168,32.79,9
Cowlitz,53015000300,31,312,9.94,5
Cowlitz,53015000400,707,2088,33.87,10
Cowlitz,53015000501,585,1226,47.69,10
Cowlitz,53015000502,815,1916,42.55,10
Cowlitz,53015000601,317,1881,16.87,7
Cowlitz,53015000602,493,1363,36.15,10
Cowlitz,53015000702,377,1220,30.92,9
Cowlitz,53015000703,43,763,5.67,3
Cowlitz,53015000704,273,3111,8.78,5
Cowlitz,53015000800,588,2884,20.4,8
Cowlitz,53015000900,315,2716,11.59,6
Cowlitz,53015001000,260,585,44.49,10
Cowlitz,53015001100,756,2248,33.63,10
Cowlitz,53015001200,291,1833,15.85,7
Cowlitz,53015001300,415,1510,27.5,9
Cowlitz,53015001501,213,1579,13.47,6
Cowlitz,53015001502,375,3303,11.36,6
Cowlitz,53015001600,341,2949,11.56,6
Cowlitz,53015001700,142,2009,7.05,4
Cowlitz,53015001800,92,801,11.54,6
Cowlitz,53015001900,225,2069,10.89,5
Cowlitz,53015002001,316,1596,19.81,8
Cowlitz,53015002002,446,2621,17.03,7
Cowlitz,53015002100,539,2128,25.31,9
Douglas,53017950100,541,3203,16.9,7
Douglas,53017950200,486,1442,33.7,10
Douglas,53017950300,241,2691,8.97,5
Douglas,53017950400,231,3114,7.42,4
Douglas,53017950500,192,1466,13.07,6
Douglas,53017950600,139,1542,9.02,5
Douglas,53017950700,238,1607,14.84,7
Douglas,53017950800,239,1937,12.34,6
Ferry,53019940000,103,1010,10.18,5
Ferry,53019970100,220,1562,14.1,7
Ferry,53019970200,266,1954,13.62,6
Franklin,53021020100,257,2714,9.47,5
Franklin,53021020200,604,1843,32.75,9
Franklin,53021020300,370,1592,23.22,8
Franklin,53021020400,533,2903,18.36,7
Franklin,53021020501,82,1944,4.23,2
Franklin,53021020502,374,3585,10.43,5
Franklin,53021020601,137,3622,3.78,2
Franklin,53021020603,25,1248,1.97,1
Franklin,53021020605,93,3044,3.05,2
Franklin,53021020606,18,2628,0.68,1
Franklin,53021020700,80,516,15.43,7
Franklin,53021020800,428,2424,17.66,7
Garfield,53023970300,455,1243,36.63,10
Grant,53025010100,477,2233,21.35,8
Grant,53025010200,214,1279,16.77,7
Grant,53025010300,413,2177,18.96,8
Grant,53025010400,840,3268,25.71,9
Grant,53025010500,194,1907,10.19,5
Grant,53025010600,320,2040,15.69,7
Grant,53025010700,120,1639,7.29,4
Grant,53025010800,414,1550,26.68,9
Grant,53025010901,35,551,6.35,3
Grant,53025010902,494,4372,11.3,6
Grant,53025011000,536,4835,11.08,6
Grant,53025011100,419,3347,12.51,6
Grant,53025011200,115,2164,5.32,3
Grant,53025011300,160,1357,11.76,6
Grant,53025011401,32,839,3.86,2
Grant,53025011402,235,3918,5.99,3
Grays Harbor,53027000200,357,7144,4.99,3
Grays Harbor,53027000300,345,1568,21.97,8
Grays Harbor,53027000400,599,2931,20.45,8
Grays Harbor,53027000500,516,3051,16.91,7
Grays Harbor,53027000600,283,1616,17.51,7
Grays Harbor,53027000700,300,1920,15.64,7
Grays Harbor,53027000800,395,1799,21.97,8
Grays Harbor,53027000900,668,2682,24.9,9
Grays Harbor,53027001000,697,1598,43.59,10
Grays Harbor,53027001100,764,1926,39.66,10
Grays Harbor,53027001200,861,1793,48.04,10
Grays Harbor,53027001300,570,1672,34.1,10
Grays Harbor,53027001400,370,1013,36.5,10
Grays Harbor,53027001500,782,1977,39.57,10
Grays Harbor,53027001600,379,3213,11.8,6
Grays Harbor,53027940000,40,370,10.68,5
Island,53029970100,108,1283,8.4,4
Island,53029970200,23,174,13.28,6
Island,53029970300,200,2409,8.32,4
Island,53029970400,247,2652,9.33,5
Island,53029970500,171,2678,6.4,3
Island,53029970601,68,1574,4.3,2
Island,53029970602,94,1542,6.07,3
Island,53029970700,132,1156,11.39,6
Island,53029970800,229,1160,19.75,8
Island,53029970900,101,1658,6.1,3
Island,53029971000,248,2613,9.48,5
Island,53029971100,198,1966,10.09,5
Island,53029971300,293,3220,9.11,5
Island,53029971400,263,2380,11.03,5
Island,53029971500,201,1985,10.14,5
Island,53029971600,141,1994,7.05,4
Island,53029971700,135,2612,5.18,3
Island,53029971800,215,1980,10.86,5
Island,53029971900,154,2447,6.3,3
Island,53029972000,263,2313,11.37,6
Island,53029972100,245,2106,11.62,6
Jefferson,53031950202,196,1302,15.08,7
Jefferson,53031950300,187,3947,4.73,2
Jefferson,53031950400,207,2264,9.14,5
Jefferson,53031950500,220,3921,5.62,3
Jefferson,53031950601,763,3785,20.16,8
Jefferson,53031950602,117,1679,6.95,4
Jefferson,53031950702,153,1720,8.9,5
King,53033000100,437,4271,10.24,5
King,53033000200,786,3908,20.11,8
King,53033000300,318,1257,25.27,9
King,53033000401,397,4189,9.47,5
King,53033000402,497,2490,19.95,8
King,53033000500,439,1414,31.06,9
King,53033000600,765,3663,20.88,8
King,53033000700,529,2465,21.44,8
King,53033000800,317,1147,27.67,9
King,53033000900,298,958,31.1,9
King,53033001000,214,777,27.56,9
King,53033001100,349,1099,31.79,9
King,53033001200,475,4037,11.77,6
King,53033001300,419,2477,16.92,7
King,53033001400,730,2489,29.34,9
King,53033001500,429,1154,37.15,10
King,53033001600,605,1920,31.51,9
King,53033001701,424,2188,19.38,8
King,53033001702,589,2421,24.32,8
King,53033001800,372,2358,15.76,7
King,53033001900,625,2383,26.24,9
King,53033002000,607,1674,36.27,10
King,53033002100,486,1921,25.3,9
King,53033002200,537,2452,21.9,8
King,53033002400,461,1354,34.02,10
King,53033002500,428,1333,32.08,9
King,53033002600,1053,2091,50.37,10
King,53033002700,1201,2496,48.1,10
King,53033002800,1020,2391,42.67,10
King,53033002900,984,2101,46.85,10
King,53033003000,1269,2751,46.11,10
King,53033003100,1347,2849,47.29,10
King,53033003200,1410,4772,29.55,9
King,53033003300,941,3712,25.35,9
King,53033003400,628,1630,38.54,10
King,53033003500,1017,1962,51.85,10
King,53033003600,828,4388,18.86,8
King,53033003800,296,950,31.13,9
King,53033003900,429,1257,34.15,10
King,53033004000,272,1497,18.15,7
King,53033004100,1020,3087,33.04,9
King,53033004200,1364,3478,39.22,10
King,53033004301,683,1553,43.95,10
King,53033004302,209,1809,11.55,6
King,53033004400,986,3080,32.02,9
King,53033004500,630,1098,57.34,10
King,53033004600,776,1544,50.28,10
King,53033004700,664,6375,10.41,5
King,53033004800,881,2471,35.66,10
King,53033004900,974,3918,24.86,9
King,53033005000,477,2328,20.5,8
King,53033005100,901,1855,48.56,10
King,53033005200,728,3622,20.09,8
King,53033005301,701,3750,18.68,8
King,53033005302,56,159,35.47,10
King,53033005400,821,3716,22.09,8
King,53033005600,1194,2882,41.44,10
King,53033005700,997,3071,32.47,9
King,53033005801,405,3067,13.21,6
King,53033005802,438,3319,13.21,6
King,53033005900,973,2965,32.83,9
King,53033006000,894,2970,30.1,9
King,53033006100,1022,3365,30.37,9
King,53033006200,956,1688,56.63,10
King,53033006300,1012,2917,34.71,10
King,53033006400,703,1397,50.35,10
King,53033006500,1041,2715,38.33,10
King,53033006600,603,2506,24.07,8
King,53033006700,739,6071,12.17,6
King,53033006800,742,1570,47.26,10
King,53033006900,1008,2366,42.61,10
King,53033007000,1897,5518,34.39,10
King,53033007100,451,3599,12.52,6
King,53033007200,579,7255,7.99,4
King,53033007300,454,6238,7.28,4
King,53033007401,900,4071,22.11,8
King,53033007402,960,4048,23.71,8
King,53033007500,1584,6757,23.45,8
King,53033007600,862,2400,35.92,10
King,53033007700,612,2618,23.36,8
King,53033007800,1087,2401,45.29,10
King,53033007900,942,3864,24.39,9
King,53033008001,345,5455,6.33,3
King,53033008002,581,3224,18.01,7
King,53033008100,762,3775,20.19,8
King,53033008200,929,3658,25.39,9
King,53033008300,688,2359,29.15,9
King,53033008400,875,4058,21.57,8
King,53033008500,505,2160,23.36,8
King,53033008600,479,2817,16.99,7
King,53033008700,656,2090,31.37,9
King,53033008800,774,1790,43.22,10
King,53033008900,711,2618,27.15,9
King,53033009000,250,2042,12.25,6
King,53033009100,592,1773,33.4,9
King,53033009200,828,2105,39.31,10
King,53033009300,409,1670,24.52,9
King,53033009400,664,3146,21.11,8
King,53033009500,1203,2935,40.99,10
King,53033009600,948,3224,29.4,9
King,53033009701,809,3201,25.26,9
King,53033009702,902,2439,36.97,10
King,53033009800,1272,3349,37.99,10
King,53033009900,763,3226,23.65,8
King,53033010001,443,1796,24.67,9
King,53033010002,937,2087,44.9,10
King,53033010100,825,3433,24.03,8
King,53033010200,770,2163,35.61,10
King,53033010300,845,3142,26.88,9
King,53033010401,428,1609,26.61,9
King,53033010402,589,1845,31.91,9
King,53033010500,937,5033,18.62,8
King,53033010600,1416,4068,34.81,10
King,53033010701,165,1693,9.76,5
King,53033010702,124,1734,7.15,4
King,53033010800,320,1945,16.47,7
King,53033010900,315,718,43.84,10
King,53033011001,188,1789,10.49,5
King,53033011002,289,1416,20.39,8
King,53033011101,561,2089,26.86,9
King,53033011102,496,1757,28.24,9
King,53033011200,459,1521,30.16,9
King,53033011300,727,3100,23.44,8
King,53033011401,350,1978,17.67,7
King,53033011402,428,2080,20.57,8
King,53033011500,885,2103,42.06,10
King,53033011600,1133,3217,35.23,10
King,53033011700,485,1881,25.8,9
King,53033011800,951,3295,28.87,9
King,53033011900,934,2808,33.25,9
King,53033012000,606,1619,37.44,10
King,53033012100,399,1287,31.03,9
King,53033020100,296,1310,22.61,8
King,53033020200,416,2258,18.4,7
King,53033020300,366,3262,11.21,6
King,53033020401,290,1540,18.86,8
King,53033020402,295,2249,13.1,6
King,53033020500,666,2958,22.5,8
King,53033020600,359,1328,27.03,9
King,53033020700,257,1581,16.23,7
King,53033020800,376,1787,21.03,8
King,53033020900,314,1511,20.76,8
King,53033021000,556,2363,23.53,8
King,53033021100,502,1604,31.29,9
King,53033021300,353,1842,19.17,8
King,53033021400,443,1436,30.86,9
King,53033021500,286,1780,16.05,7
King,53033021600,216,2074,10.4,5
King,53033021700,274,3768,7.28,4
King,53033021802,53,2329,2.27,1
King,53033021803,210,2278,9.24,5
King,53033021804,133,2309,5.75,3
King,53033021903,162,2651,6.1,3
King,53033021904,86,1910,4.52,2
King,53033021905,74,2271,3.24,2
King,53033021906,62,1762,3.51,2
King,53033022001,101,2473,4.09,2
King,53033022003,115,1976,5.84,3
King,53033022005,102,2252,4.51,2
King,53033022006,153,1833,8.35,4
King,53033022101,207,1919,10.78,5
King,53033022102,235,2411,9.77,5
King,53033022201,117,1763,6.61,3
King,53033022202,200,3575,5.59,3
King,53033022203,166,2000,8.32,4
King,53033022300,136,1121,12.17,6
King,53033022400,483,4217,11.46,6
King,53033022500,419,4278,9.78,5
King,53033022603,144,2604,5.54,3
King,53033022604,159,1890,8.43,4
King,53033022605,89,2689,3.3,2
King,53033022606,210,2445,8.6,4
King,53033022701,114,1879,6.07,3
King,53033022702,136,1409,9.64,5
King,53033022703,80,944,8.5,4
King,53033022801,241,4196,5.75,3
King,53033022802,121,2169,5.6,3
King,53033022803,80,2858,2.79,1
King,53033022901,133,1027,12.99,6
King,53033022902,192,2732,7.04,4
King,53033023000,172,2424,7.08,4
King,53033023100,264,1507,17.5,7
King,53033023201,284,2911,9.77,5
King,53033023202,200,1998,10.01,5
King,53033023300,629,2440,25.76,9
King,53033023401,222,1602,13.88,6
King,53033023403,183,1696,10.79,5
King,53033023404,88,1245,7.09,4
King,53033023500,239,1603,14.92,7
King,53033023601,142,1952,7.27,4
King,53033023603,162,2754,5.87,3
King,53033023604,239,2827,8.44,4
King,53033023700,135,1838,7.32,4
King,53033023801,190,1568,12.09,6
King,53033023803,53,3747,1.42,1
King,53033023804,54,5485,0.99,1
King,53033023900,405,3058,13.25,6
King,53033024000,625,3731,16.75,7
King,53033024100,247,1897,13.03,6
King,53033024200,235,1266,18.52,8
King,53033024300,593,4441,13.34,6
King,53033024400,327,1567,20.85,8
King,53033024500,326,1877,17.36,7
King,53033024601,209,1747,11.95,6
King,53033024602,120,1369,8.79,5
King,53033024701,252,1549,16.29,7
King,53033024702,178,3048,5.83,3
King,53033024800,463,2348,19.71,8
King,53033024901,153,1868,8.21,4
King,53033024902,135,1432,9.44,5
King,53033024903,77,2469,3.12,2
King,53033025001,137,2001,6.84,4
King,53033025003,55,2805,1.95,1
King,53033025005,24,2200,1.08,1
King,53033025006,41,2551,1.59,1
King,53033025101,141,2159,6.51,3
King,53033025102,154,3015,5.09,3
King,53033025200,438,3292,13.3,6
King,53033025301,414,3255,12.71,6
King,53033025302,354,3007,11.78,6
King,53033025400,427,3187,13.41,6
King,53033025500,240,2040,11.74,6
King,53033025601,82,2031,4.04,2
King,53033025602,100,2202,4.56,2
King,53033025701,232,3116,7.44,4
King,53033025702,99,1300,7.65,4
King,53033025803,210,1828,11.5,6
King,53033025804,194,1300,14.92,7
King,53033025805,137,2225,6.16,3
King,53033025806,191,1935,9.86,5
King,53033026001,730,2256,32.35,9
King,53033026002,570,3223,17.67,7
King,53033026100,618,3096,19.97,8
King,53033026200,302,2414,12.52,6
King,53033026300,181,600,30.19,9
King,53033026400,490,2600,18.83,8
King,53033026500,303,1639,18.48,7
King,53033026600,246,923,26.68,9
King,53033026700,661,2241,29.51,9
King,53033026801,575,2346,24.52,9
King,53033026802,408,2044,19.97,8
King,53033027000,387,1242,31.19,9
King,53033027100,325,1397,23.26,8
King,53033027200,257,919,28,9
King,53033027300,468,1959,23.89,8
King,53033027400,563,1932,29.14,9
King,53033027500,578,1921,30.07,9
King,53033027600,465,1862,24.97,9
King,53033027701,519,2829,18.34,7
King,53033027702,592,2812,21.07,8
King,53033027800,476,1486,32.04,9
King,53033027900,677,3411,19.85,8
King,53033028000,187,1662,11.25,6
King,53033028100,140,846,16.54,7
King,53033028200,288,1929,14.91,7
King,53033028300,342,2150,15.92,7
King,53033028402,339,1879,18.03,7
King,53033028403,370,2341,15.79,7
King,53033028500,258,1840,14.01,6
King,53033028600,532,2994,17.76,7
King,53033028700,464,1960,23.65,8
King,53033028801,179,888,20.17,8
King,53033028802,201,2390,8.4,4
King,53033028901,203,1669,12.17,6
King,53033028902,204,2698,7.55,4
King,53033029001,220,2144,10.24,5
King,53033029003,204,2291,8.9,5
King,53033029004,204,1395,14.64,7
King,53033029101,52,1345,3.84,2
King,53033029102,224,1545,14.47,7
King,53033029203,248,1462,16.94,7
King,53033029204,157,2545,6.17,3
King,53033029205,31,2231,1.41,1
King,53033029206,66,2135,3.11,2
King,53033029303,153,3247,4.71,2
King,53033029304,104,2040,5.07,3
King,53033029305,121,1411,8.59,4
King,53033029306,49,1414,3.44,2
King,53033029307,62,1359,4.55,2
King,53033029403,90,2051,4.41,2
King,53033029405,69,1822,3.79,2
King,53033029406,54,1630,3.34,2
King,53033029407,184,1650,11.18,6
King,53033029408,90,1589,5.68,3
King,53033029502,87,2290,3.79,2
King,53033029503,175,3230,5.42,3
King,53033029504,91,2303,3.94,2
King,53033029601,93,2274,4.1,2
King,53033029602,59,2026,2.9,1
King,53033029700,489,3161,15.47,7
King,53033029801,223,3169,7.02,4
King,53033029802,331,3287,10.07,5
King,53033029901,133,1589,8.39,4
King,53033029902,100,1669,5.98,3
King,53033030003,157,2526,6.2,3
King,53033030004,153,3396,4.51,2
King,53033030005,139,1896,7.31,4
King,53033030006,142,1774,8.01,4
King,53033030100,374,3059,12.22,6
King,53033030201,218,2102,10.36,5
King,53033030202,233,2702,8.62,4
King,53033030304,118,1392,8.47,4
King,53033030305,129,2154,5.98,3
King,53033030306,124,1973,6.27,3
King,53033030308,36,2455,1.47,1
King,53033030309,82,2673,3.08,2
King,53033030310,17,2192,0.8,1
King,53033030311,142,1682,8.43,4
King,53033030312,65,1867,3.49,2
King,53033030313,51,1788,2.84,1
King,53033030314,109,2107,5.15,3
King,53033030401,199,3367,5.91,3
King,53033030403,57,1891,3.02,2
King,53033030404,155,1655,9.37,5
King,53033030501,176,1263,13.95,6
King,53033030503,90,2572,3.51,2
King,53033030504,218,2127,10.26,5
King,53033030600,759,2280,33.31,9
King,53033030700,372,1735,21.44,8
King,53033030801,167,2406,6.94,4
King,53033030802,209,1524,13.73,6
King,53033030901,134,1156,11.62,6
King,53033030902,218,2130,10.23,5
King,53033031000,20,1676,1.22,1
King,53033031100,192,2842,6.76,4
King,53033031202,296,2314,12.78,6
King,53033031204,171,2365,7.21,4
King,53033031205,52,2742,1.89,1
King,53033031206,60,1894,3.18,2
King,53033031301,257,994,25.89,9
King,53033031302,144,1946,7.41,4
King,53033031400,639,2691,23.76,8
King,53033031501,158,1511,10.44,5
King,53033031502,178,1883,9.45,5
King,53033031601,107,1964,5.47,3
King,53033031603,392,2372,16.54,7
King,53033031604,39,1870,2.08,1
King,53033031605,136,1578,8.6,4
King,53033031703,140,2748,5.08,3
King,53033031704,73,1874,3.9,2
King,53033031705,63,1522,4.15,2
King,53033031706,89,2893,3.07,2
King,53033031800,157,1779,8.81,5
King,53033031903,288,2590,11.11,6
King,53033031904,110,1295,8.53,4
King,53033031906,128,1483,8.66,4
King,53033031907,77,2930,2.63,1
King,53033031908,107,2095,5.09,3
King,53033031909,36,1175,3.02,2
King,53033032002,147,1203,12.21,6
King,53033032003,297,2048,14.52,7
King,53033032005,182,2578,7.07,4
King,53033032006,95,2024,4.7,2
King,53033032007,52,1473,3.55,2
King,53033032008,57,1640,3.5,2
King,53033032010,46,2243,2.03,1
King,53033032011,55,1501,3.68,2
King,53033032102,117,1941,6.02,3
King,53033032103,283,2470,11.46,6
King,53033032104,110,2587,4.27,2
King,53033032203,82,2856,2.86,1
King,53033032207,87,1410,6.16,3
King,53033032208,58,4317,1.33,1
King,53033032210,69,5945,1.17,1
King,53033032211,22,1798,1.24,1
King,53033032212,16,2981,0.54,1
King,53033032213,39,1573,2.46,1
King,53033032214,12,2306,0.54,1
King,53033032215,13,1571,0.83,1
King,53033032307,201,2270,8.86,5
King,53033032309,24,5118,0.46,1
King,53033032311,124,2086,5.93,3
King,53033032313,99,2661,3.72,2
King,53033032315,63,2110,3,1
King,53033032316,93,1993,4.66,2
King,53033032317,53,2285,2.31,1
King,53033032318,24,2235,1.09,1
King,53033032319,75,3094,2.43,1
King,53033032320,108,1591,6.8,4
King,53033032321,45,2144,2.11,1
King,53033032322,8,1198,0.7,1
King,53033032323,80,2366,3.38,2
King,53033032324,199,2372,8.37,4
King,53033032325,53,2583,2.04,1
King,53033032326,57,1391,4.1,2
King,53033032327,33,2123,1.54,1
King,53033032328,46,1170,3.97,2
King,53033032329,18,3208,0.57,1
King,53033032401,141,2373,5.95,3
King,53033032402,61,2549,2.39,1
King,53033032500,241,2125,11.32,6
King,53033032601,210,1159,18.15,7
King,53033032602,132,4880,2.71,1
King,53033032702,196,2980,6.57,3
King,53033032703,312,930,33.52,10
King,53033032704,293,2869,10.22,5
King,53033032800,267,1590,16.79,7
Kitsap,53035080101,105,1450,7.22,4
Kitsap,53035080102,378,2188,17.27,7
Kitsap,53035080200,379,1705,22.21,8
Kitsap,53035080300,350,1903,18.39,7
Kitsap,53035080400,562,1889,29.76,9
Kitsap,53035080500,684,1796,38.11,10
Kitsap,53035080600,1016,2450,41.46,10
Kitsap,53035080700,379,1674,22.61,8
Kitsap,53035080800,60,840,7.15,4
Kitsap,53035080900,350,2169,16.15,7
Kitsap,53035081000,474,2266,20.92,8
Kitsap,53035081100,497,1286,38.62,10
Kitsap,53035081200,744,1448,51.39,10
Kitsap,53035081400,16,30,53.93,10
Kitsap,53035090101,132,2795,4.72,2
Kitsap,53035090102,156,2915,5.35,3
Kitsap,53035090201,112,1965,5.7,3
Kitsap,53035090202,230,2154,10.66,5
Kitsap,53035090300,25,1240,2.04,1
Kitsap,53035090400,146,1802,8.11,4
Kitsap,53035090501,188,2250,8.34,4
Kitsap,53035090502,50,2001,2.51,1
Kitsap,53035090700,318,2135,14.91,7
Kitsap,53035090800,152,1874,8.13,4
Kitsap,53035090900,221,3912,5.65,3
Kitsap,53035091000,423,3000,14.09,6
Kitsap,53035091100,211,2163,9.77,5
Kitsap,53035091201,105,2063,5.09,3
Kitsap,53035091203,60,3357,1.8,1
Kitsap,53035091204,70,1605,4.37,2
Kitsap,53035091301,124,1858,6.7,3
Kitsap,53035091302,124,2230,5.56,3
Kitsap,53035091400,219,1483,14.75,7
Kitsap,53035091500,117,1574,7.45,4
Kitsap,53035091600,96,2952,3.24,2
Kitsap,53035091700,215,3116,6.91,4
Kitsap,53035091800,187,1240,15.07,7
Kitsap,53035091900,157,1809,8.67,5
Kitsap,53035092000,235,2522,9.32,5
Kitsap,53035092100,242,3522,6.87,4
Kitsap,53035092200,552,2820,19.58,8
Kitsap,53035092300,160,2569,6.21,3
Kitsap,53035092400,128,2661,4.8,2
Kitsap,53035092500,371,2349,15.8,7
Kitsap,53035092600,279,2663,10.5,5
Kitsap,53035092701,109,1911,5.69,3
Kitsap,53035092704,166,1494,11.14,6
Kitsap,53035092801,96,1808,5.32,3
Kitsap,53035092802,111,1684,6.56,3
Kitsap,53035092803,57,1119,5.07,3
Kitsap,53035092901,103,2304,4.46,2
Kitsap,53035092902,107,2083,5.15,3
Kitsap,53035940000,158,1646,9.6,5
Kitsap,53035940100,367,2967,12.35,6
Kittitas,53037975100,1089,6424,16.94,7
Kittitas,53037975200,375,3662,10.25,5
Kittitas,53037975300,141,2335,6.02,3
Kittitas,53037975401,209,2751,7.59,4
Kittitas,53037975402,666,2595,25.66,9
Kittitas,53037975500,373,2734,13.65,6
Kittitas,53037975600,483,1225,39.43,10
Kittitas,53037975700,265,2075,12.79,6
Klickitat,53039950100,583,4155,14.04,6
Klickitat,53039950200,373,2276,16.37,7
Klickitat,53039950300,745,3993,18.65,8
Lewis,53041970100,189,1328,14.2,7
Lewis,53041970200,118,1595,7.4,4
Lewis,53041970300,212,2393,8.87,5
Lewis,53041970400,569,2426,23.44,8
Lewis,53041970500,451,934,48.29,10
Lewis,53041970600,391,924,42.31,10
Lewis,53041970700,679,1862,36.48,10
Lewis,53041970800,574,1825,31.45,9
Lewis,53041970900,260,750,34.68,10
Lewis,53041971000,369,1325,27.86,9
Lewis,53041971100,233,1695,13.76,6
Lewis,53041971200,231,1474,15.7,7
Lewis,53041971300,262,2287,11.47,6
Lewis,53041971400,187,1163,16.12,7
Lewis,53041971500,589,2938,20.05,8
Lewis,53041971600,322,1676,19.24,8
Lewis,53041971700,373,2333,15.98,7
Lewis,53041971800,308,2245,13.72,6
Lewis,53041971900,310,1362,22.78,8
Lewis,53041972000,245,2613,9.38,5
Lincoln,53043960100,265,848,31.23,9
Lincoln,53043960200,269,1945,13.85,6
Lincoln,53043960300,359,1620,22.14,8
Lincoln,53043960400,635,1637,38.77,10
Mason,53045940000,21,249,8.31,4
Mason,53045960100,55,1148,4.83,2
Mason,53045960200,324,4289,7.55,4
Mason,53045960300,236,3937,5.99,3
Mason,53045960400,263,4940,5.33,3
Mason,53045960500,323,3108,10.38,5
Mason,53045960600,70,1457,4.83,2
Mason,53045960700,127,604,20.98,8
Mason,53045960800,416,1675,24.83,9
Mason,53045960900,523,1885,27.73,9
Mason,53045961000,318,2175,14.62,7
Mason,53045961100,291,3845,7.56,4
Mason,53045961200,125,2584,4.84,2
Mason,53045961300,108,1607,6.71,3
Okanogan,53047940100,293,1306,22.42,8
Okanogan,53047940200,200,1268,15.77,7
Okanogan,53047970300,841,5354,15.71,7
Okanogan,53047970400,348,1764,19.74,8
Okanogan,53047970500,228,1363,16.72,7
Okanogan,53047970600,609,3300,18.46,7
Okanogan,53047970700,676,1983,34.07,10
Okanogan,53047970800,344,2018,17.03,7
Okanogan,53047970900,138,2396,5.77,3
Okanogan,53047971000,304,2456,12.37,6
Pacific,53049950200,697,2272,30.67,9
Pacific,53049950300,689,2285,30.17,9
Pacific,53049950400,375,1968,19.04,8
Pacific,53049950500,500,2050,24.41,9
Pacific,53049950600,301,1458,20.66,8
Pacific,53049950700,268,3034,8.84,5
Pacific,53049950800,334,3146,10.62,5
Pend Oreille,53051970100,341,1459,23.39,8
Pend Oreille,53051970200,249,1974,12.63,6
Pend Oreille,53051970300,280,1581,17.74,7
Pend Oreille,53051970400,239,1704,14,6
Pend Oreille,53051970500,247,1542,15.99,7
Pierce,53053060200,45,672,6.71,3
Pierce,53053060300,490,2400,20.4,8
Pierce,53053060400,851,1745,48.76,10
Pierce,53053060500,940,1746,53.83,10
Pierce,53053060600,1376,2894,47.56,10
Pierce,53053060700,1298,2440,53.21,10
Pierce,53053060800,940,2359,39.87,10
Pierce,53053060903,88,1543,5.73,3
Pierce,53053060904,489,2446,19.99,8
Pierce,53053060905,320,3223,9.94,5
Pierce,53053060906,204,939,21.77,8
Pierce,53053061001,292,1967,14.83,7
Pierce,53053061002,316,2428,13.02,6
Pierce,53053061100,740,2920,25.36,9
Pierce,53053061200,1108,2394,46.29,10
Pierce,53053061300,1044,2111,49.47,10
Pierce,53053061400,565,1564,36.12,10
Pierce,53053061500,1277,3598,35.48,10
Pierce,53053061601,521,1497,34.8,10
Pierce,53053061602,116,486,23.86,8
Pierce,53053061700,650,2168,29.99,9
Pierce,53053061800,526,1184,44.43,10
Pierce,53053061900,335,893,37.56,10
Pierce,53053062000,762,1789,42.59,10
Pierce,53053062300,686,1986,34.52,10
Pierce,53053062400,1064,2408,44.2,10
Pierce,53053062500,1364,3000,45.47,10
Pierce,53053062600,345,1958,17.64,7
Pierce,53053062801,373,3205,11.62,6
Pierce,53053062802,309,1646,18.78,8
Pierce,53053062900,900,3495,25.74,9
Pierce,53053063000,467,1298,35.98,10
Pierce,53053063100,576,1755,32.81,9
Pierce,53053063200,766,2044,37.47,10
Pierce,53053063300,424,2755,15.39,7
Pierce,53053063400,636,3045,20.9,8
Pierce,53053063501,255,1721,14.83,7
Pierce,53053063502,248,1830,13.55,6
Pierce,53053070100,180,1771,10.18,5
Pierce,53053070203,62,2815,2.22,1
Pierce,53053070204,59,1388,4.23,2
Pierce,53053070205,90,1247,7.22,4
Pierce,53053070206,218,1604,13.59,6
Pierce,53053070207,463,2346,19.75,8
Pierce,53053070307,43,1848,2.35,1
Pierce,53053070308,115,1593,7.24,4
Pierce,53053070309,117,2257,5.17,3
Pierce,53053070310,32,1808,1.78,1
Pierce,53053070311,27,1796,1.48,1
Pierce,53053070312,54,2100,2.59,1
Pierce,53053070313,128,2303,5.56,3
Pierce,53053070314,41,1245,3.26,2
Pierce,53053070315,62,2424,2.57,1
Pierce,53053070316,27,2350,1.14,1
Pierce,53053070401,89,846,10.57,5
Pierce,53053070403,192,1529,12.55,6
Pierce,53053070404,35,1745,2.02,1
Pierce,53053070703,377,2591,14.54,7
Pierce,53053071100,225,1026,21.93,8
Pierce,53053071205,151,1891,7.98,4
Pierce,53053071206,184,2646,6.96,4
Pierce,53053071207,75,2838,2.65,1
Pierce,53053071208,83,3255,2.55,1
Pierce,53053071209,61,1384,4.43,2
Pierce,53053071210,60,1955,3.05,2
Pierce,53053071304,78,2689,2.89,1
Pierce,53053071305,276,1503,18.34,7
Pierce,53053071306,194,2353,8.24,4
Pierce,53053071307,153,1954,7.84,4
Pierce,53053071309,52,1555,3.36,2
Pierce,53053071310,71,2191,3.22,2
Pierce,53053071403,239,1746,13.7,6
Pierce,53053071406,71,2874,2.46,1
Pierce,53053071407,85,2347,3.62,2
Pierce,53053071408,117,1556,7.5,4
Pierce,53053071409,154,1685,9.15,5
Pierce,53053071410,102,2947,3.45,2
Pierce,53053071411,53,2121,2.5,1
Pierce,53053071503,212,2276,9.31,5
Pierce,53053071504,466,1836,25.37,9
Pierce,53053071505,248,2111,11.76,6
Pierce,53053071506,135,2103,6.41,3
Pierce,53053071601,265,1932,13.71,6
Pierce,53053071602,235,3382,6.96,4
Pierce,53053071703,105,1745,6,3
Pierce,53053071704,157,1896,8.28,4
Pierce,53053071705,242,1394,17.37,7
Pierce,53053071706,98,812,12.08,6
Pierce,53053071707,332,1116,29.73,9
Pierce,53053071803,177,2814,6.28,3
Pierce,53053071805,373,1488,25.1,9
Pierce,53053071806,190,1874,10.12,5
Pierce,53053071807,263,1714,15.33,7
Pierce,53053071808,195,1777,10.95,5
Pierce,53053071901,522,2378,21.95,8
Pierce,53053071902,730,2400,30.4,9
Pierce,53053072000,338,2177,15.53,7
Pierce,53053072105,102,1992,5.13,3
Pierce,53053072106,326,3168,10.3,5
Pierce,53053072107,380,1857,20.47,8
Pierce,53053072108,544,2321,23.45,8
Pierce,53053072109,312,1565,19.95,8
Pierce,53053072111,113,1015,11.16,6
Pierce,53053072112,189,2044,9.22,5
Pierce,53053072305,490,2438,20.1,8
Pierce,53053072307,208,2041,10.21,5
Pierce,53053072308,122,2981,4.1,2
Pierce,53053072309,576,2762,20.84,8
Pierce,53053072310,351,1747,20.07,8
Pierce,53053072311,194,2264,8.55,4
Pierce,53053072312,98,2472,3.98,2
Pierce,53053072313,92,1529,6.03,3
Pierce,53053072405,137,1636,8.4,4
Pierce,53053072406,55,2415,2.28,1
Pierce,53053072407,85,2127,4,2
Pierce,53053072408,170,2696,6.29,3
Pierce,53053072409,81,1048,7.74,4
Pierce,53053072410,112,1616,6.93,4
Pierce,53053072503,127,1755,7.21,4
Pierce,53053072504,187,1549,12.09,6
Pierce,53053072505,173,3806,4.55,2
Pierce,53053072506,127,1606,7.9,4
Pierce,53053072507,214,1658,12.91,6
Pierce,53053072601,86,2194,3.9,2
Pierce,53053072602,278,2241,12.39,6
Pierce,53053072603,204,3009,6.79,4
Pierce,53053072800,149,4079,3.65,2
Pierce,53053072901,44,900,4.86,2
Pierce,53053072903,61,1057,5.73,3
Pierce,53053072905,323,1927,16.77,7
Pierce,53053072906,1,7,18.43,7
Pierce,53053072907,71,1442,4.93,3
Pierce,53053073001,210,2575,8.14,4
Pierce,53053073005,90,2109,4.29,2
Pierce,53053073006,98,1624,6.04,3
Pierce,53053073108,65,3212,2.01,1
Pierce,53053073110,51,1430,3.6,2
Pierce,53053073111,53,1628,3.24,2
Pierce,53053073113,30,2648,1.12,1
Pierce,53053073114,67,1985,3.36,2
Pierce,53053073115,52,1593,3.25,2
Pierce,53053073116,44,1592,2.78,1
Pierce,53053073117,89,1509,5.88,3
Pierce,53053073118,93,1680,5.53,3
Pierce,53053073119,50,1268,3.96,2
Pierce,53053073120,39,1580,2.48,1
Pierce,53053073121,13,1661,0.78,1
Pierce,53053073122,29,1803,1.6,1
Pierce,53053073123,32,1681,1.93,1
Pierce,53053073124,4,1362,0.26,1
Pierce,53053073125,43,3886,1.1,1
Pierce,53053073126,1,1212,0.11,1
Pierce,53053073200,363,3080,11.8,6
Pierce,53053073301,258,2505,10.28,5
Pierce,53053073302,411,1849,22.23,8
Pierce,53053073404,693,2710,25.58,9
Pierce,53053073405,173,1549,11.18,6
Pierce,53053073406,192,2453,7.85,4
Pierce,53053073407,496,1617,30.66,9
Pierce,53053073408,393,1754,22.42,8
Pierce,53053073500,359,3163,11.36,6
Pierce,53053940001,265,1215,21.83,8
Pierce,53053940002,147,1559,9.44,5
Pierce,53053940003,97,3047,3.18,2
Pierce,53053940004,520,2645,19.65,8
Pierce,53053940005,107,2155,4.95,3
Pierce,53053940006,23,1139,2.04,1
Pierce,53053940007,330,1148,28.75,9
Pierce,53053940008,70,2445,2.87,1
Pierce,53053940009,88,1235,7.11,4
Pierce,53053940010,234,2170,10.76,5
Pierce,53053940011,90,1683,5.38,3
San Juan,53055960100,442,4802,9.2,5
San Juan,53055960300,226,3900,5.8,3
San Juan,53055960400,203,1889,10.77,5
San Juan,53055960500,302,3528,8.55,4
Skagit,53057940200,49,1260,3.92,2
Skagit,53057940300,328,2561,12.82,6
Skagit,53057940400,315,3409,9.24,5
Skagit,53057940500,223,1215,18.34,7
Skagit,53057940600,322,877,36.77,10
Skagit,53057940700,299,795,37.61,10
Skagit,53057940800,127,1598,7.97,4
Skagit,53057950100,109,996,10.93,5
Skagit,53057950800,447,2815,15.89,7
Skagit,53057950900,171,1554,11.01,5
Skagit,53057951000,255,1260,20.21,8
Skagit,53057951100,457,2830,16.13,7
Skagit,53057951200,284,1844,15.4,7
Skagit,53057951300,150,811,18.55,8
Skagit,53057951400,534,1683,31.71,9
Skagit,53057951500,560,3847,14.57,7
Skagit,53057951600,181,1777,10.16,5
Skagit,53057951700,503,1615,31.13,9
Skagit,53057951800,337,2185,15.42,7
Skagit,53057951900,171,1570,10.9,5
Skagit,53057952100,456,1562,29.18,9
Skagit,53057952200,152,1755,8.67,5
Skagit,53057952301,86,1594,5.37,3
Skagit,53057952302,319,3638,8.77,5
Skagit,53057952401,386,1196,32.25,9
Skagit,53057952402,119,3207,3.71,2
Skagit,53057952500,458,1251,36.58,10
Skagit,53057952600,355,1581,22.43,8
Skagit,53057952700,335,1604,20.9,8
Skagit,53057990100,0,3,0,1
Skamania,53059950100,32,470,6.74,3
Skamania,53059950200,210,2043,10.27,5
Skamania,53059950300,169,964,17.58,7
Skamania,53059950400,163,1183,13.75,6
Skamania,53059950500,81,1205,6.74,3
Snohomish,53061040100,784,1739,45.09,10
Snohomish,53061040200,414,2730,15.15,7
Snohomish,53061040300,776,1414,54.9,10
Snohomish,53061040400,837,1965,42.59,10
Snohomish,53061040500,440,1020,43.16,10
Snohomish,53061040700,689,2128,32.4,9
Snohomish,53061040800,501,1695,29.55,9
Snohomish,53061040900,280,1250,22.38,8
Snohomish,53061041000,705,2572,27.43,9
Snohomish,53061041100,483,1988,24.29,8
Snohomish,53061041201,153,1244,12.32,6
Snohomish,53061041202,254,2399,10.6,5
Snohomish,53061041301,158,2323,6.81,4
Snohomish,53061041303,74,1902,3.89,2
Snohomish,53061041304,163,1151,14.2,7
Snohomish,53061041400,620,2427,25.54,9
Snohomish,53061041500,204,635,32.12,9
Snohomish,53061041601,168,2208,7.63,4
Snohomish,53061041605,92,2239,4.13,2
Snohomish,53061041606,83,2163,3.85,2
Snohomish,53061041607,28,1357,2.05,1
Snohomish,53061041608,41,2404,1.71,1
Snohomish,53061041701,133,2581,5.13,3
Snohomish,53061041703,139,2316,6.02,3
Snohomish,53061041704,58,2760,2.1,1
Snohomish,53061041805,159,2634,6.02,3
Snohomish,53061041806,107,3200,3.34,2
Snohomish,53061041808,61,1822,3.36,2
Snohomish,53061041809,61,2291,2.64,1
Snohomish,53061041810,32,2434,1.33,1
Snohomish,53061041811,115,2961,3.89,2
Snohomish,53061041812,46,2775,1.64,1
Snohomish,53061041901,103,2016,5.11,3
Snohomish,53061041903,175,3300,5.29,3
Snohomish,53061041904,94,2465,3.8,2
Snohomish,53061041905,38,2530,1.48,1
Snohomish,53061042001,82,2411,3.41,2
Snohomish,53061042003,72,1249,5.73,3
Snohomish,53061042004,139,1713,8.1,4
Snohomish,53061042005,35,1962,1.8,1
Snohomish,53061042006,8,2455,0.33,1
Snohomish,53061050101,95,1010,9.39,5
Snohomish,53061050102,104,2440,4.25,2
Snohomish,53061050200,172,1594,10.81,5
Snohomish,53061050300,443,2173,20.39,8
Snohomish,53061050401,374,3032,12.32,6
Snohomish,53061050402,400,2480,16.12,7
Snohomish,53061050500,530,3975,13.33,6
Snohomish,53061050600,72,471,15.31,7
Snohomish,53061050700,360,2780,12.94,6
Snohomish,53061050800,383,2671,14.34,7
Snohomish,53061050900,228,1599,14.26,7
Snohomish,53061051000,258,1866,13.83,6
Snohomish,53061051100,485,1808,26.83,9
Snohomish,53061051200,313,1882,16.64,7
Snohomish,53061051300,238,3016,7.88,4
Snohomish,53061051400,304,3652,8.33,4
Snohomish,53061051500,332,2334,14.21,7
Snohomish,53061051601,137,1790,7.68,4
Snohomish,53061051602,220,1561,14.08,6
Snohomish,53061051701,312,2504,12.47,6
Snohomish,53061051702,117,1987,5.88,3
Snohomish,53061051802,85,2600,3.27,2
Snohomish,53061051803,116,2944,3.95,2
Snohomish,53061051804,45,2484,1.79,1
Snohomish,53061051905,208,3556,5.85,3
Snohomish,53061051912,51,874,5.88,3
Snohomish,53061051913,79,1712,4.64,2
Snohomish,53061051914,168,1700,9.86,5
Snohomish,53061051915,142,2759,5.15,3
Snohomish,53061051916,101,1402,7.23,4
Snohomish,53061051917,76,1679,4.55,2
Snohomish,53061051918,67,2145,3.14,2
Snohomish,53061051921,70,2153,3.23,2
Snohomish,53061051922,59,2080,2.83,1
Snohomish,53061051923,89,2842,3.15,2
Snohomish,53061051924,74,3160,2.35,1
Snohomish,53061051925,63,2912,2.17,1
Snohomish,53061051926,92,1832,5.04,3
Snohomish,53061051927,104,1828,5.71,3
Snohomish,53061051928,35,2327,1.5,1
Snohomish,53061052003,9,3542,0.24,1
Snohomish,53061052004,31,2549,1.23,1
Snohomish,53061052005,71,2690,2.65,1
Snohomish,53061052006,23,1579,1.47,1
Snohomish,53061052007,59,1826,3.25,2
Snohomish,53061052104,166,1676,9.92,5
Snohomish,53061052105,85,746,11.41,6
Snohomish,53061052107,105,1936,5.43,3
Snohomish,53061052108,198,2299,8.62,4
Snohomish,53061052112,26,955,2.77,1
Snohomish,53061052113,28,1187,2.33,1
Snohomish,53061052114,7,1626,0.43,1
Snohomish,53061052115,71,2412,2.94,1
Snohomish,53061052118,104,2591,4.03,2
Snohomish,53061052203,84,1900,4.4,2
Snohomish,53061052204,28,1681,1.67,1
Snohomish,53061052206,109,1672,6.51,3
Snohomish,53061052207,153,2184,7.03,4
Snohomish,53061052208,163,1530,10.67,5
Snohomish,53061052209,257,958,26.79,9
Snohomish,53061052301,130,1837,7.08,4
Snohomish,53061052302,143,1530,9.36,5
Snohomish,53061052401,353,1714,20.6,8
Snohomish,53061052402,334,1925,17.34,7
Snohomish,53061052502,246,1913,12.87,6
Snohomish,53061052503,94,2938,3.2,2
Snohomish,53061052504,159,937,16.93,7
Snohomish,53061052603,104,943,11.08,6
Snohomish,53061052604,143,1981,7.22,4
Snohomish,53061052605,215,2176,9.86,5
Snohomish,53061052606,162,2022,8.03,4
Snohomish,53061052607,102,2205,4.61,2
Snohomish,53061052701,83,653,12.76,6
Snohomish,53061052705,78,2944,2.65,1
Snohomish,53061052706,57,2042,2.81,1
Snohomish,53061052707,66,1521,4.31,2
Snohomish,53061052708,28,1849,1.5,1
Snohomish,53061052709,51,1254,4.08,2
Snohomish,53061052803,121,2317,5.24,3
Snohomish,53061052804,194,2999,6.49,3
Snohomish,53061052805,181,1904,9.48,5
Snohomish,53061052806,99,2527,3.93,2
Snohomish,53061052903,405,1840,21.99,8
Snohomish,53061052904,82,2171,3.77,2
Snohomish,53061052905,186,2023,9.19,5
Snohomish,53061052906,200,1810,11.02,5
Snohomish,53061053101,123,1736,7.11,4
Snohomish,53061053102,107,2202,4.88,3
Snohomish,53061053201,160,1815,8.83,5
Snohomish,53061053202,237,1992,11.91,6
Snohomish,53061053301,251,2815,8.93,5
Snohomish,53061053302,147,2234,6.56,3
Snohomish,53061053400,187,2268,8.26,4
Snohomish,53061053504,403,3053,13.2,6
Snohomish,53061053505,120,2192,5.46,3
Snohomish,53061053506,203,2385,8.51,4
Snohomish,53061053507,26,1849,1.39,1
Snohomish,53061053508,135,1327,10.18,5
Snohomish,53061053509,133,1652,8.04,4
Snohomish,53061053602,330,2739,12.04,6
Snohomish,53061053603,124,1634,7.58,4
Snohomish,53061053604,129,1915,6.71,3
Snohomish,53061053700,265,1580,16.79,7
Snohomish,53061053801,272,2095,12.98,6
Snohomish,53061053802,300,2334,12.84,6
Snohomish,53061053803,299,2208,13.56,6
Snohomish,53061940001,264,2490,10.61,5
Snohomish,53061940002,172,1656,10.4,5
Spokane,53063000200,851,2032,41.89,10
Spokane,53063000300,931,2253,41.34,10
Spokane,53063000400,566,1814,31.21,9
Spokane,53063000500,624,1555,40.14,10
Spokane,53063000600,522,1341,38.91,10
Spokane,53063000700,892,2249,39.66,10
Spokane,53063000800,356,1971,18.07,7
Spokane,53063000900,793,2592,30.59,9
Spokane,53063001000,1120,2502,44.75,10
Spokane,53063001100,558,1443,38.69,10
Spokane,53063001200,406,1017,39.96,10
Spokane,53063001300,667,1665,40.05,10
Spokane,53063001400,1202,2706,44.4,10
Spokane,53063001500,1023,2260,45.24,10
Spokane,53063001600,414,1515,27.35,9
Spokane,53063001800,363,1427,25.45,9
Spokane,53063001900,965,1717,56.21,10
Spokane,53063002000,986,1912,51.59,10
Spokane,53063002100,555,1109,50.01,10
Spokane,53063002300,1293,2608,49.58,10
Spokane,53063002400,392,1340,29.26,9
Spokane,53063002500,1237,2719,45.5,10
Spokane,53063002600,743,2224,33.41,10
Spokane,53063002900,381,1283,29.68,9
Spokane,53063003000,468,1039,45.06,10
Spokane,53063003100,978,2261,43.26,10
Spokane,53063003200,613,1740,35.25,10
Spokane,53063003500,897,1980,45.31,10
Spokane,53063003600,831,2962,28.06,9
Spokane,53063003800,192,1007,19.04,8
Spokane,53063003900,164,1076,15.23,7
Spokane,53063004000,1305,3012,43.34,10
Spokane,53063004100,480,1176,40.84,10
Spokane,53063004200,1215,2068,58.74,10
Spokane,53063004300,468,1467,31.92,9
Spokane,53063004400,730,2171,33.64,10
Spokane,53063004500,675,1591,42.45,10
Spokane,53063004601,440,2029,21.7,8
Spokane,53063004602,273,1287,21.23,8
Spokane,53063004700,397,3031,13.1,6
Spokane,53063004800,8,2066,0.38,1
Spokane,53063004900,209,2526,8.28,4
Spokane,53063005000,70,2221,3.14,2
Spokane,53063010100,300,2947,10.19,5
Spokane,53063010201,195,1726,11.28,6
Spokane,53063010202,244,2576,9.48,5
Spokane,53063010301,255,1890,13.51,6
Spokane,53063010303,115,1222,9.4,5
Spokane,53063010304,162,2486,6.53,3
Spokane,53063010305,76,2332,3.27,2
Spokane,53063010401,78,1730,4.52,2
Spokane,53063010402,142,2696,5.28,3
Spokane,53063010501,200,3438,5.82,3
Spokane,53063010503,167,3037,5.51,3
Spokane,53063010504,43,1413,3.04,2
Spokane,53063010601,69,1481,4.68,2
Spokane,53063010602,64,3197,2.01,1
Spokane,53063010700,52,2576,2.02,1
Spokane,53063010800,192,1057,18.13,7
Spokane,53063010900,290,1508,19.26,8
Spokane,53063011000,453,1625,27.88,9
Spokane,53063011101,228,3154,7.23,4
Spokane,53063011102,84,1732,4.87,2
Spokane,53063011201,276,3882,7.12,4
Spokane,53063011202,201,1717,11.73,6
Spokane,53063011300,241,3517,6.85,4
Spokane,53063011400,337,2310,14.57,7
Spokane,53063011500,254,645,39.45,10
Spokane,53063011600,268,806,33.24,9
Spokane,53063011701,214,1155,18.5,7
Spokane,53063011702,156,3302,4.74,2
Spokane,53063011800,272,2812,9.66,5
Spokane,53063011900,301,1958,15.38,7
Spokane,53063012000,525,1905,27.55,9
Spokane,53063012100,360,1235,29.17,9
Spokane,53063012200,414,1068,38.77,10
Spokane,53063012300,550,2728,20.15,8
Spokane,53063012401,171,1925,8.86,5
Spokane,53063012402,105,2601,4.05,2
Spokane,53063012500,286,1681,17.01,7
Spokane,53063012600,353,1698,20.81,8
Spokane,53063012701,359,1913,18.78,8
Spokane,53063012702,213,873,24.37,8
Spokane,53063012801,182,1754,10.37,5
Spokane,53063012802,170,1331,12.79,6
Spokane,53063012901,205,1297,15.82,7
Spokane,53063012902,232,2779,8.34,4
Spokane,53063013000,183,4089,4.49,2
Spokane,53063013100,376,5380,6.99,4
Spokane,53063013201,230,2950,7.79,4
Spokane,53063013202,137,5044,2.71,1
Spokane,53063013300,182,1248,14.58,7
Spokane,53063013401,88,1971,4.44,2
Spokane,53063013500,188,3687,5.1,3
Spokane,53063013600,239,2082,11.47,6
Spokane,53063013700,110,1527,7.23,4
Spokane,53063013800,45,834,5.38,3
Spokane,53063013900,175,2220,7.89,4
Spokane,53063014001,416,2069,20.1,8
Spokane,53063014002,146,2770,5.26,3
Spokane,53063014100,215,2479,8.69,5
Spokane,53063014200,60,1709,3.52,2
Spokane,53063014300,529,1415,37.42,10
Spokane,53063014400,432,1766,24.46,9
Spokane,53063014500,404,952,42.49,10
Stevens,53065941000,81,927,8.7,5
Stevens,53065950100,483,3748,12.89,6
Stevens,53065950200,157,1691,9.29,5
Stevens,53065950300,407,1286,31.64,9
Stevens,53065950500,158,1129,14,6
Stevens,53065950600,135,1313,10.26,5
Stevens,53065950700,337,1184,28.44,9
Stevens,53065950800,202,1537,13.12,6
Stevens,53065950900,108,953,11.32,6
Stevens,53065951100,200,1968,10.18,5
Stevens,53065951300,344,2694,12.78,6
Stevens,53065951400,182,3316,5.49,3
Thurston,53067010100,664,2114,31.43,9
Thurston,53067010200,598,2236,26.76,9
Thurston,53067010300,826,2438,33.87,10
Thurston,53067010400,450,1433,31.42,9
Thurston,53067010510,35,1735,2.01,1
Thurston,53067010520,452,2939,15.39,7
Thurston,53067010600,454,2626,17.28,7
Thurston,53067010700,195,2307,8.43,4
Thurston,53067010800,338,2949,11.45,6
Thurston,53067010910,241,3480,6.93,4
Thurston,53067010920,121,2242,5.41,3
Thurston,53067011000,190,2074,9.15,5
Thurston,53067011100,160,1767,9.07,5
Thurston,53067011200,196,2490,7.88,4
Thurston,53067011300,255,2317,10.99,5
Thurston,53067011410,183,2127,8.59,4
Thurston,53067011420,147,2797,5.26,3
Thurston,53067011500,239,2465,9.7,5
Thurston,53067011610,164,3315,4.96,3
Thurston,53067011621,70,3534,1.99,1
Thurston,53067011622,23,1729,1.31,1
Thurston,53067011623,25,2586,0.95,1
Thurston,53067011624,89,1591,5.61,3
Thurston,53067011710,259,3408,7.61,4
Thurston,53067011720,107,1997,5.36,3
Thurston,53067011810,62,1463,4.23,2
Thurston,53067011821,85,1958,4.33,2
Thurston,53067011822,99,1668,5.93,3
Thurston,53067011900,374,3652,10.24,5
Thurston,53067012000,195,3244,6,3
Thurston,53067012100,308,1955,15.73,7
Thurston,53067012211,131,989,13.24,6
Thurston,53067012212,169,3471,4.88,3
Thurston,53067012221,84,2637,3.2,2
Thurston,53067012222,76,4112,1.85,1
Thurston,53067012310,88,4041,2.19,1
Thurston,53067012320,85,1286,6.62,3
Thurston,53067012330,63,2157,2.92,1
Thurston,53067012411,173,3230,5.36,3
Thurston,53067012412,188,1961,9.57,5
Thurston,53067012420,102,1801,5.68,3
Thurston,53067012510,33,1498,2.22,1
Thurston,53067012520,197,2926,6.73,3
Thurston,53067012530,143,1758,8.13,4
Thurston,53067012610,135,2533,5.34,3
Thurston,53067012620,285,1972,14.48,7
Thurston,53067012710,32,863,3.67,2
Thurston,53067012720,298,2404,12.4,6
Thurston,53067012730,51,2281,2.24,1
Wahkiakum,53069950100,437,2149,20.35,8
Walla Walla,53071920000,267,2023,13.2,6
Walla Walla,53071920100,501,2186,22.9,8
Walla Walla,53071920200,225,1638,13.73,6
Walla Walla,53071920300,604,3634,16.61,7
Walla Walla,53071920400,2,5,43,10
Walla Walla,53071920500,474,1046,45.31,10
Walla Walla,53071920600,631,3000,21.02,8
Walla Walla,53071920701,854,1975,43.23,10
Walla Walla,53071920702,685,2091,32.78,9
Walla Walla,53071920801,508,2165,23.48,8
Walla Walla,53071920802,556,1190,46.7,10
Walla Walla,53071920900,548,3792,14.45,7
Whatcom,53073000100,383,4736,8.09,4
Whatcom,53073000200,505,4862,10.38,5
Whatcom,53073000300,639,3689,17.31,7
Whatcom,53073000400,1413,2923,48.35,10
Whatcom,53073000501,1030,2336,44.07,10
Whatcom,53073000502,502,1400,35.84,10
Whatcom,53073000600,243,1200,20.22,8
Whatcom,53073000700,465,2830,16.42,7
Whatcom,53073000803,256,2906,8.81,5
Whatcom,53073000804,201,2697,7.46,4
Whatcom,53073000805,229,2276,10.05,5
Whatcom,53073000806,170,4226,4.03,2
Whatcom,53073000901,272,3237,8.4,4
Whatcom,53073000902,120,2517,4.75,2
Whatcom,53073001000,594,1948,30.49,9
Whatcom,53073001100,849,3484,24.38,9
Whatcom,53073001201,262,3513,7.46,4
Whatcom,53073001202,231,2068,11.15,6
Whatcom,53073010100,453,4413,10.27,5
Whatcom,53073010200,711,3261,21.8,8
Whatcom,53073010301,390,2608,14.96,7
Whatcom,53073010302,174,2066,8.41,4
Whatcom,53073010303,178,2323,7.65,4
Whatcom,53073010401,506,3653,13.84,6
Whatcom,53073010403,195,3379,5.77,3
Whatcom,53073010404,453,3537,12.79,6
Whatcom,53073010501,346,3244,10.66,5
Whatcom,53073010502,532,3476,15.29,7
Whatcom,53073010600,446,2553,17.48,7
Whatcom,53073010701,240,2306,10.41,5
Whatcom,53073010702,206,1667,12.35,6
Whatcom,53073010900,144,969,14.89,7
Whatcom,53073011000,308,2123,14.51,7
Whatcom,53073940000,173,2264,7.65,4
Whitman,53075000100,321,1448,22.14,8
Whitman,53075000200,462,3371,13.7,6
Whitman,53075000300,369,2483,14.84,7
Whitman,53075000400,328,1945,16.88,7
Whitman,53075000500,25,443,5.58,3
Whitman,53075000600,248,4672,5.32,3
Whitman,53075000700,691,1857,37.2,10
Whitman,53075000800,529,1557,33.99,10
Whitman,53075000900,768,1973,38.93,10
Whitman,53075001000,422,1092,38.67,10
Yakima,53077000100,455,1024,44.47,10
Yakima,53077000200,580,1818,31.93,9
Yakima,53077000300,508,2225,22.83,8
Yakima,53077000400,510,3311,15.41,7
Yakima,53077000500,524,2172,24.14,8
Yakima,53077000600,617,2180,28.31,9
Yakima,53077000700,1037,2680,38.71,10
Yakima,53077000800,775,1912,40.52,10
Yakima,53077000901,321,3298,9.72,5
Yakima,53077000902,58,1843,3.13,2
Yakima,53077001000,824,2546,32.37,9
Yakima,53077001100,292,2644,11.05,5
Yakima,53077001201,408,1421,28.74,9
Yakima,53077001202,700,2156,32.46,9
Yakima,53077001300,240,1069,22.49,8
Yakima,53077001400,318,1221,26.01,9
Yakima,53077001501,724,2215,32.7,9
Yakima,53077001502,191,899,21.23,8
Yakima,53077001601,69,918,7.56,4
Yakima,53077001602,441,3514,12.54,6
Yakima,53077001701,99,1171,8.44,4
Yakima,53077001702,161,2146,7.5,4
Yakima,53077001800,545,2176,25.05,9
Yakima,53077001901,246,1152,21.34,8
Yakima,53077001902,365,2097,17.42,7
Yakima,53077002001,628,2509,25.04,9
Yakima,53077002002,438,2711,16.17,7
Yakima,53077002101,121,620,19.49,8
Yakima,53077002102,419,2209,18.99,8
Yakima,53077002200,512,2760,18.55,8
Yakima,53077002701,165,878,18.8,8
Yakima,53077002801,241,1969,12.24,6
Yakima,53077002802,331,3384,9.78,5
Yakima,53077002900,432,2340,18.48,7
Yakima,53077003001,429,2624,16.33,7
Yakima,53077003002,416,1482,28.1,9
Yakima,53077003100,314,2045,15.36,7
Yakima,53077003200,518,2673,19.37,8
Yakima,53077003400,225,1759,12.78,6
Yakima,53077940001,407,1933,21.07,8
Yakima,53077940002,266,1411,18.87,8
Yakima,53077940003,150,1095,13.68,6
Yakima,53077940004,356,1731,20.56,8
Yakima,53077940005,403,1463,27.54,9
Yakima,53077940006,422,1294,32.59,9
