YearGroup,Average Ozone Concentration ppm km2,Census_Tract,IBL Rank
2014-2017,53.42110219,State Total,5
2014-2017,59.10282898,53001950100,10
2014-2017,60.58847046,53001950200,10
2014-2017,60.18209076,53001950300,10
2014-2017,60.18209076,53001950400,10
2014-2017,60.18209076,53001950500,10
2014-2017,53.15264893,53003960100,5
2014-2017,52.19351959,53003960200,4
2014-2017,52.19351959,53003960300,4
2014-2017,52.19351959,53003960400,4
2014-2017,52.19351959,53003960500,4
2014-2017,52.19351959,53003960600,4
2014-2017,64.94133759,53005010100,10
2014-2017,64.94133759,53005010201,10
2014-2017,64.94133759,53005010202,10
2014-2017,64.94133759,53005010300,10
2014-2017,64.94133759,53005010400,10
2014-2017,64.94133759,53005010500,10
2014-2017,64.93625641,53005010600,10
2014-2017,64.91091156,53005010701,10
2014-2017,65.23911285,53005010703,10
2014-2017,65.50554657,53005010705,10
2014-2017,65.50554657,53005010707,10
2014-2017,65.50554657,53005010708,10
2014-2017,64.93625641,53005010803,10
2014-2017,64.93625641,53005010805,10
2014-2017,65.50554657,53005010807,10
2014-2017,65.56069183,53005010809,10
2014-2017,65.86456299,53005010810,10
2014-2017,65.86456299,53005010811,10
2014-2017,65.75039673,53005010813,10
2014-2017,68.15625,53005010814,10
2014-2017,65.56069183,53005010901,10
2014-2017,65.75039673,53005010902,10
2014-2017,65.13583374,53005011001,10
2014-2017,65.75039673,53005011002,10
2014-2017,65.21180725,53005011100,10
2014-2017,65.21180725,53005011200,10
2014-2017,65.21180725,53005011300,10
2014-2017,65.21180725,53005011401,10
2014-2017,65.21180725,53005011402,10
2014-2017,65.21180725,53005011501,10
2014-2017,65.21180725,53005011503,10
2014-2017,65.21180725,53005011504,10
2014-2017,66.68382263,53005011600,10
2014-2017,63.48273849,53005011700,10
2014-2017,63.48273849,53005011800,10
2014-2017,64.91091156,53005011900,10
2014-2017,65.06581116,53005012000,10
2014-2017,56.78295898,53007960100,8
2014-2017,56.36536026,53007960200,8
2014-2017,56.73522186,53007960300,8
2014-2017,56.46546936,53007960400,8
2014-2017,56.10388947,53007960500,8
2014-2017,56.10388947,53007960600,8
2014-2017,56.29296875,53007960700,8
2014-2017,56.16344833,53007960801,8
2014-2017,56.16344833,53007960802,8
2014-2017,56.16344833,53007961000,8
2014-2017,56.16344833,53007961100,8
2014-2017,55.73857117,53007961200,8
2014-2017,56.88444901,53007961301,9
2014-2017,56.16344833,53007961302,8
2014-2017,48.80385971,53009000200,2
2014-2017,50.81626129,53009000300,3
2014-2017,50.81626129,53009000400,3
2014-2017,48.35654068,53009000600,2
2014-2017,44.81621933,53009000700,1
2014-2017,44.81621933,53009000800,1
2014-2017,44.81621933,53009000900,1
2014-2017,44.81621933,53009001000,1
2014-2017,44.81621933,53009001100,1
2014-2017,44.81621933,53009001200,1
2014-2017,46.30981064,53009001300,1
2014-2017,49.57009888,53009001400,3
2014-2017,44.81621933,53009001500,1
2014-2017,48.85564041,53009001600,2
2014-2017,48.85564041,53009001700,2
2014-2017,48.85564041,53009001800,2
2014-2017,49.06710815,53009001900,2
2014-2017,49.06710815,53009002000,2
2014-2017,49.06710815,53009002100,2
2014-2017,49.06710815,53009002300,2
2014-2017,48.80385971,53009940000,2
2014-2017,44.81621933,53009990100,1
2014-2017,57.79521179,53011040101,9
2014-2017,57.79521179,53011040102,9
2014-2017,55.4103508,53011040201,8
2014-2017,55.54988098,53011040202,8
2014-2017,55.50769043,53011040203,8
2014-2017,55.54988098,53011040301,8
2014-2017,54.10149002,53011040302,6
2014-2017,53.99153137,53011040403,6
2014-2017,55.50769043,53011040407,8
2014-2017,55.09733963,53011040408,7
2014-2017,53.82514191,53011040409,6
2014-2017,53.82514191,53011040411,6
2014-2017,53.82514191,53011040412,6
2014-2017,55.50769043,53011040413,8
2014-2017,55.50769043,53011040414,8
2014-2017,55.50769043,53011040415,8
2014-2017,55.50769043,53011040416,8
2014-2017,56.52745056,53011040504,8
2014-2017,56.52745056,53011040505,8
2014-2017,58.28353119,53011040507,9
2014-2017,58.28353119,53011040508,9
2014-2017,57.58160019,53011040509,9
2014-2017,57.58160019,53011040510,9
2014-2017,57.86051941,53011040511,9
2014-2017,56.67206955,53011040603,8
2014-2017,55.3157196,53011040604,7
2014-2017,57.01699066,53011040605,9
2014-2017,57.75,53011040608,9
2014-2017,57.01699066,53011040609,9
2014-2017,57.01699066,53011040610,9
2014-2017,55.3157196,53011040703,7
2014-2017,55.3157196,53011040706,7
2014-2017,55.3157196,53011040707,7
2014-2017,55.3157196,53011040709,7
2014-2017,55.3157196,53011040710,7
2014-2017,55.3157196,53011040711,7
2014-2017,55.3157196,53011040712,7
2014-2017,54.36624908,53011040803,6
2014-2017,54.36624908,53011040805,6
2014-2017,54.36624908,53011040806,6
2014-2017,54.36624908,53011040808,6
2014-2017,54.36624908,53011040809,6
2014-2017,54.36624908,53011040810,6
2014-2017,53.82514191,53011040904,6
2014-2017,54.0376091,53011040905,6
2014-2017,54.0376091,53011040907,6
2014-2017,53.82514191,53011040908,6
2014-2017,53.82514191,53011040909,6
2014-2017,53.82514191,53011040910,6
2014-2017,53.63676071,53011041003,5
2014-2017,54.0376091,53011041005,6
2014-2017,53.83203125,53011041007,6
2014-2017,53.83203125,53011041008,6
2014-2017,53.83203125,53011041009,6
2014-2017,54.36624908,53011041010,6
2014-2017,53.63676071,53011041011,5
2014-2017,55.3157196,53011041104,7
2014-2017,54.36624908,53011041105,6
2014-2017,54.36624908,53011041107,6
2014-2017,54.49617004,53011041108,6
2014-2017,53.63676071,53011041110,5
2014-2017,54.49617004,53011041111,6
2014-2017,54.49617004,53011041112,6
2014-2017,55.13451004,53011041201,7
2014-2017,55.13451004,53011041203,7
2014-2017,54.49617004,53011041205,6
2014-2017,55.13451004,53011041206,7
2014-2017,54.58406067,53011041309,7
2014-2017,57.75,53011041310,9
2014-2017,55.3157196,53011041312,7
2014-2017,55.13451004,53011041313,7
2014-2017,55.13451004,53011041317,7
2014-2017,55.13451004,53011041318,7
2014-2017,55.13451004,53011041319,7
2014-2017,55.13451004,53011041320,7
2014-2017,56.7092514,53011041321,8
2014-2017,55.13451004,53011041322,7
2014-2017,57.75,53011041323,9
2014-2017,57.75,53011041325,9
2014-2017,55.13451004,53011041326,7
2014-2017,56.7092514,53011041327,8
2014-2017,57.75,53011041328,9
2014-2017,57.75,53011041329,9
2014-2017,55.13451004,53011041330,7
2014-2017,55.13451004,53011041331,7
2014-2017,55.13451004,53011041332,7
2014-2017,55.13451004,53011041333,7
2014-2017,57.01699066,53011041400,9
2014-2017,57.58160019,53011041500,9
2014-2017,53.63676071,53011041600,5
2014-2017,53.63676071,53011041700,5
2014-2017,53.63676071,53011041800,5
2014-2017,53.63676071,53011041900,5
2014-2017,53.63676071,53011042000,5
2014-2017,53.63676071,53011042100,5
2014-2017,53.63676071,53011042300,5
2014-2017,53.63676071,53011042400,5
2014-2017,53.63676071,53011042500,5
2014-2017,53.63676071,53011042600,5
2014-2017,53.63676071,53011042700,5
2014-2017,53.63676071,53011042800,5
2014-2017,54.49617004,53011042900,6
2014-2017,54.49617004,53011043000,6
2014-2017,54.49617004,53011043100,6
2014-2017,59.74382019,53013960200,10
2014-2017,50.78968811,53015000300,3
2014-2017,50.8042984,53015000400,3
2014-2017,49.96226883,53015000501,3
2014-2017,49.96226883,53015000502,3
2014-2017,50.8042984,53015000601,3
2014-2017,50.8042984,53015000602,3
2014-2017,50.8042984,53015000702,3
2014-2017,50.78968811,53015000703,3
2014-2017,50.78968811,53015000704,3
2014-2017,50.8042984,53015000800,3
2014-2017,50.8042984,53015000900,3
2014-2017,50.8042984,53015001000,3
2014-2017,50.8042984,53015001100,3
2014-2017,52.32640839,53015001200,5
2014-2017,50.8042984,53015001300,3
2014-2017,55.50442123,53015001501,8
2014-2017,55.50442123,53015001502,8
2014-2017,53.83509064,53015001600,6
2014-2017,52.32640839,53015001700,5
2014-2017,55.28174973,53015001800,7
2014-2017,50.78968811,53015001900,3
2014-2017,51.61228943,53015002001,4
2014-2017,52.55038834,53015002002,5
2014-2017,50.8042984,53015002100,3
2014-2017,56.91553879,53017950100,9
2014-2017,57.74129105,53017950200,9
2014-2017,56.29296875,53017950300,8
2014-2017,56.16344833,53017950400,8
2014-2017,55.73857117,53017950500,8
2014-2017,55.73857117,53017950600,8
2014-2017,55.73857117,53017950700,8
2014-2017,55.73857117,53017950800,8
2014-2017,55.25691986,53019940000,7
2014-2017,54.03472137,53019970100,6
2014-2017,54.10186005,53019970200,6
2014-2017,65.17240906,53021020100,10
2014-2017,65.17240906,53021020200,10
2014-2017,65.17240906,53021020300,10
2014-2017,65.17240906,53021020400,10
2014-2017,65.1664505,53021020501,10
2014-2017,65.1664505,53021020502,10
2014-2017,65.1664505,53021020601,10
2014-2017,65.1664505,53021020603,10
2014-2017,65.1664505,53021020605,10
2014-2017,65.1664505,53021020606,10
2014-2017,65.18435669,53021020700,10
2014-2017,62.45384979,53021020800,10
2014-2017,65.17240906,53021980100,10
2014-2017,57.55887985,53023970300,9
2014-2017,56.42958832,53025010100,8
2014-2017,58.31335068,53025010200,9
2014-2017,57.69224167,53025010300,9
2014-2017,58.22740936,53025010400,9
2014-2017,57.35840988,53025010500,9
2014-2017,57.35840988,53025010600,9
2014-2017,58.45935822,53025010700,10
2014-2017,58.34494019,53025010800,9
2014-2017,58.3429184,53025010901,9
2014-2017,58.3429184,53025010902,9
2014-2017,58.3429184,53025011000,9
2014-2017,58.3429184,53025011100,9
2014-2017,57.35840988,53025011200,9
2014-2017,59.99671173,53025011300,10
2014-2017,60.3155899,53025011401,10
2014-2017,59.61299896,53025011402,10
2014-2017,53.40156174,53027000200,5
2014-2017,51.51551056,53027000300,4
2014-2017,52.51115036,53027000400,5
2014-2017,52.97663116,53027000500,5
2014-2017,53.63713074,53027000600,6
2014-2017,51.30424881,53027000700,4
2014-2017,51.15779877,53027000800,4
2014-2017,51.30424881,53027000900,4
2014-2017,51.51551056,53027001000,4
2014-2017,51.51551056,53027001100,4
2014-2017,51.51551056,53027001200,4
2014-2017,51.51551056,53027001300,4
2014-2017,51.50838852,53027001400,4
2014-2017,51.50838852,53027001500,4
2014-2017,51.30424881,53027001600,4
2014-2017,50.73064041,53027940000,3
2014-2017,51.14646912,53027990000,4
2014-2017,47.94953918,53029970100,2
2014-2017,47.65224838,53029970200,1
2014-2017,48.12594986,53029970300,2
2014-2017,47.51799011,53029970400,1
2014-2017,47.51799011,53029970500,1
2014-2017,47.51799011,53029970601,1
2014-2017,47.51799011,53029970602,1
2014-2017,47.51799011,53029970700,1
2014-2017,48.48197174,53029970800,2
2014-2017,48.48197174,53029970900,2
2014-2017,47.51799011,53029971000,1
2014-2017,48.05052948,53029971100,2
2014-2017,49.84706116,53029971300,3
2014-2017,49.73686981,53029971400,3
2014-2017,49.73686981,53029971500,3
2014-2017,49.73686981,53029971600,3
2014-2017,49.73686981,53029971700,3
2014-2017,50.24810028,53029971800,3
2014-2017,50.27177811,53029971900,3
2014-2017,50.27177811,53029972000,3
2014-2017,50.72048187,53029972100,3
2014-2017,48.2401619,53029992201,2
2014-2017,50.53475189,53031950202,3
2014-2017,49.47597885,53031950300,3
2014-2017,48.90343094,53031950400,2
2014-2017,48.66841125,53031950500,2
2014-2017,48.39939117,53031950601,2
2014-2017,48.39939117,53031950602,2
2014-2017,53.44031906,53031950702,5
2014-2017,51.49394989,53031990000,4
2014-2017,48.67927933,53033000100,2
2014-2017,47.43019104,53033000200,1
2014-2017,47.43019104,53033000300,1
2014-2017,47.43019104,53033000401,1
2014-2017,47.30986023,53033000402,1
2014-2017,50.53110886,53033000500,3
2014-2017,47.30986023,53033000600,1
2014-2017,47.43019104,53033000700,1
2014-2017,47.17514038,53033000800,1
2014-2017,47.17514038,53033000900,1
2014-2017,47.30986023,53033001000,1
2014-2017,47.30986023,53033001100,1
2014-2017,47.30986023,53033001200,1
2014-2017,47.30986023,53033001300,1
2014-2017,47.30986023,53033001400,1
2014-2017,50.57049942,53033001500,3
2014-2017,50.57049942,53033001600,3
2014-2017,47.30986023,53033001701,1
2014-2017,47.30986023,53033001702,1
2014-2017,47.30986023,53033001800,1
2014-2017,47.30986023,53033001900,1
2014-2017,47.30986023,53033002000,1
2014-2017,47.30986023,53033002100,1
2014-2017,47.17514038,53033002200,1
2014-2017,47.17514038,53033002400,1
2014-2017,47.30986023,53033002500,1
2014-2017,47.30986023,53033002600,1
2014-2017,47.30986023,53033002700,1
2014-2017,47.30986023,53033002800,1
2014-2017,47.30986023,53033002900,1
2014-2017,50.57049942,53033003000,3
2014-2017,50.57049942,53033003100,3
2014-2017,50.57049942,53033003200,3
2014-2017,50.57049942,53033003300,3
2014-2017,50.57049942,53033003400,3
2014-2017,46.66186905,53033003500,1
2014-2017,47.30986023,53033003600,1
2014-2017,47.30986023,53033003800,1
2014-2017,47.17514038,53033003900,1
2014-2017,47.17514038,53033004000,1
2014-2017,47.17514038,53033004100,1
2014-2017,47.17514038,53033004200,1
2014-2017,46.66186905,53033004301,1
2014-2017,46.66186905,53033004302,1
2014-2017,46.66186905,53033004400,1
2014-2017,46.66186905,53033004500,1
2014-2017,46.66186905,53033004600,1
2014-2017,50.57049942,53033004700,3
2014-2017,49.97515869,53033004800,3
2014-2017,46.66186905,53033004900,1
2014-2017,46.66186905,53033005000,1
2014-2017,46.66186905,53033005100,1
2014-2017,46.66186905,53033005200,1
2014-2017,46.66186905,53033005301,1
2014-2017,46.66186905,53033005302,1
2014-2017,46.66186905,53033005400,1
2014-2017,49.97515869,53033005600,3
2014-2017,50.57049942,53033005700,3
2014-2017,49.97515869,53033005801,3
2014-2017,49.97515869,53033005802,3
2014-2017,49.97515869,53033005900,3
2014-2017,46.66186905,53033006000,1
2014-2017,46.66186905,53033006100,1
2014-2017,45.00587082,53033006200,1
2014-2017,46.52696991,53033006300,1
2014-2017,45.00587082,53033006400,1
2014-2017,45.00587082,53033006500,1
2014-2017,45.00587082,53033006600,1
2014-2017,45.00587082,53033006700,1
2014-2017,45.00587082,53033006800,1
2014-2017,49.97515869,53033006900,3
2014-2017,45.00587082,53033007000,1
2014-2017,45.00587082,53033007100,1
2014-2017,45.00587082,53033007200,1
2014-2017,45.00587082,53033007300,1
2014-2017,45.00587082,53033007401,1
2014-2017,45.00587082,53033007402,1
2014-2017,45.00587082,53033007500,1
2014-2017,45.00587082,53033007600,1
2014-2017,45.00587082,53033007700,1
2014-2017,47.58419037,53033007800,1
2014-2017,45.00587082,53033007900,1
2014-2017,45.00587082,53033008001,1
2014-2017,45.00587082,53033008002,1
2014-2017,45.00587082,53033008100,1
2014-2017,45.00587082,53033008200,1
2014-2017,45.00587082,53033008300,1
2014-2017,45.00587082,53033008400,1
2014-2017,45.00587082,53033008500,1
2014-2017,45.00587082,53033008600,1
2014-2017,45.00587082,53033008700,1
2014-2017,45.00587082,53033008800,1
2014-2017,45.00587082,53033008900,1
2014-2017,45.00587082,53033009000,1
2014-2017,45.00587082,53033009100,1
2014-2017,45.00587082,53033009200,1
2014-2017,45.00587082,53033009300,1
2014-2017,44.75,53033009400,1
2014-2017,44.75,53033009500,1
2014-2017,49.79909134,53033009600,3
2014-2017,52.50112915,53033009701,5
2014-2017,52.50112915,53033009702,5
2014-2017,49.79909134,53033009800,3
2014-2017,52.50112915,53033009900,5
2014-2017,44.75,53033010001,1
2014-2017,44.75,53033010002,1
2014-2017,47.57886124,53033010100,1
2014-2017,49.22151184,53033010200,2
2014-2017,49.22151184,53033010300,2
2014-2017,49.22151184,53033010401,2
2014-2017,44.75,53033010402,1
2014-2017,52.50112915,53033010500,5
2014-2017,52.50112915,53033010600,5
2014-2017,52.50112915,53033010701,5
2014-2017,52.50112915,53033010702,5
2014-2017,52.50112915,53033010800,5
2014-2017,49.22151184,53033010900,2
2014-2017,49.22151184,53033011001,2
2014-2017,49.22151184,53033011002,2
2014-2017,49.22151184,53033011101,2
2014-2017,49.22151184,53033011102,2
2014-2017,50.8825798,53033011200,3
2014-2017,52.50112915,53033011300,5
2014-2017,52.50112915,53033011401,5
2014-2017,52.50112915,53033011402,5
2014-2017,52.50112915,53033011500,5
2014-2017,52.50112915,53033011600,5
2014-2017,49.22151184,53033011700,2
2014-2017,49.22151184,53033011800,2
2014-2017,51.01895905,53033011900,4
2014-2017,52.59090042,53033012000,5
2014-2017,52.59090042,53033012100,5
2014-2017,50.33697891,53033020100,3
2014-2017,47.76881027,53033020200,1
2014-2017,47.76881027,53033020300,1
2014-2017,47.76881027,53033020401,1
2014-2017,47.76881027,53033020402,1
2014-2017,47.76881027,53033020500,1
2014-2017,47.76881027,53033020600,1
2014-2017,47.76881027,53033020700,1
2014-2017,47.76881027,53033020800,1
2014-2017,47.43019104,53033020900,1
2014-2017,47.43019104,53033021000,1
2014-2017,47.43019104,53033021100,1
2014-2017,47.43019104,53033021300,1
2014-2017,47.43019104,53033021400,1
2014-2017,48.80664825,53033021500,2
2014-2017,48.80664825,53033021600,2
2014-2017,48.44963074,53033021700,2
2014-2017,48.44963074,53033021802,2
2014-2017,48.44963074,53033021803,2
2014-2017,48.44963074,53033021804,2
2014-2017,49.68320847,53033021903,3
2014-2017,50.60663986,53033021904,3
2014-2017,50.60663986,53033021905,3
2014-2017,50.60663986,53033021906,3
2014-2017,48.42638016,53033022001,2
2014-2017,48.42638016,53033022003,2
2014-2017,48.42638016,53033022005,2
2014-2017,48.42638016,53033022006,2
2014-2017,48.42638016,53033022101,2
2014-2017,48.42638016,53033022102,2
2014-2017,48.42638016,53033022201,2
2014-2017,48.42638016,53033022202,2
2014-2017,48.42638016,53033022203,2
2014-2017,48.42638016,53033022300,2
2014-2017,49.68320847,53033022400,3
2014-2017,50.57437897,53033022500,3
2014-2017,49.68320847,53033022603,3
2014-2017,50.57437897,53033022604,3
2014-2017,49.68320847,53033022605,3
2014-2017,50.57437897,53033022606,3
2014-2017,48.50535965,53033022701,2
2014-2017,50.57437897,53033022702,3
2014-2017,50.57437897,53033022703,3
2014-2017,50.88497162,53033022801,4
2014-2017,50.57437897,53033022802,3
2014-2017,50.88497162,53033022803,4
2014-2017,50.88497162,53033022901,4
2014-2017,52.72106934,53033022902,5
2014-2017,50.88497162,53033023000,4
2014-2017,52.72106934,53033023100,5
2014-2017,50.88497162,53033023201,4
2014-2017,52.72106934,53033023202,5
2014-2017,50.88497162,53033023300,4
2014-2017,50.98506927,53033023401,4
2014-2017,50.98506927,53033023403,4
2014-2017,53.5631485,53033023404,5
2014-2017,50.88497162,53033023500,4
2014-2017,50.88497162,53033023601,4
2014-2017,50.88497162,53033023603,4
2014-2017,50.88497162,53033023604,4
2014-2017,50.88497162,53033023700,4
2014-2017,50.88497162,53033023801,4
2014-2017,49.13668823,53033023803,2
2014-2017,49.13668823,53033023804,2
2014-2017,50.98506927,53033023900,4
2014-2017,50.88497162,53033024000,4
2014-2017,49.13668823,53033024100,2
2014-2017,49.13668823,53033024200,2
2014-2017,47.57886124,53033024300,1
2014-2017,50.08901978,53033024400,3
2014-2017,50.08901978,53033024500,3
2014-2017,49.22151184,53033024601,2
2014-2017,49.22151184,53033024602,2
2014-2017,50.98506927,53033024701,4
2014-2017,53.9449501,53033024702,6
2014-2017,50.98506927,53033024800,4
2014-2017,50.98506927,53033024901,4
2014-2017,50.98506927,53033024902,4
2014-2017,53.58433151,53033024903,5
2014-2017,53.9449501,53033025001,6
2014-2017,53.5631485,53033025003,5
2014-2017,53.9449501,53033025005,6
2014-2017,53.9449501,53033025006,6
2014-2017,53.9449501,53033025101,6
2014-2017,53.9449501,53033025102,6
2014-2017,53.9449501,53033025200,6
2014-2017,51.98733139,53033025301,4
2014-2017,51.98733139,53033025302,4
2014-2017,53.9449501,53033025400,6
2014-2017,53.9449501,53033025500,6
2014-2017,53.9449501,53033025601,6
2014-2017,53.9449501,53033025602,6
2014-2017,53.81801987,53033025701,6
2014-2017,53.81801987,53033025702,6
2014-2017,53.81801987,53033025803,6
2014-2017,53.81801987,53033025804,6
2014-2017,53.5291481,53033025805,5
2014-2017,53.5291481,53033025806,5
2014-2017,51.01895905,53033026001,4
2014-2017,51.63653183,53033026002,4
2014-2017,51.01895905,53033026100,4
2014-2017,51.01895905,53033026200,4
2014-2017,49.22151184,53033026300,2
2014-2017,50.8825798,53033026400,3
2014-2017,50.8825798,53033026500,3
2014-2017,52.59090042,53033026600,5
2014-2017,50.8825798,53033026700,3
2014-2017,50.8825798,53033026801,3
2014-2017,50.8825798,53033026802,3
2014-2017,50.8825798,53033027000,3
2014-2017,50.8825798,53033027100,3
2014-2017,51.01895905,53033027200,4
2014-2017,50.8825798,53033027300,3
2014-2017,50.8825798,53033027400,3
2014-2017,50.8825798,53033027500,3
2014-2017,50.8825798,53033027600,3
2014-2017,54.43716049,53033027701,6
2014-2017,54.89952087,53033027702,7
2014-2017,51.71046066,53033027800,4
2014-2017,51.71046066,53033027900,4
2014-2017,51.71046066,53033028000,4
2014-2017,51.63653183,53033028100,4
2014-2017,51.63653183,53033028200,4
2014-2017,51.63653183,53033028300,4
2014-2017,51.63653183,53033028402,4
2014-2017,51.77869034,53033028403,4
2014-2017,51.71046066,53033028500,4
2014-2017,52.03948975,53033028600,4
2014-2017,52.03948975,53033028700,4
2014-2017,52.03948975,53033028801,4
2014-2017,52.03948975,53033028802,4
2014-2017,52.03948975,53033028901,4
2014-2017,52.03948975,53033028902,4
2014-2017,51.63634872,53033029001,4
2014-2017,51.63634872,53033029003,4
2014-2017,51.63634872,53033029004,4
2014-2017,53.03477859,53033029101,5
2014-2017,51.63634872,53033029102,4
2014-2017,53.90068054,53033029203,6
2014-2017,53.90068054,53033029204,6
2014-2017,53.03477859,53033029205,5
2014-2017,53.90068054,53033029206,6
2014-2017,53.5291481,53033029303,5
2014-2017,54.74118042,53033029304,7
2014-2017,53.5291481,53033029305,5
2014-2017,54.74118042,53033029306,7
2014-2017,54.74118042,53033029307,7
2014-2017,53.90068054,53033029403,6
2014-2017,53.90068054,53033029405,6
2014-2017,53.90068054,53033029406,6
2014-2017,53.90068054,53033029407,6
2014-2017,53.90068054,53033029408,6
2014-2017,53.90068054,53033029502,6
2014-2017,53.90068054,53033029503,6
2014-2017,53.90068054,53033029504,6
2014-2017,54.92745972,53033029601,7
2014-2017,54.55971146,53033029602,7
2014-2017,53.90068054,53033029700,6
2014-2017,51.63634872,53033029801,4
2014-2017,51.8403511,53033029802,4
2014-2017,51.8403511,53033029901,4
2014-2017,53.43194962,53033029902,5
2014-2017,51.8403511,53033030003,4
2014-2017,51.63634872,53033030004,4
2014-2017,51.8403511,53033030005,4
2014-2017,51.8403511,53033030006,4
2014-2017,51.8403511,53033030100,4
2014-2017,51.8403511,53033030201,4
2014-2017,51.8403511,53033030202,4
2014-2017,52.43328094,53033030304,5
2014-2017,53.53236008,53033030305,5
2014-2017,53.53236008,53033030306,5
2014-2017,51.8403511,53033030308,4
2014-2017,51.8403511,53033030309,4
2014-2017,53.53236008,53033030310,5
2014-2017,53.53236008,53033030311,5
2014-2017,53.53236008,53033030312,5
2014-2017,51.8403511,53033030313,4
2014-2017,51.8403511,53033030314,4
2014-2017,51.8403511,53033030401,4
2014-2017,52.43328094,53033030403,5
2014-2017,52.43328094,53033030404,5
2014-2017,54.55971146,53033030501,7
2014-2017,54.55971146,53033030503,7
2014-2017,54.55971146,53033030504,7
2014-2017,54.55971146,53033030600,7
2014-2017,54.55971146,53033030700,7
2014-2017,54.55971146,53033030801,7
2014-2017,54.6216507,53033030802,7
2014-2017,53.06092834,53033030901,5
2014-2017,54.6216507,53033030902,7
2014-2017,54.6216507,53033031000,7
2014-2017,54.55971146,53033031100,7
2014-2017,57.11214066,53033031202,9
2014-2017,54.92745972,53033031204,7
2014-2017,54.55971146,53033031205,7
2014-2017,54.55971146,53033031206,7
2014-2017,59.47562027,53033031301,10
2014-2017,59.47562027,53033031302,10
2014-2017,59.47562027,53033031400,10
2014-2017,58.80342102,53033031501,10
2014-2017,59.47562027,53033031502,10
2014-2017,54.92745972,53033031601,7
2014-2017,57.36782837,53033031603,9
2014-2017,57.36782837,53033031604,9
2014-2017,57.36782837,53033031605,9
2014-2017,54.92745972,53033031703,7
2014-2017,54.92745972,53033031704,7
2014-2017,54.92745972,53033031705,7
2014-2017,54.92745972,53033031706,7
2014-2017,54.74118042,53033031800,7
2014-2017,53.9449501,53033031903,6
2014-2017,55.43033981,53033031904,8
2014-2017,55.43033981,53033031906,8
2014-2017,53.81801987,53033031907,6
2014-2017,53.81801987,53033031908,6
2014-2017,54.74118042,53033031909,7
2014-2017,55.43033981,53033032002,8
2014-2017,56.65211868,53033032003,8
2014-2017,57.36782837,53033032005,9
2014-2017,57.36782837,53033032006,9
2014-2017,57.36782837,53033032007,9
2014-2017,57.36782837,53033032008,9
2014-2017,57.36782837,53033032010,9
2014-2017,57.36782837,53033032011,9
2014-2017,55.75,53033032102,8
2014-2017,53.5631485,53033032103,5
2014-2017,55.75,53033032104,8
2014-2017,52.72106934,53033032203,5
2014-2017,53.5631485,53033032207,5
2014-2017,55.75,53033032208,8
2014-2017,55.56768036,53033032210,8
2014-2017,55.56768036,53033032211,8
2014-2017,55.56768036,53033032212,8
2014-2017,55.56768036,53033032213,8
2014-2017,55.56768036,53033032214,8
2014-2017,55.56768036,53033032215,8
2014-2017,52.1342392,53033032307,4
2014-2017,52.37707138,53033032309,5
2014-2017,52.1342392,53033032311,4
2014-2017,52.37707138,53033032313,5
2014-2017,53.70309067,53033032315,6
2014-2017,52.72106934,53033032316,5
2014-2017,53.89910889,53033032317,6
2014-2017,53.89910889,53033032318,6
2014-2017,50.60663986,53033032319,3
2014-2017,50.60663986,53033032320,3
2014-2017,52.37707138,53033032321,5
2014-2017,52.1342392,53033032322,4
2014-2017,52.37707138,53033032323,5
2014-2017,52.37707138,53033032324,5
2014-2017,52.37707138,53033032325,5
2014-2017,52.37707138,53033032326,5
2014-2017,52.37707138,53033032327,5
2014-2017,53.70309067,53033032328,6
2014-2017,53.70309067,53033032329,6
2014-2017,53.76198959,53033032401,6
2014-2017,53.76198959,53033032402,6
2014-2017,54.95056152,53033032500,7
2014-2017,57.23197174,53033032601,9
2014-2017,57.23197174,53033032602,9
2014-2017,58.3708992,53033032702,9
2014-2017,58.30358887,53033032703,9
2014-2017,58.3708992,53033032704,9
2014-2017,58.3708992,53033032800,9
2014-2017,51.44081116,53035080101,4
2014-2017,51.44081116,53035080102,4
2014-2017,51.44081116,53035080200,4
2014-2017,51.44081116,53035080300,4
2014-2017,52.25006866,53035080400,5
2014-2017,51.44081116,53035080500,4
2014-2017,51.44081116,53035080600,4
2014-2017,51.44081116,53035080700,4
2014-2017,53.25529099,53035080800,5
2014-2017,51.44081116,53035080900,4
2014-2017,51.44081116,53035081000,4
2014-2017,51.44081116,53035081100,4
2014-2017,51.44081116,53035081200,4
2014-2017,51.44081116,53035081400,4
2014-2017,51.49694061,53035090101,4
2014-2017,51.49694061,53035090102,4
2014-2017,51.13684082,53035090201,4
2014-2017,51.13684082,53035090202,4
2014-2017,51.69701004,53035090300,4
2014-2017,51.06858826,53035090400,4
2014-2017,51.00728989,53035090501,4
2014-2017,51.00728989,53035090502,4
2014-2017,52.08243942,53035090700,4
2014-2017,51.95119858,53035090800,4
2014-2017,52.08243942,53035090900,4
2014-2017,52.25006866,53035091000,5
2014-2017,51.06858826,53035091100,4
2014-2017,51.06858826,53035091201,4
2014-2017,51.06858826,53035091203,4
2014-2017,51.06858826,53035091204,4
2014-2017,53.06576157,53035091301,5
2014-2017,51.69701004,53035091302,4
2014-2017,51.88286972,53035091400,4
2014-2017,51.36301041,53035091500,4
2014-2017,51.36301041,53035091600,4
2014-2017,51.06858826,53035091700,4
2014-2017,52.25006866,53035091800,5
2014-2017,51.36301041,53035091900,4
2014-2017,53.25529099,53035092000,5
2014-2017,52.46998978,53035092100,5
2014-2017,52.8360405,53035092200,5
2014-2017,52.8360405,53035092300,5
2014-2017,52.8360405,53035092400,5
2014-2017,52.8360405,53035092500,5
2014-2017,52.33303833,53035092600,5
2014-2017,52.8360405,53035092701,5
2014-2017,53.51322937,53035092704,5
2014-2017,53.54357147,53035092801,5
2014-2017,54.18658066,53035092802,6
2014-2017,54.21762085,53035092803,6
2014-2017,53.27777863,53035092901,5
2014-2017,53.27777863,53035092902,5
2014-2017,51.49694061,53035940000,4
2014-2017,51.67061996,53035940100,4
2014-2017,56.88740921,53037975100,9
2014-2017,55.9650383,53037975200,8
2014-2017,56.06364822,53037975300,8
2014-2017,55.9650383,53037975401,8
2014-2017,55.9650383,53037975402,8
2014-2017,55.9650383,53037975500,8
2014-2017,55.9650383,53037975600,8
2014-2017,56.06364822,53037975700,8
2014-2017,58.60546875,53039950100,10
2014-2017,58.30295181,53039950200,9
2014-2017,55.57564926,53039950300,8
2014-2017,52.76504135,53041970100,5
2014-2017,52.22964096,53041970200,4
2014-2017,52.22964096,53041970300,4
2014-2017,52.22964096,53041970400,4
2014-2017,52.22964096,53041970500,4
2014-2017,52.22964096,53041970600,4
2014-2017,52.22964096,53041970700,4
2014-2017,52.22964096,53041970800,4
2014-2017,52.18637085,53041970900,4
2014-2017,52.18637085,53041971000,4
2014-2017,52.22964096,53041971100,4
2014-2017,53.43692017,53041971200,5
2014-2017,52.92161942,53041971300,5
2014-2017,52.18637085,53041971400,4
2014-2017,53.12672043,53041971500,5
2014-2017,53.12672043,53041971600,5
2014-2017,53.43692017,53041971700,5
2014-2017,55.49256897,53041971800,8
2014-2017,57.33420181,53041971900,9
2014-2017,56.68928909,53041972000,8
2014-2017,58.77405167,53043960100,10
2014-2017,58.77405167,53043960200,10
2014-2017,57.4667511,53043960300,9
2014-2017,58.89030075,53043960400,10
2014-2017,53.85363007,53045940000,6
2014-2017,54.36278915,53045960100,6
2014-2017,54.12984085,53045960200,6
2014-2017,54.10572815,53045960300,6
2014-2017,54.10572815,53045960400,6
2014-2017,53.79972076,53045960500,6
2014-2017,53.87483978,53045960600,6
2014-2017,53.87483978,53045960700,6
2014-2017,53.37493134,53045960800,5
2014-2017,53.37493134,53045960900,5
2014-2017,53.37493134,53045961000,5
2014-2017,53.37493134,53045961100,5
2014-2017,53.79972076,53045961200,6
2014-2017,53.37493134,53045961300,5
2014-2017,56.42958832,53047940100,8
2014-2017,54.80960083,53047940200,7
2014-2017,54.35321045,53047970300,6
2014-2017,55.16289902,53047970400,7
2014-2017,54.66305923,53047970500,7
2014-2017,54.80960083,53047970600,7
2014-2017,54.80960083,53047970700,7
2014-2017,54.92076111,53047970800,7
2014-2017,56.22531891,53047970900,8
2014-2017,56.22531891,53047971000,8
2014-2017,53.45000076,53049950200,5
2014-2017,53.45000076,53049950300,5
2014-2017,53.22880936,53049950400,5
2014-2017,53.92002106,53049950500,6
2014-2017,53.92002106,53049950600,6
2014-2017,53.51396179,53049950700,5
2014-2017,53.51396179,53049950800,5
2014-2017,54.58586121,53049990100,7
2014-2017,50.83705902,53051970100,3
2014-2017,56.4346199,53051970200,8
2014-2017,56.4346199,53051970300,8
2014-2017,57.18632889,53051970400,9
2014-2017,57.18632889,53051970500,9
2014-2017,53.15988159,53053060200,5
2014-2017,54.79433823,53053060300,7
2014-2017,54.79433823,53053060400,7
2014-2017,54.79433823,53053060500,7
2014-2017,54.39192963,53053060600,6
2014-2017,54.39192963,53053060700,6
2014-2017,54.39192963,53053060800,6
2014-2017,55.26673889,53053060903,7
2014-2017,54.79433823,53053060904,7
2014-2017,55.18420029,53053060905,7
2014-2017,54.39192963,53053060906,6
2014-2017,55.18420029,53053061001,7
2014-2017,54.39192963,53053061002,6
2014-2017,54.39192963,53053061100,6
2014-2017,54.39192963,53053061200,6
2014-2017,54.39192963,53053061300,6
2014-2017,53.15988159,53053061400,5
2014-2017,54.39192963,53053061500,6
2014-2017,53.15988159,53053061601,5
2014-2017,53.15988159,53053061602,5
2014-2017,54.39192963,53053061700,6
2014-2017,54.84312057,53053061800,7
2014-2017,54.84312057,53053061900,7
2014-2017,54.84312057,53053062000,7
2014-2017,54.84312057,53053062300,7
2014-2017,54.84312057,53053062400,7
2014-2017,54.84312057,53053062500,7
2014-2017,54.39192963,53053062600,6
2014-2017,54.39192963,53053062801,6
2014-2017,54.75923157,53053062802,7
2014-2017,54.75923157,53053062900,7
2014-2017,54.75923157,53053063000,7
2014-2017,54.84312057,53053063100,7
2014-2017,54.84312057,53053063200,7
2014-2017,54.84312057,53053063300,7
2014-2017,54.84312057,53053063400,7
2014-2017,54.84312057,53053063501,7
2014-2017,54.75923157,53053063502,7
2014-2017,58.1908493,53053070100,9
2014-2017,56.4194603,53053070203,8
2014-2017,58.40689087,53053070204,10
2014-2017,59.45845032,53053070205,10
2014-2017,58.40689087,53053070206,10
2014-2017,60.37485123,53053070207,10
2014-2017,57.86624908,53053070307,9
2014-2017,57.86624908,53053070308,9
2014-2017,57.86624908,53053070309,9
2014-2017,57.86624908,53053070310,9
2014-2017,57.86624908,53053070311,9
2014-2017,57.86624908,53053070312,9
2014-2017,56.51934052,53053070313,8
2014-2017,56.51934052,53053070314,8
2014-2017,56.02148056,53053070315,8
2014-2017,56.02148056,53053070316,8
2014-2017,55.64292145,53053070401,8
2014-2017,57.31201172,53053070403,9
2014-2017,56.4194603,53053070404,8
2014-2017,52.43328094,53053070703,5
2014-2017,55.22063828,53053071100,7
2014-2017,54.44121933,53053071205,6
2014-2017,54.44121933,53053071206,6
2014-2017,55.64292145,53053071207,8
2014-2017,55.54866028,53053071208,8
2014-2017,55.64292145,53053071209,8
2014-2017,55.64292145,53053071210,8
2014-2017,55.54866028,53053071304,8
2014-2017,55.22063828,53053071305,7
2014-2017,55.4466095,53053071306,8
2014-2017,55.54866028,53053071307,8
2014-2017,56.09077835,53053071309,8
2014-2017,55.54866028,53053071310,8
2014-2017,55.4466095,53053071403,8
2014-2017,55.92721939,53053071406,8
2014-2017,56.8850708,53053071407,9
2014-2017,55.4466095,53053071408,8
2014-2017,55.92721939,53053071409,8
2014-2017,55.92721939,53053071410,8
2014-2017,55.92721939,53053071411,8
2014-2017,54.75923157,53053071503,7
2014-2017,54.75923157,53053071504,7
2014-2017,55.4466095,53053071505,8
2014-2017,55.4466095,53053071506,8
2014-2017,54.84312057,53053071601,7
2014-2017,55.22063828,53053071602,7
2014-2017,54.75923157,53053071703,7
2014-2017,54.75923157,53053071704,7
2014-2017,54.75923157,53053071705,7
2014-2017,54.75923157,53053071706,7
2014-2017,54.75923157,53053071707,7
2014-2017,54.75923157,53053071803,7
2014-2017,54.75923157,53053071805,7
2014-2017,54.75923157,53053071806,7
2014-2017,54.75923157,53053071807,7
2014-2017,54.75923157,53053071808,7
2014-2017,54.75923157,53053071901,7
2014-2017,55.440979,53053071902,8
2014-2017,55.2737999,53053072000,7
2014-2017,54.74647903,53053072105,7
2014-2017,54.74647903,53053072106,7
2014-2017,55.440979,53053072107,8
2014-2017,55.440979,53053072108,8
2014-2017,55.37754059,53053072109,7
2014-2017,55.37754059,53053072111,7
2014-2017,55.37754059,53053072112,7
2014-2017,54.39192963,53053072305,6
2014-2017,54.74647903,53053072307,7
2014-2017,54.74647903,53053072308,7
2014-2017,54.74647903,53053072309,7
2014-2017,54.74647903,53053072310,7
2014-2017,54.74647903,53053072311,7
2014-2017,54.74647903,53053072312,7
2014-2017,54.74647903,53053072313,7
2014-2017,55.27350998,53053072405,7
2014-2017,54.71430969,53053072406,7
2014-2017,55.26673889,53053072407,7
2014-2017,55.26673889,53053072408,7
2014-2017,54.71430969,53053072409,7
2014-2017,55.68867874,53053072410,8
2014-2017,55.03327179,53053072503,7
2014-2017,54.71430969,53053072504,7
2014-2017,54.52376938,53053072505,7
2014-2017,54.71430969,53053072506,7
2014-2017,54.71430969,53053072507,7
2014-2017,54.92990112,53053072601,7
2014-2017,54.92990112,53053072602,7
2014-2017,55.77671814,53053072603,8
2014-2017,55.27627182,53053072800,7
2014-2017,54.75923157,53053072901,7
2014-2017,55.37754059,53053072903,7
2014-2017,55.59980011,53053072905,8
2014-2017,55.92721939,53053072906,8
2014-2017,55.2737999,53053072907,7
2014-2017,57.25782013,53053073001,9
2014-2017,57.49983978,53053073005,9
2014-2017,58.63497925,53053073006,10
2014-2017,56.09077835,53053073108,8
2014-2017,56.4194603,53053073110,8
2014-2017,55.54866028,53053073111,8
2014-2017,56.09077835,53053073113,8
2014-2017,56.8850708,53053073114,9
2014-2017,56.8850708,53053073115,9
2014-2017,57.1536293,53053073116,9
2014-2017,57.49983978,53053073117,9
2014-2017,57.1536293,53053073118,9
2014-2017,57.90921021,53053073119,9
2014-2017,56.09077835,53053073120,8
2014-2017,56.09077835,53053073121,8
2014-2017,56.09077835,53053073122,8
2014-2017,56.09077835,53053073123,8
2014-2017,56.09077835,53053073124,8
2014-2017,56.09077835,53053073125,8
2014-2017,56.09077835,53053073126,8
2014-2017,58.63497925,53053073200,10
2014-2017,55.38879013,53053073301,8
2014-2017,55.64292145,53053073302,8
2014-2017,55.64292145,53053073404,8
2014-2017,55.64292145,53053073405,8
2014-2017,55.64292145,53053073406,8
2014-2017,55.03231049,53053073407,7
2014-2017,55.03231049,53053073408,7
2014-2017,55.03231049,53053073500,7
2014-2017,53.53236008,53053940001,5
2014-2017,53.15988159,53053940002,5
2014-2017,55.03231049,53053940003,7
2014-2017,54.84312057,53053940004,7
2014-2017,53.18798065,53053940005,5
2014-2017,54.84312057,53053940006,7
2014-2017,54.84312057,53053940007,7
2014-2017,53.53236008,53053940008,5
2014-2017,55.03231049,53053940009,7
2014-2017,55.03231049,53053940010,7
2014-2017,53.56335068,53053940011,5
2014-2017,47.81903076,53055960100,2
2014-2017,46.97597122,53055960300,1
2014-2017,46.97597122,53055960400,1
2014-2017,47.62696075,53055960500,1
2014-2017,47.223629,53055990100,1
2014-2017,46.73786163,53057940200,1
2014-2017,43.5,53057940300,1
2014-2017,43.5,53057940400,1
2014-2017,43.5,53057940500,1
2014-2017,43.5,53057940600,1
2014-2017,43.5,53057940700,1
2014-2017,49.75,53057940800,3
2014-2017,44.21936035,53057950100,1
2014-2017,48.60794067,53057950800,2
2014-2017,50.21842957,53057950900,3
2014-2017,51.5753212,53057951000,4
2014-2017,54.07973862,53057951100,6
2014-2017,49.42530823,53057951200,3
2014-2017,49.42530823,53057951300,3
2014-2017,50.21842957,53057951400,3
2014-2017,50.21842957,53057951500,3
2014-2017,48.39813995,53057951600,2
2014-2017,48.20095062,53057951700,2
2014-2017,48.20095062,53057951800,2
2014-2017,48.20095062,53057951900,2
2014-2017,48.20095062,53057952100,2
2014-2017,49.42530823,53057952200,3
2014-2017,49.42530823,53057952301,3
2014-2017,49.42530823,53057952302,3
2014-2017,48.20095062,53057952401,2
2014-2017,49.42530823,53057952402,3
2014-2017,48.20095062,53057952500,2
2014-2017,48.20095062,53057952600,2
2014-2017,48.51861954,53057952700,2
2014-2017,46.73786163,53057990100,1
2014-2017,59.05926895,53059950100,10
2014-2017,57.19287109,53059950200,9
2014-2017,56.96614075,53059950300,9
2014-2017,56.96614075,53059950400,9
2014-2017,56.96614075,53059950500,9
2014-2017,46.95513153,53061040100,1
2014-2017,46.95513153,53061040200,1
2014-2017,46.95513153,53061040300,1
2014-2017,46.95513153,53061040400,1
2014-2017,49.00822067,53061040500,2
2014-2017,49.06290054,53061040700,2
2014-2017,49.06290054,53061040800,2
2014-2017,49.06290054,53061040900,2
2014-2017,49.06290054,53061041000,2
2014-2017,49.06290054,53061041100,2
2014-2017,49.06290054,53061041201,2
2014-2017,49.19614029,53061041202,2
2014-2017,49.86685944,53061041301,3
2014-2017,49.19614029,53061041303,2
2014-2017,49.19614029,53061041304,2
2014-2017,49.19614029,53061041400,2
2014-2017,49.19614029,53061041500,2
2014-2017,49.19614029,53061041601,2
2014-2017,49.19614029,53061041605,2
2014-2017,49.17647934,53061041606,2
2014-2017,50.03601074,53061041607,3
2014-2017,50.03601074,53061041608,3
2014-2017,49.19614029,53061041701,2
2014-2017,49.17647934,53061041703,2
2014-2017,49.17647934,53061041704,2
2014-2017,49.19614029,53061041805,2
2014-2017,49.19614029,53061041806,2
2014-2017,49.19614029,53061041808,2
2014-2017,49.19614029,53061041809,2
2014-2017,49.17647934,53061041810,2
2014-2017,49.17647934,53061041811,2
2014-2017,50.00880051,53061041812,3
2014-2017,50.00880051,53061041901,3
2014-2017,49.19614029,53061041903,2
2014-2017,49.19614029,53061041904,2
2014-2017,49.19614029,53061041905,2
2014-2017,49.86685944,53061042001,3
2014-2017,50.00880051,53061042003,3
2014-2017,50.00880051,53061042004,3
2014-2017,50.00880051,53061042005,3
2014-2017,50.00880051,53061042006,3
2014-2017,50.00880051,53061050101,3
2014-2017,50.00880051,53061050102,3
2014-2017,49.22571945,53061050200,2
2014-2017,49.22571945,53061050300,2
2014-2017,48.22027969,53061050401,2
2014-2017,48.22027969,53061050402,2
2014-2017,50.30821991,53061050500,3
2014-2017,50.30821991,53061050600,3
2014-2017,48.22027969,53061050700,2
2014-2017,48.22027969,53061050800,2
2014-2017,48.22027969,53061050900,2
2014-2017,48.22027969,53061051000,2
2014-2017,48.22027969,53061051100,2
2014-2017,48.22027969,53061051200,2
2014-2017,49.04748154,53061051300,2
2014-2017,48.22027969,53061051400,2
2014-2017,48.22027969,53061051500,2
2014-2017,48.76409912,53061051601,2
2014-2017,48.76409912,53061051602,2
2014-2017,48.76409912,53061051701,2
2014-2017,48.76409912,53061051702,2
2014-2017,48.76409912,53061051802,2
2014-2017,50.00880051,53061051803,3
2014-2017,49.17647934,53061051804,2
2014-2017,48.76409912,53061051905,2
2014-2017,50.56122971,53061051912,3
2014-2017,49.04748154,53061051913,2
2014-2017,49.04748154,53061051914,2
2014-2017,48.76409912,53061051915,2
2014-2017,48.37414932,53061051916,2
2014-2017,49.04748154,53061051917,2
2014-2017,48.37414932,53061051918,2
2014-2017,49.47703934,53061051921,3
2014-2017,48.76409912,53061051922,2
2014-2017,49.47703934,53061051923,3
2014-2017,49.47703934,53061051924,3
2014-2017,48.37414932,53061051925,2
2014-2017,50.56122971,53061051926,3
2014-2017,48.76409912,53061051927,2
2014-2017,48.76409912,53061051928,2
2014-2017,50.03601074,53061052003,3
2014-2017,49.17647934,53061052004,2
2014-2017,49.17647934,53061052005,2
2014-2017,50.03601074,53061052006,3
2014-2017,49.47703934,53061052007,3
2014-2017,49.24412155,53061052104,2
2014-2017,50.03601074,53061052105,3
2014-2017,50.71070099,53061052107,3
2014-2017,50.56122971,53061052108,3
2014-2017,51.88488007,53061052112,4
2014-2017,52.66397095,53061052113,5
2014-2017,50.03601074,53061052114,3
2014-2017,50.03601074,53061052115,3
2014-2017,50.03601074,53061052118,3
2014-2017,52.63927841,53061052203,5
2014-2017,52.63927841,53061052204,5
2014-2017,53.88658905,53061052206,6
2014-2017,53.88658905,53061052207,6
2014-2017,52.63927841,53061052208,5
2014-2017,52.63927841,53061052209,5
2014-2017,51.91746902,53061052301,4
2014-2017,50.5909996,53061052302,3
2014-2017,50.5909996,53061052401,3
2014-2017,50.5909996,53061052402,3
2014-2017,50.5909996,53061052502,3
2014-2017,50.04175949,53061052503,3
2014-2017,50.04175949,53061052504,3
2014-2017,50.04175949,53061052603,3
2014-2017,50.04175949,53061052604,3
2014-2017,52.06735992,53061052605,4
2014-2017,52.06735992,53061052606,4
2014-2017,50.04175949,53061052607,3
2014-2017,51.65536118,53061052701,4
2014-2017,50.70742035,53061052705,3
2014-2017,50.04175949,53061052706,3
2014-2017,50.04175949,53061052707,3
2014-2017,51.15129852,53061052708,4
2014-2017,51.15129852,53061052709,4
2014-2017,49.2933197,53061052803,3
2014-2017,49.2933197,53061052804,3
2014-2017,49.24412155,53061052805,2
2014-2017,49.24412155,53061052806,2
2014-2017,49.24412155,53061052903,2
2014-2017,49.24412155,53061052904,2
2014-2017,49.24412155,53061052905,2
2014-2017,49.24412155,53061052906,2
2014-2017,49.42604065,53061053101,3
2014-2017,49.42604065,53061053102,3
2014-2017,49.78448868,53061053201,3
2014-2017,50.53855896,53061053202,3
2014-2017,49.78448868,53061053301,3
2014-2017,49.78448868,53061053302,3
2014-2017,50.53562164,53061053400,3
2014-2017,52.1950798,53061053504,4
2014-2017,52.1950798,53061053505,4
2014-2017,52.19554901,53061053506,4
2014-2017,52.1950798,53061053507,4
2014-2017,52.1950798,53061053508,4
2014-2017,52.1950798,53061053509,4
2014-2017,54.34012985,53061053602,6
2014-2017,52.06735992,53061053603,4
2014-2017,53.5080986,53061053604,5
2014-2017,55.82350922,53061053700,8
2014-2017,52.63927841,53061053801,5
2014-2017,55.00638962,53061053802,7
2014-2017,55.00638962,53061053803,7
2014-2017,49.24412155,53061940001,2
2014-2017,50.53855896,53061940002,3
2014-2017,49.12937164,53061990002,2
2014-2017,57.57572174,53063000200,9
2014-2017,57.57572174,53063000300,9
2014-2017,57.57572174,53063000400,9
2014-2017,57.57572174,53063000500,9
2014-2017,57.57572174,53063000600,9
2014-2017,59.18733978,53063000700,10
2014-2017,59.18733978,53063000800,10
2014-2017,59.18733978,53063000900,10
2014-2017,59.18733978,53063001000,10
2014-2017,59.18733978,53063001100,10
2014-2017,57.45275879,53063001200,9
2014-2017,57.45275879,53063001300,9
2014-2017,57.45275879,53063001400,9
2014-2017,57.45275879,53063001500,9
2014-2017,57.45275879,53063001600,9
2014-2017,57.45275879,53063001800,9
2014-2017,57.45275879,53063001900,9
2014-2017,57.45275879,53063002000,9
2014-2017,59.1665802,53063002100,10
2014-2017,59.1665802,53063002300,10
2014-2017,57.45275879,53063002400,9
2014-2017,57.45275879,53063002500,9
2014-2017,57.45275879,53063002600,9
2014-2017,58.49837875,53063002900,10
2014-2017,57.48239899,53063003000,9
2014-2017,57.48239899,53063003100,9
2014-2017,57.48239899,53063003200,9
2014-2017,57.45275879,53063003500,9
2014-2017,57.48239899,53063003600,9
2014-2017,58.61587906,53063003800,10
2014-2017,57.48239899,53063003900,9
2014-2017,57.48239899,53063004000,9
2014-2017,57.48239899,53063004100,9
2014-2017,57.48239899,53063004200,9
2014-2017,57.48239899,53063004300,9
2014-2017,57.48239899,53063004400,9
2014-2017,57.48239899,53063004500,9
2014-2017,57.48239899,53063004601,9
2014-2017,58.49837875,53063004602,10
2014-2017,57.48239899,53063004700,9
2014-2017,59.68819046,53063004800,10
2014-2017,59.68819046,53063004900,10
2014-2017,59.68819046,53063005000,10
2014-2017,58.2514801,53063010100,9
2014-2017,57.55464172,53063010201,9
2014-2017,58.47634888,53063010202,10
2014-2017,58.18630981,53063010301,9
2014-2017,58.95627975,53063010303,10
2014-2017,57.82965851,53063010304,9
2014-2017,59.06546021,53063010305,10
2014-2017,59.33666992,53063010401,10
2014-2017,59.47563171,53063010402,10
2014-2017,58.39413071,53063010501,9
2014-2017,58.39413071,53063010503,9
2014-2017,59.06546021,53063010504,10
2014-2017,59.18733978,53063010601,10
2014-2017,59.18733978,53063010602,10
2014-2017,57.57572174,53063010700,9
2014-2017,58.39413071,53063010800,9
2014-2017,57.57572174,53063010900,9
2014-2017,57.57572174,53063011000,9
2014-2017,57.57572174,53063011101,9
2014-2017,57.57572174,53063011102,9
2014-2017,57.57572174,53063011201,9
2014-2017,58.39413071,53063011202,9
2014-2017,57.94837952,53063011300,9
2014-2017,57.94837952,53063011400,9
2014-2017,58.10634995,53063011500,9
2014-2017,57.94837952,53063011600,9
2014-2017,57.94837952,53063011701,9
2014-2017,57.94837952,53063011702,9
2014-2017,57.94837952,53063011800,9
2014-2017,59.25503922,53063011900,10
2014-2017,59.25503922,53063012000,10
2014-2017,58.10634995,53063012100,9
2014-2017,58.49837875,53063012200,10
2014-2017,58.49837875,53063012300,10
2014-2017,59.25503922,53063012401,10
2014-2017,59.25503922,53063012402,10
2014-2017,59.25503922,53063012500,10
2014-2017,59.25503922,53063012600,10
2014-2017,59.25503922,53063012701,10
2014-2017,59.25503922,53063012702,10
2014-2017,59.25503922,53063012801,10
2014-2017,59.25503922,53063012802,10
2014-2017,57.94837952,53063012901,9
2014-2017,59.25503922,53063012902,10
2014-2017,59.22158051,53063013000,10
2014-2017,59.22158051,53063013100,10
2014-2017,58.3393898,53063013201,9
2014-2017,58.71133041,53063013202,10
2014-2017,59.22158051,53063013300,10
2014-2017,58.49837875,53063013401,10
2014-2017,59.68819046,53063013500,10
2014-2017,58.61587906,53063013600,10
2014-2017,59.1665802,53063013700,10
2014-2017,59.4651413,53063013800,10
2014-2017,59.50497055,53063013900,10
2014-2017,59.1865387,53063014001,10
2014-2017,59.1865387,53063014002,10
2014-2017,59.1865387,53063014100,10
2014-2017,59.1865387,53063014200,10
2014-2017,59.94947052,53063014300,10
2014-2017,61,53063014400,10
2014-2017,57.45275879,53063014500,9
2014-2017,58.49517822,53065941000,10
2014-2017,52.91482162,53065950100,5
2014-2017,52.70484161,53065950200,5
2014-2017,52.70484161,53065950300,5
2014-2017,52.70484161,53065950500,5
2014-2017,52.70484161,53065950600,5
2014-2017,55.99502945,53065950700,8
2014-2017,55.99502945,53065950800,8
2014-2017,56.33613968,53065950900,8
2014-2017,58.23799896,53065951100,9
2014-2017,57.86355972,53065951300,9
2014-2017,58.82162094,53065951400,10
2014-2017,52.72890091,53067010100,5
2014-2017,52.72890091,53067010200,5
2014-2017,52.72890091,53067010300,5
2014-2017,52.72890091,53067010400,5
2014-2017,52.72890091,53067010510,5
2014-2017,52.72890091,53067010520,5
2014-2017,52.72890091,53067010600,5
2014-2017,53.46821976,53067010700,5
2014-2017,53.46821976,53067010800,5
2014-2017,52.72890091,53067010910,5
2014-2017,52.31856155,53067010920,5
2014-2017,52.31856155,53067011000,5
2014-2017,52.72890091,53067011100,5
2014-2017,53.55641937,53067011200,5
2014-2017,54.08124924,53067011300,6
2014-2017,54.08124924,53067011410,6
2014-2017,54.08124924,53067011420,6
2014-2017,53.85216141,53067011500,6
2014-2017,54.08124924,53067011610,6
2014-2017,54.08124924,53067011621,6
2014-2017,54.08124924,53067011622,6
2014-2017,54.08124924,53067011623,6
2014-2017,54.08124924,53067011624,6
2014-2017,53.46821976,53067011710,5
2014-2017,53.46821976,53067011720,5
2014-2017,53.82521057,53067011810,6
2014-2017,54.45458984,53067011821,6
2014-2017,53.69240952,53067011822,6
2014-2017,53.8142395,53067011900,6
2014-2017,53.8142395,53067012000,6
2014-2017,53.97566986,53067012100,6
2014-2017,53.42284012,53067012211,5
2014-2017,53.55641937,53067012212,5
2014-2017,53.85216141,53067012221,6
2014-2017,53.85216141,53067012222,6
2014-2017,53.85216141,53067012310,6
2014-2017,53.85216141,53067012320,6
2014-2017,53.85216141,53067012330,6
2014-2017,56.83494186,53067012411,8
2014-2017,56.83494186,53067012412,8
2014-2017,55.14226913,53067012420,7
2014-2017,57.95336151,53067012510,9
2014-2017,57.31864166,53067012520,9
2014-2017,57.12934113,53067012530,9
2014-2017,55.14226913,53067012610,7
2014-2017,54.39286041,53067012620,6
2014-2017,52.81116104,53067012710,5
2014-2017,52.76504135,53067012720,5
2014-2017,53.93045044,53067012730,6
2014-2017,52.84954071,53069950100,5
2014-2017,65.37220001,53071920000,10
2014-2017,61.99386978,53071920100,10
2014-2017,60.66799927,53071920200,10
2014-2017,61.19527817,53071920300,10
2014-2017,61.19527817,53071920400,10
2014-2017,60.66799927,53071920500,10
2014-2017,60.66799927,53071920600,10
2014-2017,60.66799927,53071920701,10
2014-2017,60.66799927,53071920702,10
2014-2017,60.66799927,53071920801,10
2014-2017,60.66799927,53071920802,10
2014-2017,60.66799927,53071920900,10
2014-2017,47.9221611,53073000100,2
2014-2017,48.26808929,53073000200,2
2014-2017,47.9221611,53073000300,2
2014-2017,47.9221611,53073000400,2
2014-2017,47.77526093,53073000501,1
2014-2017,47.77526093,53073000502,1
2014-2017,47.77526093,53073000600,1
2014-2017,47.9221611,53073000700,2
2014-2017,47.9221611,53073000803,2
2014-2017,49.84664154,53073000804,3
2014-2017,49.84664154,53073000805,3
2014-2017,50.17253876,53073000806,3
2014-2017,47.77526093,53073000901,1
2014-2017,47.77526093,53073000902,1
2014-2017,47.77526093,53073001000,1
2014-2017,47.77526093,53073001100,1
2014-2017,47.77526093,53073001201,1
2014-2017,47.77526093,53073001202,1
2014-2017,52.40789032,53073010100,5
2014-2017,49.75355148,53073010200,3
2014-2017,49.75355148,53073010301,3
2014-2017,49.75355148,53073010302,3
2014-2017,49.75355148,53073010303,3
2014-2017,47.8251915,53073010401,2
2014-2017,47.8251915,53073010403,2
2014-2017,47.33242035,53073010404,1
2014-2017,47.46831894,53073010501,1
2014-2017,47.46831894,53073010502,1
2014-2017,47.46831894,53073010600,1
2014-2017,49.75355148,53073010701,3
2014-2017,50.72571945,53073010702,3
2014-2017,48.10227966,53073010900,2
2014-2017,47.80772018,53073011000,2
2014-2017,47.96086884,53073940000,2
2014-2017,54.33113861,53075000100,6
2014-2017,54.33113861,53075000200,6
2014-2017,54.33113861,53075000300,6
2014-2017,54.33113861,53075000400,6
2014-2017,54.33113861,53075000500,6
2014-2017,54.33113861,53075000600,6
2014-2017,55.13177109,53075000700,7
2014-2017,56.00001144,53075000800,8
2014-2017,57.19839096,53075000900,9
2014-2017,53.45566177,53075001000,5
2014-2017,56.7130394,53077000100,8
2014-2017,56.25563812,53077000200,8
2014-2017,56.25563812,53077000300,8
2014-2017,56.814991,53077000400,8
2014-2017,56.25563812,53077000500,8
2014-2017,56.25563812,53077000600,8
2014-2017,56.7130394,53077000700,8
2014-2017,56.7130394,53077000800,8
2014-2017,56.57048035,53077000901,8
2014-2017,56.57048035,53077000902,8
2014-2017,56.7130394,53077001000,8
2014-2017,56.7130394,53077001100,8
2014-2017,56.7130394,53077001201,8
2014-2017,56.7130394,53077001202,8
2014-2017,56.7130394,53077001300,8
2014-2017,56.7130394,53077001400,8
2014-2017,56.7130394,53077001501,8
2014-2017,56.7130394,53077001502,8
2014-2017,56.25563812,53077001601,8
2014-2017,56.25563812,53077001602,8
2014-2017,56.8657608,53077001701,8
2014-2017,56.75751877,53077001702,8
2014-2017,60.15850067,53077001800,10
2014-2017,61.92919922,53077001901,10
2014-2017,61.92919922,53077001902,10
2014-2017,60.15850067,53077002001,10
2014-2017,60.15850067,53077002002,10
2014-2017,61.10475922,53077002101,10
2014-2017,60.15850067,53077002102,10
2014-2017,58.35517883,53077002200,9
2014-2017,61.92919922,53077002701,10
2014-2017,56.54335022,53077002801,8
2014-2017,56.57048035,53077002802,8
2014-2017,56.814991,53077002900,8
2014-2017,57.10765076,53077003001,9
2014-2017,56.95775986,53077003002,9
2014-2017,56.8657608,53077003100,8
2014-2017,56.25563812,53077003200,8
2014-2017,56.25563812,53077003400,8
2014-2017,57.40071869,53077940001,9
2014-2017,58.35517883,53077940002,9
2014-2017,59.29251862,53077940003,10
2014-2017,57.40071869,53077940004,9
2014-2017,58.35517883,53077940005,9
2014-2017,58.35517883,53077940006,9
,,,
,,,
Ozone Concentration,,,
"Geography: Census Tract, Time Period: 2014-2017",,,
Created: 9/13/2024,,,
,,,
"""**"" indicates data suppression to protect confidentiality.",,,
,,,
"""--"" indicates no data collected.",,,
,,,
"""NR"" indicates data are not reliable.",,,
