County Name,YearGroup,Census Tract,Count,IBL Rank
n/a,2014-2017,State Total,0.43569492,5
Adams,2014-2017,53001950100,0.33381386,2
Adams,2014-2017,53001950200,0.34707074,2
Adams,2014-2017,53001950300,0.40204712,4
Adams,2014-2017,53001950400,0.37870852,3
Adams,2014-2017,53001950500,0.40204712,4
Asotin,2014-2017,53003960100,0.35295885,2
Asotin,2014-2017,53003960200,0.53254016,9
Asotin,2014-2017,53003960300,0.53254016,9
Asotin,2014-2017,53003960400,0.40045364,4
Asotin,2014-2017,53003960500,0.40045364,4
Asotin,2014-2017,53003960600,0.40045364,4
Benton,2014-2017,53005010100,0.45592322,6
Benton,2014-2017,53005010201,0.44773906,6
Benton,2014-2017,53005010202,0.44773906,6
Benton,2014-2017,53005010300,0.45592322,6
Benton,2014-2017,53005010400,0.45592322,6
Benton,2014-2017,53005010500,0.45592322,6
Benton,2014-2017,53005010600,0.45592322,6
Benton,2014-2017,53005010701,0.39552394,3
Benton,2014-2017,53005010703,0.38280405,3
Benton,2014-2017,53005010705,0.40504376,4
Benton,2014-2017,53005010707,0.40504376,4
Benton,2014-2017,53005010708,0.40504376,4
Benton,2014-2017,53005010803,0.45592322,6
Benton,2014-2017,53005010805,0.45592322,6
Benton,2014-2017,53005010807,0.40504376,4
Benton,2014-2017,53005010809,0.39699671,4
Benton,2014-2017,53005010810,0.39758988,4
Benton,2014-2017,53005010811,0.39531684,3
Benton,2014-2017,53005010813,0.42404165,5
Benton,2014-2017,53005010814,0.37548931,3
Benton,2014-2017,53005010901,0.44793727,6
Benton,2014-2017,53005010902,0.44793727,6
Benton,2014-2017,53005011001,0.49812047,9
Benton,2014-2017,53005011002,0.44793727,6
Benton,2014-2017,53005011100,0.49812047,9
Benton,2014-2017,53005011200,0.49812047,9
Benton,2014-2017,53005011300,0.49812047,9
Benton,2014-2017,53005011401,0.45474962,6
Benton,2014-2017,53005011402,0.45474962,6
Benton,2014-2017,53005011501,0.49812047,9
Benton,2014-2017,53005011503,0.45474962,6
Benton,2014-2017,53005011504,0.45474962,6
Benton,2014-2017,53005011600,0.5829335,9
Benton,2014-2017,53005011700,0.55425194,9
Benton,2014-2017,53005011800,0.58218649,9
Benton,2014-2017,53005011900,0.42521583,5
Benton,2014-2017,53005012000,0.39332057,3
Chelan,2014-2017,53007960100,0.28182744,1
Chelan,2014-2017,53007960200,0.59197567,10
Chelan,2014-2017,53007960300,0.23111959,1
Chelan,2014-2017,53007960400,0.20708502,1
Chelan,2014-2017,53007960500,0.59197567,10
Chelan,2014-2017,53007960600,0.43138032,5
Chelan,2014-2017,53007960700,0.40881072,4
Chelan,2014-2017,53007960801,0.45450721,6
Chelan,2014-2017,53007960802,0.51401561,9
Chelan,2014-2017,53007961000,0.53462492,9
Chelan,2014-2017,53007961100,0.53462492,9
Chelan,2014-2017,53007961200,0.62233398,10
Chelan,2014-2017,53007961301,0.40961233,4
Chelan,2014-2017,53007961302,0.45450721,6
Clallam,2014-2017,53009000200,0.19946954,1
Clallam,2014-2017,53009000300,0.09728571,1
Clallam,2014-2017,53009000400,0.14809533,1
Clallam,2014-2017,53009000600,0.25908875,1
Clallam,2014-2017,53009000700,0.52903214,9
Clallam,2014-2017,53009000800,0.52903214,9
Clallam,2014-2017,53009000900,0.52903214,9
Clallam,2014-2017,53009001000,0.52903214,9
Clallam,2014-2017,53009001100,0.52903214,9
Clallam,2014-2017,53009001200,0.52903214,9
Clallam,2014-2017,53009001300,0.34059327,2
Clallam,2014-2017,53009001400,0.29226063,2
Clallam,2014-2017,53009001500,0.52903214,9
Clallam,2014-2017,53009001600,0.2447085,1
Clallam,2014-2017,53009001700,0.22565235,1
Clallam,2014-2017,53009001800,0.20642598,1
Clallam,2014-2017,53009001900,0.2178092,1
Clallam,2014-2017,53009002000,0.19607448,1
Clallam,2014-2017,53009002100,0.19607448,1
Clallam,2014-2017,53009002300,0.19833546,1
Clallam,2014-2017,53009940000,0.11076842,1
Clallam,2014-2017,53009990100,0.52903214,9
Clark,2014-2017,53011040101,0.29123226,2
Clark,2014-2017,53011040102,0.31672556,2
Clark,2014-2017,53011040201,0.37872626,3
Clark,2014-2017,53011040202,0.34936781,2
Clark,2014-2017,53011040203,0.41126439,4
Clark,2014-2017,53011040301,0.38981089,3
Clark,2014-2017,53011040302,0.41615216,4
Clark,2014-2017,53011040403,0.42287839,5
Clark,2014-2017,53011040407,0.42406515,5
Clark,2014-2017,53011040408,0.43660576,5
Clark,2014-2017,53011040409,0.44293954,5
Clark,2014-2017,53011040411,0.44293954,5
Clark,2014-2017,53011040412,0.44293954,5
Clark,2014-2017,53011040413,0.42406515,5
Clark,2014-2017,53011040414,0.41126439,4
Clark,2014-2017,53011040415,0.41126439,4
Clark,2014-2017,53011040416,0.41126439,4
Clark,2014-2017,53011040504,0.36177225,3
Clark,2014-2017,53011040505,0.40618204,4
Clark,2014-2017,53011040507,0.48026386,8
Clark,2014-2017,53011040508,0.48026386,8
Clark,2014-2017,53011040509,0.49579022,9
Clark,2014-2017,53011040510,0.44609139,6
Clark,2014-2017,53011040511,0.39696221,4
Clark,2014-2017,53011040603,0.45303174,6
Clark,2014-2017,53011040604,0.47211335,8
Clark,2014-2017,53011040605,0.45404393,6
Clark,2014-2017,53011040608,0.4659924,7
Clark,2014-2017,53011040609,0.45404393,6
Clark,2014-2017,53011040610,0.45404393,6
Clark,2014-2017,53011040703,0.47211335,8
Clark,2014-2017,53011040706,0.47211335,8
Clark,2014-2017,53011040707,0.47211335,8
Clark,2014-2017,53011040709,0.47211335,8
Clark,2014-2017,53011040710,0.47211335,8
Clark,2014-2017,53011040711,0.47211335,8
Clark,2014-2017,53011040712,0.47211335,8
Clark,2014-2017,53011040803,0.46782259,8
Clark,2014-2017,53011040805,0.46782259,8
Clark,2014-2017,53011040806,0.46782259,8
Clark,2014-2017,53011040808,0.46782259,8
Clark,2014-2017,53011040809,0.46782259,8
Clark,2014-2017,53011040810,0.46782259,8
Clark,2014-2017,53011040904,0.44293954,5
Clark,2014-2017,53011040905,0.42882272,5
Clark,2014-2017,53011040907,0.42882272,5
Clark,2014-2017,53011040908,0.44293954,5
Clark,2014-2017,53011040909,0.44293954,5
Clark,2014-2017,53011040910,0.44293954,5
Clark,2014-2017,53011041003,0.4676184,7
Clark,2014-2017,53011041005,0.45570137,6
Clark,2014-2017,53011041007,0.45736872,7
Clark,2014-2017,53011041008,0.45736872,7
Clark,2014-2017,53011041009,0.45736872,7
Clark,2014-2017,53011041010,0.46782259,8
Clark,2014-2017,53011041011,0.4676184,7
Clark,2014-2017,53011041104,0.47211335,8
Clark,2014-2017,53011041105,0.46782259,8
Clark,2014-2017,53011041107,0.46782259,8
Clark,2014-2017,53011041108,0.61947033,10
Clark,2014-2017,53011041110,0.61947033,10
Clark,2014-2017,53011041111,0.61947033,10
Clark,2014-2017,53011041112,0.61947033,10
Clark,2014-2017,53011041201,0.61947033,10
Clark,2014-2017,53011041203,0.61947033,10
Clark,2014-2017,53011041205,0.61947033,10
Clark,2014-2017,53011041206,0.61947033,10
Clark,2014-2017,53011041309,0.4835131,8
Clark,2014-2017,53011041310,0.4835131,8
Clark,2014-2017,53011041312,0.47211335,8
Clark,2014-2017,53011041313,0.47620156,8
Clark,2014-2017,53011041317,0.47620156,8
Clark,2014-2017,53011041318,0.4842452,8
Clark,2014-2017,53011041319,0.47620156,8
Clark,2014-2017,53011041320,0.4842452,8
Clark,2014-2017,53011041321,0.45701075,7
Clark,2014-2017,53011041322,0.4842452,8
Clark,2014-2017,53011041323,0.4835131,8
Clark,2014-2017,53011041325,0.48364925,8
Clark,2014-2017,53011041326,0.47620156,8
Clark,2014-2017,53011041327,0.45701075,7
Clark,2014-2017,53011041328,0.4659924,7
Clark,2014-2017,53011041329,0.4659924,7
Clark,2014-2017,53011041330,0.47620156,8
Clark,2014-2017,53011041331,0.47620156,8
Clark,2014-2017,53011041332,0.47620156,8
Clark,2014-2017,53011041333,0.47620156,8
Clark,2014-2017,53011041400,0.49579022,9
Clark,2014-2017,53011041500,0.49579022,9
Clark,2014-2017,53011041600,0.61947033,10
Clark,2014-2017,53011041700,0.4676184,7
Clark,2014-2017,53011041800,0.4676184,7
Clark,2014-2017,53011041900,0.4676184,7
Clark,2014-2017,53011042000,0.4676184,7
Clark,2014-2017,53011042100,0.4676184,7
Clark,2014-2017,53011042300,0.4676184,7
Clark,2014-2017,53011042400,0.4676184,7
Clark,2014-2017,53011042500,0.4676184,7
Clark,2014-2017,53011042600,0.61947033,10
Clark,2014-2017,53011042700,0.61947033,10
Clark,2014-2017,53011042800,0.61947033,10
Clark,2014-2017,53011042900,0.61947033,10
Clark,2014-2017,53011043000,0.61947033,10
Clark,2014-2017,53011043100,0.61947033,10
Columbia,2014-2017,53013960200,0.2935172,2
Cowlitz,2014-2017,53015000300,0.41550708,4
Cowlitz,2014-2017,53015000400,0.41550708,4
Cowlitz,2014-2017,53015000501,0.41550708,4
Cowlitz,2014-2017,53015000502,0.41550708,4
Cowlitz,2014-2017,53015000601,0.41550708,4
Cowlitz,2014-2017,53015000602,0.41550708,4
Cowlitz,2014-2017,53015000702,0.37646577,3
Cowlitz,2014-2017,53015000703,0.37646577,3
Cowlitz,2014-2017,53015000704,0.37646577,3
Cowlitz,2014-2017,53015000800,0.37646577,3
Cowlitz,2014-2017,53015000900,0.3454986,2
Cowlitz,2014-2017,53015001000,0.3454986,2
Cowlitz,2014-2017,53015001100,0.41550708,4
Cowlitz,2014-2017,53015001200,0.38108133,3
Cowlitz,2014-2017,53015001300,0.3454986,2
Cowlitz,2014-2017,53015001501,0.28226686,1
Cowlitz,2014-2017,53015001502,0.40234673,4
Cowlitz,2014-2017,53015001600,0.38516052,3
Cowlitz,2014-2017,53015001700,0.38516052,3
Cowlitz,2014-2017,53015001800,0.23404554,1
Cowlitz,2014-2017,53015001900,0.37646577,3
Cowlitz,2014-2017,53015002001,0.33275017,2
Cowlitz,2014-2017,53015002002,0.29072368,2
Cowlitz,2014-2017,53015002100,0.41550708,4
Douglas,2014-2017,53017950100,0.41539506,4
Douglas,2014-2017,53017950200,0.62233398,10
Douglas,2014-2017,53017950300,0.62233398,10
Douglas,2014-2017,53017950400,0.51401561,9
Douglas,2014-2017,53017950500,0.53462492,9
Douglas,2014-2017,53017950600,0.53462492,9
Douglas,2014-2017,53017950700,0.53462492,9
Douglas,2014-2017,53017950800,0.53462492,9
Ferry,2014-2017,53019940000,0.3808885,3
Ferry,2014-2017,53019970100,0.51732005,9
Ferry,2014-2017,53019970200,0.39303053,3
Franklin,2014-2017,53021020100,0.49812047,9
Franklin,2014-2017,53021020200,0.49812047,9
Franklin,2014-2017,53021020300,0.49812047,9
Franklin,2014-2017,53021020400,0.49812047,9
Franklin,2014-2017,53021020501,0.44793727,6
Franklin,2014-2017,53021020502,0.49812047,9
Franklin,2014-2017,53021020601,0.45592322,6
Franklin,2014-2017,53021020603,0.44673405,6
Franklin,2014-2017,53021020605,0.44673405,6
Franklin,2014-2017,53021020606,0.45592322,6
Franklin,2014-2017,53021020700,0.46259861,7
Franklin,2014-2017,53021020800,0.36269529,3
Franklin,2014-2017,53021980100,0.4365642,5
Garfield,2014-2017,53023970300,0.26579961,1
Grant,2014-2017,53025010100,0.38102226,3
Grant,2014-2017,53025010200,0.38241718,3
Grant,2014-2017,53025010300,0.34833418,2
Grant,2014-2017,53025010400,0.34578598,2
Grant,2014-2017,53025010500,0.4789135,8
Grant,2014-2017,53025010600,0.43256362,5
Grant,2014-2017,53025010700,0.4789135,8
Grant,2014-2017,53025010800,0.38468446,3
Grant,2014-2017,53025010901,0.40837454,4
Grant,2014-2017,53025010902,0.40837454,4
Grant,2014-2017,53025011000,0.40837454,4
Grant,2014-2017,53025011100,0.40837454,4
Grant,2014-2017,53025011200,0.40672044,4
Grant,2014-2017,53025011300,0.37114695,3
Grant,2014-2017,53025011401,0.38817183,3
Grant,2014-2017,53025011402,0.46489119,7
Grays Harbor,2014-2017,53027000200,0.19320046,1
Grays Harbor,2014-2017,53027000300,0.19457816,1
Grays Harbor,2014-2017,53027000400,0.22743617,1
Grays Harbor,2014-2017,53027000500,0.23900023,1
Grays Harbor,2014-2017,53027000600,0.22703434,1
Grays Harbor,2014-2017,53027000700,0.34967526,2
Grays Harbor,2014-2017,53027000800,0.3357663,2
Grays Harbor,2014-2017,53027000900,0.3357663,2
Grays Harbor,2014-2017,53027001000,0.3357663,2
Grays Harbor,2014-2017,53027001100,0.19457816,1
Grays Harbor,2014-2017,53027001200,0.3357663,2
Grays Harbor,2014-2017,53027001300,0.2585004,1
Grays Harbor,2014-2017,53027001400,0.23817924,1
Grays Harbor,2014-2017,53027001500,0.2585004,1
Grays Harbor,2014-2017,53027001600,0.2585004,1
Grays Harbor,2014-2017,53027940000,0.15996602,1
Grays Harbor,2014-2017,53027990000,0.15996602,1
Island,2014-2017,53029970100,0.09600492,1
Island,2014-2017,53029970200,0.12919746,1
Island,2014-2017,53029970300,0.12503912,1
Island,2014-2017,53029970400,0.11081736,1
Island,2014-2017,53029970500,0.12502104,1
Island,2014-2017,53029970601,0.09816482,1
Island,2014-2017,53029970602,0.01351248,1
Island,2014-2017,53029970700,0.10774258,1
Island,2014-2017,53029970800,0.10774258,1
Island,2014-2017,53029970900,0.11467344,1
Island,2014-2017,53029971000,0.15220587,1
Island,2014-2017,53029971100,0.19250856,1
Island,2014-2017,53029971300,0.25761655,1
Island,2014-2017,53029971400,0.20855349,1
Island,2014-2017,53029971500,0.2443133,1
Island,2014-2017,53029971600,0.24499756,1
Island,2014-2017,53029971700,0.36058427,3
Island,2014-2017,53029971800,0.27996029,1
Island,2014-2017,53029971900,0.30642514,2
Island,2014-2017,53029972000,0.3751568,3
Island,2014-2017,53029972100,0.3751568,3
Island,2014-2017,53029992201,0.12919746,1
Jefferson,2014-2017,53031950202,0.18333871,1
Jefferson,2014-2017,53031950300,0.23305362,1
Jefferson,2014-2017,53031950400,0.21437,1
Jefferson,2014-2017,53031950500,0.25470671,1
Jefferson,2014-2017,53031950601,0.27178357,1
Jefferson,2014-2017,53031950602,0.27178357,1
Jefferson,2014-2017,53031950702,0.15342677,1
Jefferson,2014-2017,53031990000,0.10365733,1
King,2014-2017,53033000100,0.46615744,7
King,2014-2017,53033000200,0.472913,8
King,2014-2017,53033000300,0.46258516,7
King,2014-2017,53033000401,0.46258516,7
King,2014-2017,53033000402,0.47141797,8
King,2014-2017,53033000500,0.40163521,4
King,2014-2017,53033000600,0.47141797,8
King,2014-2017,53033000700,0.472913,8
King,2014-2017,53033000800,0.46615744,7
King,2014-2017,53033000900,0.46615744,7
King,2014-2017,53033001000,0.472913,8
King,2014-2017,53033001100,0.472913,8
King,2014-2017,53033001200,0.47141797,8
King,2014-2017,53033001300,0.45804771,7
King,2014-2017,53033001400,0.47141797,8
King,2014-2017,53033001500,0.41592379,4
King,2014-2017,53033001600,0.41592379,4
King,2014-2017,53033001701,0.45804771,7
King,2014-2017,53033001702,0.45804771,7
King,2014-2017,53033001800,0.45804771,7
King,2014-2017,53033001900,0.45804771,7
King,2014-2017,53033002000,0.45804771,7
King,2014-2017,53033002100,0.45953678,7
King,2014-2017,53033002200,0.44975554,6
King,2014-2017,53033002400,0.44975554,6
King,2014-2017,53033002500,0.45953678,7
King,2014-2017,53033002600,0.45804771,7
King,2014-2017,53033002700,0.45804771,7
King,2014-2017,53033002800,0.45804771,7
King,2014-2017,53033002900,0.45804771,7
King,2014-2017,53033003000,0.41592379,4
King,2014-2017,53033003100,0.41592379,4
King,2014-2017,53033003200,0.4341892,5
King,2014-2017,53033003300,0.41592379,4
King,2014-2017,53033003400,0.4341892,5
King,2014-2017,53033003500,0.46502098,7
King,2014-2017,53033003600,0.45804771,7
King,2014-2017,53033003800,0.45953678,7
King,2014-2017,53033003900,0.44975554,6
King,2014-2017,53033004000,0.44975554,6
King,2014-2017,53033004100,0.44975554,6
King,2014-2017,53033004200,0.44975554,6
King,2014-2017,53033004301,0.45953678,7
King,2014-2017,53033004302,0.45015884,6
King,2014-2017,53033004400,0.45804771,7
King,2014-2017,53033004500,0.45804771,7
King,2014-2017,53033004600,0.45804771,7
King,2014-2017,53033004700,0.4341892,5
King,2014-2017,53033004800,0.4298333,5
King,2014-2017,53033004900,0.45863383,7
King,2014-2017,53033005000,0.45015884,6
King,2014-2017,53033005100,0.45015884,6
King,2014-2017,53033005200,0.45015884,6
King,2014-2017,53033005301,0.45015884,6
King,2014-2017,53033005302,0.45015884,6
King,2014-2017,53033005400,0.45015884,6
King,2014-2017,53033005600,0.46090518,7
King,2014-2017,53033005700,0.4341892,5
King,2014-2017,53033005801,0.4298333,5
King,2014-2017,53033005802,0.46090518,7
King,2014-2017,53033005900,0.4298333,5
King,2014-2017,53033006000,0.45863383,7
King,2014-2017,53033006100,0.45015884,6
King,2014-2017,53033006200,0.58135119,9
King,2014-2017,53033006300,0.44564926,6
King,2014-2017,53033006400,0.58135119,9
King,2014-2017,53033006500,0.58135119,9
King,2014-2017,53033006600,0.58135119,9
King,2014-2017,53033006700,0.58135119,9
King,2014-2017,53033006800,0.58135119,9
King,2014-2017,53033006900,0.46090518,7
King,2014-2017,53033007000,0.58135119,9
King,2014-2017,53033007100,0.58135119,9
King,2014-2017,53033007200,0.58135119,9
King,2014-2017,53033007300,0.58135119,9
King,2014-2017,53033007401,0.58135119,9
King,2014-2017,53033007402,0.58135119,9
King,2014-2017,53033007500,0.58135119,9
King,2014-2017,53033007600,0.58135119,9
King,2014-2017,53033007700,0.58135119,9
King,2014-2017,53033007800,0.43253179,5
King,2014-2017,53033007900,0.58135119,9
King,2014-2017,53033008001,0.58135119,9
King,2014-2017,53033008002,0.58135119,9
King,2014-2017,53033008100,0.58135119,9
King,2014-2017,53033008200,0.58135119,9
King,2014-2017,53033008300,0.58135119,9
King,2014-2017,53033008400,0.58135119,9
King,2014-2017,53033008500,0.58135119,9
King,2014-2017,53033008600,0.58135119,9
King,2014-2017,53033008700,0.58135119,9
King,2014-2017,53033008800,0.58135119,9
King,2014-2017,53033008900,0.61309726,10
King,2014-2017,53033009000,0.61309726,10
King,2014-2017,53033009100,0.61309726,10
King,2014-2017,53033009200,0.58135119,9
King,2014-2017,53033009300,0.61850227,10
King,2014-2017,53033009400,0.59671584,10
King,2014-2017,53033009500,0.59671584,10
King,2014-2017,53033009600,0.46450554,7
King,2014-2017,53033009701,0.46708852,7
King,2014-2017,53033009702,0.46708852,7
King,2014-2017,53033009800,0.46450554,7
King,2014-2017,53033009900,0.61850227,10
King,2014-2017,53033010001,0.61850227,10
King,2014-2017,53033010002,0.59671584,10
King,2014-2017,53033010100,0.43413062,5
King,2014-2017,53033010200,0.44947456,6
King,2014-2017,53033010300,0.44947456,6
King,2014-2017,53033010401,0.61850227,10
King,2014-2017,53033010402,0.61850227,10
King,2014-2017,53033010500,0.46708852,7
King,2014-2017,53033010600,0.46708852,7
King,2014-2017,53033010701,0.46708852,7
King,2014-2017,53033010702,0.46708852,7
King,2014-2017,53033010800,0.61850227,10
King,2014-2017,53033010900,0.59059915,10
King,2014-2017,53033011001,0.44947456,6
King,2014-2017,53033011002,0.59059915,10
King,2014-2017,53033011101,0.44947456,6
King,2014-2017,53033011102,0.44947456,6
King,2014-2017,53033011200,0.59059915,10
King,2014-2017,53033011300,0.59059915,10
King,2014-2017,53033011401,0.46708852,7
King,2014-2017,53033011402,0.46708852,7
King,2014-2017,53033011500,0.46708852,7
King,2014-2017,53033011600,0.46708852,7
King,2014-2017,53033011700,0.59059915,10
King,2014-2017,53033011800,0.45331105,6
King,2014-2017,53033011900,0.44569749,6
King,2014-2017,53033012000,0.45333668,6
King,2014-2017,53033012100,0.45333668,6
King,2014-2017,53033020100,0.40187677,4
King,2014-2017,53033020200,0.46479109,7
King,2014-2017,53033020300,0.46479109,7
King,2014-2017,53033020401,0.46479109,7
King,2014-2017,53033020402,0.61087054,10
King,2014-2017,53033020500,0.46479109,7
King,2014-2017,53033020600,0.46479109,7
King,2014-2017,53033020700,0.46479109,7
King,2014-2017,53033020800,0.46479109,7
King,2014-2017,53033020900,0.4677033,8
King,2014-2017,53033021000,0.4677033,8
King,2014-2017,53033021100,0.4677033,8
King,2014-2017,53033021300,0.61087054,10
King,2014-2017,53033021400,0.61087054,10
King,2014-2017,53033021500,0.61087054,10
King,2014-2017,53033021600,0.61087054,10
King,2014-2017,53033021700,0.61087054,10
King,2014-2017,53033021802,0.4729762,8
King,2014-2017,53033021803,0.4729762,8
King,2014-2017,53033021804,0.4729762,8
King,2014-2017,53033021903,0.42657724,5
King,2014-2017,53033021904,0.42657724,5
King,2014-2017,53033021905,0.45019269,6
King,2014-2017,53033021906,0.45019269,6
King,2014-2017,53033022001,0.4729762,8
King,2014-2017,53033022003,0.45979203,7
King,2014-2017,53033022005,0.45979203,7
King,2014-2017,53033022006,0.45979203,7
King,2014-2017,53033022101,0.61087054,10
King,2014-2017,53033022102,0.61087054,10
King,2014-2017,53033022201,0.45979203,7
King,2014-2017,53033022202,0.45979203,7
King,2014-2017,53033022203,0.45979203,7
King,2014-2017,53033022300,0.47080073,8
King,2014-2017,53033022400,0.43324956,5
King,2014-2017,53033022500,0.43324956,5
King,2014-2017,53033022603,0.41979296,5
King,2014-2017,53033022604,0.41979296,5
King,2014-2017,53033022605,0.42657724,5
King,2014-2017,53033022606,0.41979296,5
King,2014-2017,53033022701,0.40876295,4
King,2014-2017,53033022702,0.40876295,4
King,2014-2017,53033022703,0.39437273,3
King,2014-2017,53033022801,0.39437273,3
King,2014-2017,53033022802,0.41979296,5
King,2014-2017,53033022803,0.39437273,3
King,2014-2017,53033022901,0.38066248,3
King,2014-2017,53033022902,0.38066248,3
King,2014-2017,53033023000,0.37306957,3
King,2014-2017,53033023100,0.36379682,3
King,2014-2017,53033023201,0.37306957,3
King,2014-2017,53033023202,0.36379682,3
King,2014-2017,53033023300,0.38326552,3
King,2014-2017,53033023401,0.38097226,3
King,2014-2017,53033023403,0.38097226,3
King,2014-2017,53033023404,0.34596557,2
King,2014-2017,53033023500,0.38326552,3
King,2014-2017,53033023601,0.38326552,3
King,2014-2017,53033023603,0.37306957,3
King,2014-2017,53033023604,0.38326552,3
King,2014-2017,53033023700,0.40876295,4
King,2014-2017,53033023801,0.40033839,4
King,2014-2017,53033023803,0.18511882,1
King,2014-2017,53033023804,0.18511882,1
King,2014-2017,53033023900,0.41145105,4
King,2014-2017,53033024000,0.40876295,4
King,2014-2017,53033024100,0.40876295,4
King,2014-2017,53033024200,0.40876295,4
King,2014-2017,53033024300,0.43413062,5
King,2014-2017,53033024400,0.40033839,4
King,2014-2017,53033024500,0.41145105,4
King,2014-2017,53033024601,0.44947456,6
King,2014-2017,53033024602,0.44947456,6
King,2014-2017,53033024701,0.41145105,4
King,2014-2017,53033024702,0.4149854,4
King,2014-2017,53033024800,0.38097226,3
King,2014-2017,53033024901,0.38097226,3
King,2014-2017,53033024902,0.38097226,3
King,2014-2017,53033024903,0.36961008,3
King,2014-2017,53033025001,0.38222116,3
King,2014-2017,53033025003,0.34558695,2
King,2014-2017,53033025005,0.37556385,3
King,2014-2017,53033025006,0.37556385,3
King,2014-2017,53033025101,0.37556385,3
King,2014-2017,53033025102,0.37556385,3
King,2014-2017,53033025200,0.4149854,4
King,2014-2017,53033025301,0.42605709,5
King,2014-2017,53033025302,0.42413873,5
King,2014-2017,53033025400,0.42413873,5
King,2014-2017,53033025500,0.37556385,3
King,2014-2017,53033025601,0.42092054,5
King,2014-2017,53033025602,0.39816196,4
King,2014-2017,53033025701,0.42092054,5
King,2014-2017,53033025702,0.42092054,5
King,2014-2017,53033025803,0.42743402,5
King,2014-2017,53033025804,0.42092054,5
King,2014-2017,53033025805,0.42743402,5
King,2014-2017,53033025806,0.42743402,5
King,2014-2017,53033026001,0.4458233,6
King,2014-2017,53033026002,0.43990096,5
King,2014-2017,53033026100,0.44974646,6
King,2014-2017,53033026200,0.45233679,6
King,2014-2017,53033026300,0.59059915,10
King,2014-2017,53033026400,0.59059915,10
King,2014-2017,53033026500,0.4700758,8
King,2014-2017,53033026600,0.45333668,6
King,2014-2017,53033026700,0.4700758,8
King,2014-2017,53033026801,0.4700758,8
King,2014-2017,53033026802,0.4700758,8
King,2014-2017,53033027000,0.4700758,8
King,2014-2017,53033027100,0.4700758,8
King,2014-2017,53033027200,0.44974646,6
King,2014-2017,53033027300,0.4700758,8
King,2014-2017,53033027400,0.4700758,8
King,2014-2017,53033027500,0.4700758,8
King,2014-2017,53033027600,0.4700758,8
King,2014-2017,53033027701,0.42362934,5
King,2014-2017,53033027702,0.42592262,5
King,2014-2017,53033027800,0.45078094,6
King,2014-2017,53033027900,0.45078094,6
King,2014-2017,53033028000,0.45078094,6
King,2014-2017,53033028100,0.45078094,6
King,2014-2017,53033028200,0.43990096,5
King,2014-2017,53033028300,0.4408612,5
King,2014-2017,53033028402,0.45327636,6
King,2014-2017,53033028403,0.44375726,5
King,2014-2017,53033028500,0.45327636,6
King,2014-2017,53033028600,0.46249491,7
King,2014-2017,53033028700,0.4529758,6
King,2014-2017,53033028801,0.4529758,6
King,2014-2017,53033028802,0.4529758,6
King,2014-2017,53033028901,0.44732358,6
King,2014-2017,53033028902,0.44732358,6
King,2014-2017,53033029001,0.45934114,7
King,2014-2017,53033029003,0.45934114,7
King,2014-2017,53033029004,0.45934114,7
King,2014-2017,53033029101,0.43052303,5
King,2014-2017,53033029102,0.45934114,7
King,2014-2017,53033029203,0.43295796,5
King,2014-2017,53033029204,0.42847675,5
King,2014-2017,53033029205,0.42458418,5
King,2014-2017,53033029206,0.4388968,5
King,2014-2017,53033029303,0.42173307,5
King,2014-2017,53033029304,0.42173307,5
King,2014-2017,53033029305,0.42173307,5
King,2014-2017,53033029306,0.42173307,5
King,2014-2017,53033029307,0.39642885,3
King,2014-2017,53033029403,0.42847675,5
King,2014-2017,53033029405,0.42847675,5
King,2014-2017,53033029406,0.41533743,4
King,2014-2017,53033029407,0.40504836,4
King,2014-2017,53033029408,0.40504836,4
King,2014-2017,53033029502,0.44026067,5
King,2014-2017,53033029503,0.43674588,5
King,2014-2017,53033029504,0.43674588,5
King,2014-2017,53033029601,0.44026067,5
King,2014-2017,53033029602,0.44234611,5
King,2014-2017,53033029700,0.44522893,6
King,2014-2017,53033029801,0.4556605,6
King,2014-2017,53033029802,0.46326336,7
King,2014-2017,53033029901,0.46198179,7
King,2014-2017,53033029902,0.45043544,6
King,2014-2017,53033030003,0.46326336,7
King,2014-2017,53033030004,0.4556605,6
King,2014-2017,53033030005,0.46326336,7
King,2014-2017,53033030006,0.46198179,7
King,2014-2017,53033030100,0.4689984,8
King,2014-2017,53033030201,0.4689984,8
King,2014-2017,53033030202,0.46326336,7
King,2014-2017,53033030304,0.48413641,8
King,2014-2017,53033030305,0.44471783,5
King,2014-2017,53033030306,0.44881705,6
King,2014-2017,53033030308,0.47309761,8
King,2014-2017,53033030309,0.48413641,8
King,2014-2017,53033030310,0.48413641,8
King,2014-2017,53033030311,0.44471783,5
King,2014-2017,53033030312,0.44881705,6
King,2014-2017,53033030313,0.47302059,8
King,2014-2017,53033030314,0.46198179,7
King,2014-2017,53033030401,0.47302059,8
King,2014-2017,53033030403,0.4694223,8
King,2014-2017,53033030404,0.4694223,8
King,2014-2017,53033030501,0.45043544,6
King,2014-2017,53033030503,0.44234611,5
King,2014-2017,53033030504,0.44234611,5
King,2014-2017,53033030600,0.45188729,6
King,2014-2017,53033030700,0.45188729,6
King,2014-2017,53033030801,0.46576147,7
King,2014-2017,53033030802,0.4443703,5
King,2014-2017,53033030901,0.4558017,6
King,2014-2017,53033030902,0.45796251,7
King,2014-2017,53033031000,0.4443703,5
King,2014-2017,53033031100,0.45188729,6
King,2014-2017,53033031202,0.4052557,4
King,2014-2017,53033031204,0.43191648,5
King,2014-2017,53033031205,0.44234611,5
King,2014-2017,53033031206,0.44234611,5
King,2014-2017,53033031301,0.365704,3
King,2014-2017,53033031302,0.34391006,2
King,2014-2017,53033031400,0.34391006,2
King,2014-2017,53033031501,0.31467794,2
King,2014-2017,53033031502,0.34391006,2
King,2014-2017,53033031601,0.42933535,5
King,2014-2017,53033031603,0.36016331,3
King,2014-2017,53033031604,0.36016331,3
King,2014-2017,53033031605,0.40395852,4
King,2014-2017,53033031703,0.43105708,5
King,2014-2017,53033031704,0.42933535,5
King,2014-2017,53033031705,0.43105708,5
King,2014-2017,53033031706,0.42933535,5
King,2014-2017,53033031800,0.40575801,4
King,2014-2017,53033031903,0.39816196,4
King,2014-2017,53033031904,0.37379742,3
King,2014-2017,53033031906,0.37379742,3
King,2014-2017,53033031907,0.40021311,4
King,2014-2017,53033031908,0.40021311,4
King,2014-2017,53033031909,0.39642885,3
King,2014-2017,53033032002,0.38339711,3
King,2014-2017,53033032003,0.37699464,3
King,2014-2017,53033032005,0.41884815,4
King,2014-2017,53033032006,0.41884815,4
King,2014-2017,53033032007,0.41884815,4
King,2014-2017,53033032008,0.37699464,3
King,2014-2017,53033032010,0.37699464,3
King,2014-2017,53033032011,0.37699464,3
King,2014-2017,53033032102,0.30125802,2
King,2014-2017,53033032103,0.34558695,2
King,2014-2017,53033032104,0.35563906,2
King,2014-2017,53033032203,0.36379682,3
King,2014-2017,53033032207,0.34596557,2
King,2014-2017,53033032208,0.33117293,2
King,2014-2017,53033032210,0.30554926,2
King,2014-2017,53033032211,0.33117293,2
King,2014-2017,53033032212,0.33117293,2
King,2014-2017,53033032213,0.30175088,2
King,2014-2017,53033032214,0.34528211,2
King,2014-2017,53033032215,0.3253915,2
King,2014-2017,53033032307,0.41890984,4
King,2014-2017,53033032309,0.41979296,5
King,2014-2017,53033032311,0.41890984,4
King,2014-2017,53033032313,0.38086797,3
King,2014-2017,53033032315,0.3539874,2
King,2014-2017,53033032316,0.38066248,3
King,2014-2017,53033032317,0.3539874,2
King,2014-2017,53033032318,0.3539874,2
King,2014-2017,53033032319,0.45019269,6
King,2014-2017,53033032320,0.45019269,6
King,2014-2017,53033032321,0.42657724,5
King,2014-2017,53033032322,0.40774646,4
King,2014-2017,53033032323,0.3797581,3
King,2014-2017,53033032324,0.3797581,3
King,2014-2017,53033032325,0.38086797,3
King,2014-2017,53033032326,0.40774646,4
King,2014-2017,53033032327,0.38840106,3
King,2014-2017,53033032328,0.35703802,2
King,2014-2017,53033032329,0.35703802,2
King,2014-2017,53033032401,0.37257013,3
King,2014-2017,53033032402,0.37204066,3
King,2014-2017,53033032500,0.33448886,2
King,2014-2017,53033032601,0.28733462,2
King,2014-2017,53033032602,0.23524802,1
King,2014-2017,53033032702,0.22888102,1
King,2014-2017,53033032703,0.18976698,1
King,2014-2017,53033032704,0.22888102,1
King,2014-2017,53033032800,0.26309828,1
Kitsap,2014-2017,53035080101,0.29535732,2
Kitsap,2014-2017,53035080102,0.29535732,2
Kitsap,2014-2017,53035080200,0.29535732,2
Kitsap,2014-2017,53035080300,0.29535732,2
Kitsap,2014-2017,53035080400,0.26789425,1
Kitsap,2014-2017,53035080500,0.29535732,2
Kitsap,2014-2017,53035080600,0.29535732,2
Kitsap,2014-2017,53035080700,0.29535732,2
Kitsap,2014-2017,53035080800,0.22532649,1
Kitsap,2014-2017,53035080900,0.30662799,2
Kitsap,2014-2017,53035081000,0.30662799,2
Kitsap,2014-2017,53035081100,0.29535732,2
Kitsap,2014-2017,53035081200,0.29535732,2
Kitsap,2014-2017,53035081400,0.30662799,2
Kitsap,2014-2017,53035090101,0.29270647,2
Kitsap,2014-2017,53035090102,0.30955354,2
Kitsap,2014-2017,53035090201,0.24889671,1
Kitsap,2014-2017,53035090202,0.2860176,2
Kitsap,2014-2017,53035090300,0.24316265,1
Kitsap,2014-2017,53035090400,0.28323972,1
Kitsap,2014-2017,53035090501,0.27828817,1
Kitsap,2014-2017,53035090502,0.27828817,1
Kitsap,2014-2017,53035090700,0.32481546,2
Kitsap,2014-2017,53035090800,0.30170244,2
Kitsap,2014-2017,53035090900,0.3333391,2
Kitsap,2014-2017,53035091000,0.34145273,2
Kitsap,2014-2017,53035091100,0.28323972,1
Kitsap,2014-2017,53035091201,0.28323972,1
Kitsap,2014-2017,53035091203,0.28323972,1
Kitsap,2014-2017,53035091204,0.28323972,1
Kitsap,2014-2017,53035091301,0.17206199,1
Kitsap,2014-2017,53035091302,0.24908926,1
Kitsap,2014-2017,53035091400,0.24908926,1
Kitsap,2014-2017,53035091500,0.28323972,1
Kitsap,2014-2017,53035091600,0.28323972,1
Kitsap,2014-2017,53035091700,0.28323972,1
Kitsap,2014-2017,53035091800,0.26789425,1
Kitsap,2014-2017,53035091900,0.27073284,1
Kitsap,2014-2017,53035092000,0.23603107,1
Kitsap,2014-2017,53035092100,0.31742349,2
Kitsap,2014-2017,53035092200,0.31016288,2
Kitsap,2014-2017,53035092300,0.31823847,2
Kitsap,2014-2017,53035092400,0.31823847,2
Kitsap,2014-2017,53035092500,0.33143204,2
Kitsap,2014-2017,53035092600,0.33143204,2
Kitsap,2014-2017,53035092701,0.33636276,2
Kitsap,2014-2017,53035092704,0.35926562,3
Kitsap,2014-2017,53035092801,0.33243545,2
Kitsap,2014-2017,53035092802,0.3508968,2
Kitsap,2014-2017,53035092803,0.36061968,3
Kitsap,2014-2017,53035092901,0.32738975,2
Kitsap,2014-2017,53035092902,0.3390316,2
Kitsap,2014-2017,53035940000,0.31189396,2
Kitsap,2014-2017,53035940100,0.29925757,2
Kittitas,2014-2017,53037975100,0.35534118,2
Kittitas,2014-2017,53037975200,0.64302906,10
Kittitas,2014-2017,53037975300,0.63842084,10
Kittitas,2014-2017,53037975401,0.65674855,10
Kittitas,2014-2017,53037975402,0.65674855,10
Kittitas,2014-2017,53037975500,0.64302906,10
Kittitas,2014-2017,53037975600,0.64302906,10
Kittitas,2014-2017,53037975700,0.63842084,10
Klickitat,2014-2017,53039950100,0.46259073,7
Klickitat,2014-2017,53039950200,0.44598424,6
Klickitat,2014-2017,53039950300,0.41807705,4
Lewis,2014-2017,53041970100,0.37279393,3
Lewis,2014-2017,53041970200,0.38634366,3
Lewis,2014-2017,53041970300,0.38634366,3
Lewis,2014-2017,53041970400,0.38634366,3
Lewis,2014-2017,53041970500,0.38634366,3
Lewis,2014-2017,53041970600,0.38634366,3
Lewis,2014-2017,53041970700,0.38634366,3
Lewis,2014-2017,53041970800,0.38634366,3
Lewis,2014-2017,53041970900,0.37633328,3
Lewis,2014-2017,53041971000,0.37633328,3
Lewis,2014-2017,53041971100,0.38634366,3
Lewis,2014-2017,53041971200,0.2893784,2
Lewis,2014-2017,53041971300,0.32789489,2
Lewis,2014-2017,53041971400,0.37633328,3
Lewis,2014-2017,53041971500,0.32273567,2
Lewis,2014-2017,53041971600,0.30136028,2
Lewis,2014-2017,53041971700,0.29395989,2
Lewis,2014-2017,53041971800,0.23038921,1
Lewis,2014-2017,53041971900,0.1493692,1
Lewis,2014-2017,53041972000,0.07830964,1
Lincoln,2014-2017,53043960100,0.31550012,2
Lincoln,2014-2017,53043960200,0.3364603,2
Lincoln,2014-2017,53043960300,0.40841776,4
Lincoln,2014-2017,53043960400,0.34571797,2
Mason,2014-2017,53045940000,0.1045579,1
Mason,2014-2017,53045960100,0.06994483,1
Mason,2014-2017,53045960200,0.18293092,1
Mason,2014-2017,53045960300,0.2071881,1
Mason,2014-2017,53045960400,0.26978445,1
Mason,2014-2017,53045960500,0.19847482,1
Mason,2014-2017,53045960600,0.3026945,2
Mason,2014-2017,53045960700,0.3026945,2
Mason,2014-2017,53045960800,0.33775749,2
Mason,2014-2017,53045960900,0.33775749,2
Mason,2014-2017,53045961000,0.33775749,2
Mason,2014-2017,53045961100,0.33775749,2
Mason,2014-2017,53045961200,0.24701204,1
Mason,2014-2017,53045961300,0.33775749,2
Okanogan,2014-2017,53047940100,0.39673221,3
Okanogan,2014-2017,53047940200,0.83499345,10
Okanogan,2014-2017,53047970300,0.44060332,5
Okanogan,2014-2017,53047970400,0.46594597,7
Okanogan,2014-2017,53047970500,0.58077492,9
Okanogan,2014-2017,53047970600,0.83499345,10
Okanogan,2014-2017,53047970700,0.83499345,10
Okanogan,2014-2017,53047970800,0.46345077,7
Okanogan,2014-2017,53047970900,0.46613628,7
Okanogan,2014-2017,53047971000,0.66775335,10
Pacific,2014-2017,53049950200,0.14718738,1
Pacific,2014-2017,53049950300,0.14098439,1
Pacific,2014-2017,53049950400,0.18949696,1
Pacific,2014-2017,53049950500,0.15110951,1
Pacific,2014-2017,53049950600,0.13065209,1
Pacific,2014-2017,53049950700,0.13824506,1
Pacific,2014-2017,53049950800,0.12293197,1
Pacific,2014-2017,53049990100,0.13755843,1
Pend Oreille,2014-2017,53051970100,0.34075884,2
Pend Oreille,2014-2017,53051970200,0.40928972,4
Pend Oreille,2014-2017,53051970300,0.40928972,4
Pend Oreille,2014-2017,53051970400,0.40965109,4
Pend Oreille,2014-2017,53051970500,0.39740323,4
Pierce,2014-2017,53053060200,0.48942683,8
Pierce,2014-2017,53053060300,0.40330584,4
Pierce,2014-2017,53053060400,0.40330584,4
Pierce,2014-2017,53053060500,0.40330584,4
Pierce,2014-2017,53053060600,0.4639802,7
Pierce,2014-2017,53053060700,0.43118255,5
Pierce,2014-2017,53053060800,0.43118255,5
Pierce,2014-2017,53053060903,0.36655845,3
Pierce,2014-2017,53053060904,0.40330584,4
Pierce,2014-2017,53053060905,0.40135108,4
Pierce,2014-2017,53053060906,0.43118255,5
Pierce,2014-2017,53053061001,0.40135108,4
Pierce,2014-2017,53053061002,0.43118255,5
Pierce,2014-2017,53053061100,0.43118255,5
Pierce,2014-2017,53053061200,0.43118255,5
Pierce,2014-2017,53053061300,0.48772172,8
Pierce,2014-2017,53053061400,0.48772172,8
Pierce,2014-2017,53053061500,0.48772172,8
Pierce,2014-2017,53053061601,0.48772172,8
Pierce,2014-2017,53053061602,0.48772172,8
Pierce,2014-2017,53053061700,0.48772172,8
Pierce,2014-2017,53053061800,0.60824024,10
Pierce,2014-2017,53053061900,0.60824024,10
Pierce,2014-2017,53053062000,0.60824024,10
Pierce,2014-2017,53053062300,0.60824024,10
Pierce,2014-2017,53053062400,0.60824024,10
Pierce,2014-2017,53053062500,0.60824024,10
Pierce,2014-2017,53053062600,0.48772172,8
Pierce,2014-2017,53053062801,0.45617575,7
Pierce,2014-2017,53053062802,0.46055226,7
Pierce,2014-2017,53053062900,0.46055226,7
Pierce,2014-2017,53053063000,0.46055226,7
Pierce,2014-2017,53053063100,0.60824024,10
Pierce,2014-2017,53053063200,0.60824024,10
Pierce,2014-2017,53053063300,0.60824024,10
Pierce,2014-2017,53053063400,0.60824024,10
Pierce,2014-2017,53053063501,0.60824024,10
Pierce,2014-2017,53053063502,0.46530027,7
Pierce,2014-2017,53053070100,0.33401984,2
Pierce,2014-2017,53053070203,0.411506,4
Pierce,2014-2017,53053070204,0.36430183,3
Pierce,2014-2017,53053070205,0.34023395,2
Pierce,2014-2017,53053070206,0.36430183,3
Pierce,2014-2017,53053070207,0.2847677,2
Pierce,2014-2017,53053070307,0.39132881,3
Pierce,2014-2017,53053070308,0.40254906,4
Pierce,2014-2017,53053070309,0.39074432,3
Pierce,2014-2017,53053070310,0.39074432,3
Pierce,2014-2017,53053070311,0.39045598,3
Pierce,2014-2017,53053070312,0.40254906,4
Pierce,2014-2017,53053070313,0.4078187,4
Pierce,2014-2017,53053070314,0.4078187,4
Pierce,2014-2017,53053070315,0.40770108,4
Pierce,2014-2017,53053070316,0.40770108,4
Pierce,2014-2017,53053070401,0.43034666,5
Pierce,2014-2017,53053070403,0.36709194,3
Pierce,2014-2017,53053070404,0.411506,4
Pierce,2014-2017,53053070703,0.4694223,8
Pierce,2014-2017,53053071100,0.4688859,8
Pierce,2014-2017,53053071205,0.47273682,8
Pierce,2014-2017,53053071206,0.46288804,7
Pierce,2014-2017,53053071207,0.44941233,6
Pierce,2014-2017,53053071208,0.44941233,6
Pierce,2014-2017,53053071209,0.43034666,5
Pierce,2014-2017,53053071210,0.43797243,5
Pierce,2014-2017,53053071304,0.44941233,6
Pierce,2014-2017,53053071305,0.4688859,8
Pierce,2014-2017,53053071306,0.45265008,6
Pierce,2014-2017,53053071307,0.46288804,7
Pierce,2014-2017,53053071309,0.4469917,6
Pierce,2014-2017,53053071310,0.44094073,5
Pierce,2014-2017,53053071403,0.44447511,5
Pierce,2014-2017,53053071406,0.44705715,6
Pierce,2014-2017,53053071407,0.40942277,4
Pierce,2014-2017,53053071408,0.44447511,5
Pierce,2014-2017,53053071409,0.43542958,5
Pierce,2014-2017,53053071410,0.43542958,5
Pierce,2014-2017,53053071411,0.43542958,5
Pierce,2014-2017,53053071503,0.45624646,7
Pierce,2014-2017,53053071504,0.46530027,7
Pierce,2014-2017,53053071505,0.44447511,5
Pierce,2014-2017,53053071506,0.44659911,6
Pierce,2014-2017,53053071601,0.60824024,10
Pierce,2014-2017,53053071602,0.46530027,7
Pierce,2014-2017,53053071703,0.44822057,6
Pierce,2014-2017,53053071704,0.44822057,6
Pierce,2014-2017,53053071705,0.46530027,7
Pierce,2014-2017,53053071706,0.44822057,6
Pierce,2014-2017,53053071707,0.46530027,7
Pierce,2014-2017,53053071803,0.46055226,7
Pierce,2014-2017,53053071805,0.44822057,6
Pierce,2014-2017,53053071806,0.44822057,6
Pierce,2014-2017,53053071807,0.44822057,6
Pierce,2014-2017,53053071808,0.44822057,6
Pierce,2014-2017,53053071901,0.44822057,6
Pierce,2014-2017,53053071902,0.41917904,4
Pierce,2014-2017,53053072000,0.40829436,4
Pierce,2014-2017,53053072105,0.42379723,5
Pierce,2014-2017,53053072106,0.42379723,5
Pierce,2014-2017,53053072107,0.41844488,4
Pierce,2014-2017,53053072108,0.41917904,4
Pierce,2014-2017,53053072109,0.390976,3
Pierce,2014-2017,53053072111,0.38887024,3
Pierce,2014-2017,53053072112,0.38887024,3
Pierce,2014-2017,53053072305,0.45617575,7
Pierce,2014-2017,53053072307,0.41888111,4
Pierce,2014-2017,53053072308,0.41888111,4
Pierce,2014-2017,53053072309,0.41888111,4
Pierce,2014-2017,53053072310,0.41888111,4
Pierce,2014-2017,53053072311,0.41888111,4
Pierce,2014-2017,53053072312,0.45353321,6
Pierce,2014-2017,53053072313,0.45353321,6
Pierce,2014-2017,53053072405,0.3323867,2
Pierce,2014-2017,53053072406,0.36498909,3
Pierce,2014-2017,53053072407,0.36655845,3
Pierce,2014-2017,53053072408,0.37353221,3
Pierce,2014-2017,53053072409,0.36498909,3
Pierce,2014-2017,53053072410,0.38277416,3
Pierce,2014-2017,53053072503,0.3390316,2
Pierce,2014-2017,53053072504,0.36498909,3
Pierce,2014-2017,53053072505,0.34637585,2
Pierce,2014-2017,53053072506,0.36751793,3
Pierce,2014-2017,53053072507,0.36498909,3
Pierce,2014-2017,53053072601,0.31536331,2
Pierce,2014-2017,53053072602,0.31536331,2
Pierce,2014-2017,53053072603,0.38082551,3
Pierce,2014-2017,53053072800,0.37888772,3
Pierce,2014-2017,53053072901,0.44822057,6
Pierce,2014-2017,53053072903,0.40829436,4
Pierce,2014-2017,53053072905,0.37339061,3
Pierce,2014-2017,53053072906,0.43542958,5
Pierce,2014-2017,53053072907,0.41589736,4
Pierce,2014-2017,53053073001,0.38905901,3
Pierce,2014-2017,53053073005,0.37582447,3
Pierce,2014-2017,53053073006,0.38905901,3
Pierce,2014-2017,53053073108,0.44526647,6
Pierce,2014-2017,53053073110,0.411506,4
Pierce,2014-2017,53053073111,0.411506,4
Pierce,2014-2017,53053073113,0.41894352,4
Pierce,2014-2017,53053073114,0.40942277,4
Pierce,2014-2017,53053073115,0.40942277,4
Pierce,2014-2017,53053073116,0.37735076,3
Pierce,2014-2017,53053073117,0.37582447,3
Pierce,2014-2017,53053073118,0.3732229,3
Pierce,2014-2017,53053073119,0.32976774,2
Pierce,2014-2017,53053073120,0.41894352,4
Pierce,2014-2017,53053073121,0.41894352,4
Pierce,2014-2017,53053073122,0.41894352,4
Pierce,2014-2017,53053073123,0.41894352,4
Pierce,2014-2017,53053073124,0.41894352,4
Pierce,2014-2017,53053073125,0.41894352,4
Pierce,2014-2017,53053073126,0.41894352,4
Pierce,2014-2017,53053073200,0.25733014,1
Pierce,2014-2017,53053073301,0.44015514,5
Pierce,2014-2017,53053073302,0.43797243,5
Pierce,2014-2017,53053073404,0.45962755,7
Pierce,2014-2017,53053073405,0.44997093,6
Pierce,2014-2017,53053073406,0.43797243,5
Pierce,2014-2017,53053073407,0.44595485,6
Pierce,2014-2017,53053073408,0.44595485,6
Pierce,2014-2017,53053073500,0.46348526,7
Pierce,2014-2017,53053940001,0.44471783,5
Pierce,2014-2017,53053940002,0.49538474,9
Pierce,2014-2017,53053940003,0.47576997,8
Pierce,2014-2017,53053940004,0.60824024,10
Pierce,2014-2017,53053940005,0.4781785,8
Pierce,2014-2017,53053940006,0.60824024,10
Pierce,2014-2017,53053940007,0.60824024,10
Pierce,2014-2017,53053940008,0.4639802,7
Pierce,2014-2017,53053940009,0.46348526,7
Pierce,2014-2017,53053940010,0.44595485,6
Pierce,2014-2017,53053940011,0.4639802,7
San Juan,2014-2017,53055960100,0.24743497,1
San Juan,2014-2017,53055960300,0.2767643,1
San Juan,2014-2017,53055960400,0.23000956,1
San Juan,2014-2017,53055960500,0.23327076,1
San Juan,2014-2017,53055990100,0.24724732,1
Skagit,2014-2017,53057940200,0.13075416,1
Skagit,2014-2017,53057940300,0.28488102,2
Skagit,2014-2017,53057940400,0.28488102,2
Skagit,2014-2017,53057940500,0.28488102,2
Skagit,2014-2017,53057940600,0.28488102,2
Skagit,2014-2017,53057940700,0.28488102,2
Skagit,2014-2017,53057940800,0.11184902,1
Skagit,2014-2017,53057950100,0.24747823,1
Skagit,2014-2017,53057950800,0.23873724,1
Skagit,2014-2017,53057950900,0.26580196,1
Skagit,2014-2017,53057951000,0.26330415,1
Skagit,2014-2017,53057951100,0.29704883,2
Skagit,2014-2017,53057951200,0.33609473,2
Skagit,2014-2017,53057951300,0.26730583,1
Skagit,2014-2017,53057951400,0.24630296,1
Skagit,2014-2017,53057951500,0.2447991,1
Skagit,2014-2017,53057951600,0.20016844,1
Skagit,2014-2017,53057951700,0.19323199,1
Skagit,2014-2017,53057951800,0.17975645,1
Skagit,2014-2017,53057951900,0.18241337,1
Skagit,2014-2017,53057952100,0.18241337,1
Skagit,2014-2017,53057952200,0.1948634,1
Skagit,2014-2017,53057952301,0.19090524,1
Skagit,2014-2017,53057952302,0.20921548,1
Skagit,2014-2017,53057952401,0.17975645,1
Skagit,2014-2017,53057952402,0.21187178,1
Skagit,2014-2017,53057952500,0.17975645,1
Skagit,2014-2017,53057952600,0.18963108,1
Skagit,2014-2017,53057952700,0.29290364,2
Skagit,2014-2017,53057990100,0.24747823,1
Skamania,2014-2017,53059950100,0.32855974,2
Skamania,2014-2017,53059950200,0.37991088,3
Skamania,2014-2017,53059950300,0.3179309,2
Skamania,2014-2017,53059950400,0.41807705,4
Skamania,2014-2017,53059950500,0.31540207,2
Snohomish,2014-2017,53061040100,0.5155692,9
Snohomish,2014-2017,53061040200,0.5155692,9
Snohomish,2014-2017,53061040300,0.5155692,9
Snohomish,2014-2017,53061040400,0.5155692,9
Snohomish,2014-2017,53061040500,0.5155692,9
Snohomish,2014-2017,53061040700,0.5155692,9
Snohomish,2014-2017,53061040800,0.49508529,9
Snohomish,2014-2017,53061040900,0.49508529,9
Snohomish,2014-2017,53061041000,0.49508529,9
Snohomish,2014-2017,53061041100,0.4798642,8
Snohomish,2014-2017,53061041201,0.4798642,8
Snohomish,2014-2017,53061041202,0.4798642,8
Snohomish,2014-2017,53061041301,0.41048495,4
Snohomish,2014-2017,53061041303,0.4798642,8
Snohomish,2014-2017,53061041304,0.46175177,7
Snohomish,2014-2017,53061041400,0.4798642,8
Snohomish,2014-2017,53061041500,0.49516206,9
Snohomish,2014-2017,53061041601,0.48921737,8
Snohomish,2014-2017,53061041605,0.4893039,8
Snohomish,2014-2017,53061041606,0.47887966,8
Snohomish,2014-2017,53061041607,0.4893039,8
Snohomish,2014-2017,53061041608,0.4893039,8
Snohomish,2014-2017,53061041701,0.46539514,7
Snohomish,2014-2017,53061041703,0.46865289,8
Snohomish,2014-2017,53061041704,0.46865289,8
Snohomish,2014-2017,53061041805,0.46175177,7
Snohomish,2014-2017,53061041806,0.46175177,7
Snohomish,2014-2017,53061041808,0.46539514,7
Snohomish,2014-2017,53061041809,0.46539514,7
Snohomish,2014-2017,53061041810,0.4635622,7
Snohomish,2014-2017,53061041811,0.4635622,7
Snohomish,2014-2017,53061041812,0.4139492,4
Snohomish,2014-2017,53061041901,0.4139492,4
Snohomish,2014-2017,53061041903,0.46175177,7
Snohomish,2014-2017,53061041904,0.46175177,7
Snohomish,2014-2017,53061041905,0.46175177,7
Snohomish,2014-2017,53061042001,0.40105101,4
Snohomish,2014-2017,53061042003,0.4139492,4
Snohomish,2014-2017,53061042004,0.4139492,4
Snohomish,2014-2017,53061042005,0.4139492,4
Snohomish,2014-2017,53061042006,0.4139492,4
Snohomish,2014-2017,53061050101,0.4299826,5
Snohomish,2014-2017,53061050102,0.4299826,5
Snohomish,2014-2017,53061050200,0.40522408,4
Snohomish,2014-2017,53061050300,0.40522408,4
Snohomish,2014-2017,53061050401,0.42502712,5
Snohomish,2014-2017,53061050402,0.4223001,5
Snohomish,2014-2017,53061050500,0.37787598,3
Snohomish,2014-2017,53061050600,0.40187677,4
Snohomish,2014-2017,53061050700,0.46479109,7
Snohomish,2014-2017,53061050800,0.46479109,7
Snohomish,2014-2017,53061050900,0.46479109,7
Snohomish,2014-2017,53061051000,0.46479109,7
Snohomish,2014-2017,53061051100,0.61087054,10
Snohomish,2014-2017,53061051200,0.44656546,6
Snohomish,2014-2017,53061051300,0.61087054,10
Snohomish,2014-2017,53061051400,0.44656546,6
Snohomish,2014-2017,53061051500,0.42502712,5
Snohomish,2014-2017,53061051601,0.4299826,5
Snohomish,2014-2017,53061051602,0.4299826,5
Snohomish,2014-2017,53061051701,0.4299826,5
Snohomish,2014-2017,53061051702,0.4299826,5
Snohomish,2014-2017,53061051802,0.4299826,5
Snohomish,2014-2017,53061051803,0.4299826,5
Snohomish,2014-2017,53061051804,0.4635622,7
Snohomish,2014-2017,53061051905,0.4412602,5
Snohomish,2014-2017,53061051912,0.45794699,7
Snohomish,2014-2017,53061051913,0.4412602,5
Snohomish,2014-2017,53061051914,0.61087054,10
Snohomish,2014-2017,53061051915,0.46726167,7
Snohomish,2014-2017,53061051916,0.46726167,7
Snohomish,2014-2017,53061051917,0.61087054,10
Snohomish,2014-2017,53061051918,0.479287,8
Snohomish,2014-2017,53061051921,0.46726167,7
Snohomish,2014-2017,53061051922,0.46726167,7
Snohomish,2014-2017,53061051923,0.46622187,7
Snohomish,2014-2017,53061051924,0.47500266,8
Snohomish,2014-2017,53061051925,0.479287,8
Snohomish,2014-2017,53061051926,0.45794699,7
Snohomish,2014-2017,53061051927,0.4600686,7
Snohomish,2014-2017,53061051928,0.4600686,7
Snohomish,2014-2017,53061052003,0.47887966,8
Snohomish,2014-2017,53061052004,0.47887966,8
Snohomish,2014-2017,53061052005,0.47887966,8
Snohomish,2014-2017,53061052006,0.47887966,8
Snohomish,2014-2017,53061052007,0.46622187,7
Snohomish,2014-2017,53061052104,0.6165052,10
Snohomish,2014-2017,53061052105,0.51184354,9
Snohomish,2014-2017,53061052107,0.47095719,8
Snohomish,2014-2017,53061052108,0.48496489,8
Snohomish,2014-2017,53061052112,0.45557118,6
Snohomish,2014-2017,53061052113,0.45092812,6
Snohomish,2014-2017,53061052114,0.47924991,8
Snohomish,2014-2017,53061052115,0.47887966,8
Snohomish,2014-2017,53061052118,0.47924991,8
Snohomish,2014-2017,53061052203,0.46786002,8
Snohomish,2014-2017,53061052204,0.46786002,8
Snohomish,2014-2017,53061052206,0.43806589,5
Snohomish,2014-2017,53061052207,0.42713921,5
Snohomish,2014-2017,53061052208,0.46786002,8
Snohomish,2014-2017,53061052209,0.45092812,6
Snohomish,2014-2017,53061052301,0.49982611,9
Snohomish,2014-2017,53061052302,0.51184354,9
Snohomish,2014-2017,53061052401,0.52189001,9
Snohomish,2014-2017,53061052402,0.51184354,9
Snohomish,2014-2017,53061052502,0.52189001,9
Snohomish,2014-2017,53061052503,0.52685536,9
Snohomish,2014-2017,53061052504,0.5319119,9
Snohomish,2014-2017,53061052603,0.52685536,9
Snohomish,2014-2017,53061052604,0.52685536,9
Snohomish,2014-2017,53061052605,0.49679465,9
Snohomish,2014-2017,53061052606,0.49679465,9
Snohomish,2014-2017,53061052607,0.5319119,9
Snohomish,2014-2017,53061052701,0.46882613,8
Snohomish,2014-2017,53061052705,0.52072749,9
Snohomish,2014-2017,53061052706,0.52685536,9
Snohomish,2014-2017,53061052707,0.52685536,9
Snohomish,2014-2017,53061052708,0.50370146,9
Snohomish,2014-2017,53061052709,0.50574155,9
Snohomish,2014-2017,53061052803,0.5100373,9
Snohomish,2014-2017,53061052804,0.5100373,9
Snohomish,2014-2017,53061052805,0.6165052,10
Snohomish,2014-2017,53061052806,0.6165052,10
Snohomish,2014-2017,53061052903,0.6165052,10
Snohomish,2014-2017,53061052904,0.6165052,10
Snohomish,2014-2017,53061052905,0.6165052,10
Snohomish,2014-2017,53061052906,0.6165052,10
Snohomish,2014-2017,53061053101,0.47111212,8
Snohomish,2014-2017,53061053102,0.47111212,8
Snohomish,2014-2017,53061053201,0.37659624,3
Snohomish,2014-2017,53061053202,0.37659624,3
Snohomish,2014-2017,53061053301,0.30295162,2
Snohomish,2014-2017,53061053302,0.4097811,4
Snohomish,2014-2017,53061053400,0.4680352,8
Snohomish,2014-2017,53061053504,0.45335584,6
Snohomish,2014-2017,53061053505,0.48376376,8
Snohomish,2014-2017,53061053506,0.44287364,5
Snohomish,2014-2017,53061053507,0.45335584,6
Snohomish,2014-2017,53061053508,0.46199475,7
Snohomish,2014-2017,53061053509,0.47900033,8
Snohomish,2014-2017,53061053602,0.43617255,5
Snohomish,2014-2017,53061053603,0.49679465,9
Snohomish,2014-2017,53061053604,0.48376376,8
Snohomish,2014-2017,53061053700,0.63346494,10
Snohomish,2014-2017,53061053801,0.45092812,6
Snohomish,2014-2017,53061053802,0.39489156,3
Snohomish,2014-2017,53061053803,0.34953064,2
Snohomish,2014-2017,53061940001,0.6165052,10
Snohomish,2014-2017,53061940002,0.4626359,7
Snohomish,2014-2017,53061990002,0.43821459,5
Spokane,2014-2017,53063000200,0.49040554,8
Spokane,2014-2017,53063000300,0.44491289,6
Spokane,2014-2017,53063000400,0.44491289,6
Spokane,2014-2017,53063000500,0.44491289,6
Spokane,2014-2017,53063000600,0.47670844,8
Spokane,2014-2017,53063000700,0.4537537,6
Spokane,2014-2017,53063000800,0.4537537,6
Spokane,2014-2017,53063000900,0.45438071,6
Spokane,2014-2017,53063001000,0.45438071,6
Spokane,2014-2017,53063001100,0.45438071,6
Spokane,2014-2017,53063001200,0.53061703,9
Spokane,2014-2017,53063001300,0.53061703,9
Spokane,2014-2017,53063001400,0.53061703,9
Spokane,2014-2017,53063001500,0.53061703,9
Spokane,2014-2017,53063001600,0.57572987,9
Spokane,2014-2017,53063001800,0.57572987,9
Spokane,2014-2017,53063001900,0.52469138,9
Spokane,2014-2017,53063002000,0.52469138,9
Spokane,2014-2017,53063002100,0.45358822,6
Spokane,2014-2017,53063002300,0.47603523,8
Spokane,2014-2017,53063002400,0.52469138,9
Spokane,2014-2017,53063002500,0.52469138,9
Spokane,2014-2017,53063002600,0.57572987,9
Spokane,2014-2017,53063002900,0.50800118,9
Spokane,2014-2017,53063003000,0.52977212,9
Spokane,2014-2017,53063003100,0.52977212,9
Spokane,2014-2017,53063003200,0.52295608,9
Spokane,2014-2017,53063003500,0.52469138,9
Spokane,2014-2017,53063003600,0.52295608,9
Spokane,2014-2017,53063003800,0.47603523,8
Spokane,2014-2017,53063003900,0.52295608,9
Spokane,2014-2017,53063004000,0.52295608,9
Spokane,2014-2017,53063004100,0.52295608,9
Spokane,2014-2017,53063004200,0.52295608,9
Spokane,2014-2017,53063004300,0.52295608,9
Spokane,2014-2017,53063004400,0.52295608,9
Spokane,2014-2017,53063004500,0.52977212,9
Spokane,2014-2017,53063004601,0.52977212,9
Spokane,2014-2017,53063004602,0.50800118,9
Spokane,2014-2017,53063004700,0.52977212,9
Spokane,2014-2017,53063004800,0.42818073,5
Spokane,2014-2017,53063004900,0.46890612,8
Spokane,2014-2017,53063005000,0.46890612,8
Spokane,2014-2017,53063010100,0.58843893,10
Spokane,2014-2017,53063010201,0.45053071,6
Spokane,2014-2017,53063010202,0.50786187,9
Spokane,2014-2017,53063010301,0.44080275,5
Spokane,2014-2017,53063010303,0.4414044,5
Spokane,2014-2017,53063010304,0.44669364,6
Spokane,2014-2017,53063010305,0.46321899,7
Spokane,2014-2017,53063010401,0.39190017,3
Spokane,2014-2017,53063010402,0.40105777,4
Spokane,2014-2017,53063010501,0.48255246,8
Spokane,2014-2017,53063010503,0.48479201,8
Spokane,2014-2017,53063010504,0.48479201,8
Spokane,2014-2017,53063010601,0.45438071,6
Spokane,2014-2017,53063010602,0.4537537,6
Spokane,2014-2017,53063010700,0.49370268,8
Spokane,2014-2017,53063010800,0.48255246,8
Spokane,2014-2017,53063010900,0.49370268,8
Spokane,2014-2017,53063011000,0.47670844,8
Spokane,2014-2017,53063011101,0.44491289,6
Spokane,2014-2017,53063011102,0.49370268,8
Spokane,2014-2017,53063011201,0.49481709,9
Spokane,2014-2017,53063011202,0.49027222,8
Spokane,2014-2017,53063011300,0.7224819,10
Spokane,2014-2017,53063011400,0.7224819,10
Spokane,2014-2017,53063011500,0.55236553,9
Spokane,2014-2017,53063011600,0.7224819,10
Spokane,2014-2017,53063011701,0.7224819,10
Spokane,2014-2017,53063011702,0.7224819,10
Spokane,2014-2017,53063011800,0.7224819,10
Spokane,2014-2017,53063011900,0.7224819,10
Spokane,2014-2017,53063012000,0.7224819,10
Spokane,2014-2017,53063012100,0.55236553,9
Spokane,2014-2017,53063012200,0.58167918,9
Spokane,2014-2017,53063012300,0.50800118,9
Spokane,2014-2017,53063012401,0.52733921,9
Spokane,2014-2017,53063012402,0.5307616,9
Spokane,2014-2017,53063012500,0.52733921,9
Spokane,2014-2017,53063012600,0.7224819,10
Spokane,2014-2017,53063012701,0.7224819,10
Spokane,2014-2017,53063012702,0.52733921,9
Spokane,2014-2017,53063012801,0.52733921,9
Spokane,2014-2017,53063012802,0.52733921,9
Spokane,2014-2017,53063012901,0.7224819,10
Spokane,2014-2017,53063012902,0.7224819,10
Spokane,2014-2017,53063013000,0.558764,9
Spokane,2014-2017,53063013100,0.55888864,9
Spokane,2014-2017,53063013201,0.58843893,10
Spokane,2014-2017,53063013202,0.58843893,10
Spokane,2014-2017,53063013300,0.5494142,9
Spokane,2014-2017,53063013401,0.50800118,9
Spokane,2014-2017,53063013500,0.46890612,8
Spokane,2014-2017,53063013600,0.47603523,8
Spokane,2014-2017,53063013700,0.47603523,8
Spokane,2014-2017,53063013800,0.36937214,3
Spokane,2014-2017,53063013900,0.35263546,2
Spokane,2014-2017,53063014001,0.35438089,2
Spokane,2014-2017,53063014002,0.37457224,3
Spokane,2014-2017,53063014100,0.4169481,4
Spokane,2014-2017,53063014200,0.39051836,3
Spokane,2014-2017,53063014300,0.50901102,9
Spokane,2014-2017,53063014400,0.56485517,9
Spokane,2014-2017,53063014500,0.57572987,9
Stevens,2014-2017,53065941000,0.32410837,2
Stevens,2014-2017,53065950100,0.62315294,10
Stevens,2014-2017,53065950200,0.74565365,10
Stevens,2014-2017,53065950300,0.74565365,10
Stevens,2014-2017,53065950500,0.74565365,10
Stevens,2014-2017,53065950600,0.74565365,10
Stevens,2014-2017,53065950700,0.38221795,3
Stevens,2014-2017,53065950800,0.3846731,3
Stevens,2014-2017,53065950900,0.34138118,2
Stevens,2014-2017,53065951100,0.35762848,2
Stevens,2014-2017,53065951300,0.37099856,3
Stevens,2014-2017,53065951400,0.37707788,3
Thurston,2014-2017,53067010100,0.4455492,6
Thurston,2014-2017,53067010200,0.43055717,5
Thurston,2014-2017,53067010300,0.43055717,5
Thurston,2014-2017,53067010400,0.4455492,6
Thurston,2014-2017,53067010510,0.43008347,5
Thurston,2014-2017,53067010520,0.4455492,6
Thurston,2014-2017,53067010600,0.43008347,5
Thurston,2014-2017,53067010700,0.42829162,5
Thurston,2014-2017,53067010800,0.4455492,6
Thurston,2014-2017,53067010910,0.4455492,6
Thurston,2014-2017,53067010920,0.4455492,6
Thurston,2014-2017,53067011000,0.4455492,6
Thurston,2014-2017,53067011100,0.43008347,5
Thurston,2014-2017,53067011200,0.42801376,5
Thurston,2014-2017,53067011300,0.44944571,6
Thurston,2014-2017,53067011410,0.44687813,6
Thurston,2014-2017,53067011420,0.43130503,5
Thurston,2014-2017,53067011500,0.45086425,6
Thurston,2014-2017,53067011610,0.45849016,7
Thurston,2014-2017,53067011621,0.4490046,6
Thurston,2014-2017,53067011622,0.43130503,5
Thurston,2014-2017,53067011623,0.4490046,6
Thurston,2014-2017,53067011624,0.43130503,5
Thurston,2014-2017,53067011710,0.42785052,5
Thurston,2014-2017,53067011720,0.42785052,5
Thurston,2014-2017,53067011810,0.37790321,3
Thurston,2014-2017,53067011821,0.41385973,4
Thurston,2014-2017,53067011822,0.41385973,4
Thurston,2014-2017,53067011900,0.33293229,2
Thurston,2014-2017,53067012000,0.36176721,3
Thurston,2014-2017,53067012100,0.38645728,3
Thurston,2014-2017,53067012211,0.42544619,5
Thurston,2014-2017,53067012212,0.42801376,5
Thurston,2014-2017,53067012221,0.45086425,6
Thurston,2014-2017,53067012222,0.45086425,6
Thurston,2014-2017,53067012310,0.45086425,6
Thurston,2014-2017,53067012320,0.45086425,6
Thurston,2014-2017,53067012330,0.45086425,6
Thurston,2014-2017,53067012411,0.38905901,3
Thurston,2014-2017,53067012412,0.38905901,3
Thurston,2014-2017,53067012420,0.38918151,3
Thurston,2014-2017,53067012510,0.24278253,1
Thurston,2014-2017,53067012520,0.38905901,3
Thurston,2014-2017,53067012530,0.31736438,2
Thurston,2014-2017,53067012610,0.40559065,4
Thurston,2014-2017,53067012620,0.38284929,3
Thurston,2014-2017,53067012710,0.40559065,4
Thurston,2014-2017,53067012720,0.40559065,4
Thurston,2014-2017,53067012730,0.40559065,4
Wahkiakum,2014-2017,53069950100,0.49167826,8
Walla Walla,2014-2017,53071920000,0.48591601,8
Walla Walla,2014-2017,53071920100,0.3932874,3
Walla Walla,2014-2017,53071920200,0.41013256,4
Walla Walla,2014-2017,53071920300,0.41013256,4
Walla Walla,2014-2017,53071920400,0.37451641,3
Walla Walla,2014-2017,53071920500,0.40745445,4
Walla Walla,2014-2017,53071920600,0.41013256,4
Walla Walla,2014-2017,53071920701,0.40745445,4
Walla Walla,2014-2017,53071920702,0.40745445,4
Walla Walla,2014-2017,53071920801,0.40745445,4
Walla Walla,2014-2017,53071920802,0.40745445,4
Walla Walla,2014-2017,53071920900,0.41013256,4
Whatcom,2014-2017,53073000100,0.35561642,2
Whatcom,2014-2017,53073000200,0.2501563,1
Whatcom,2014-2017,53073000300,0.32369007,2
Whatcom,2014-2017,53073000400,0.32369007,2
Whatcom,2014-2017,53073000501,0.32369007,2
Whatcom,2014-2017,53073000502,0.32369007,2
Whatcom,2014-2017,53073000600,0.32369007,2
Whatcom,2014-2017,53073000700,0.32369007,2
Whatcom,2014-2017,53073000803,0.32369007,2
Whatcom,2014-2017,53073000804,0.24074461,1
Whatcom,2014-2017,53073000805,0.22771699,1
Whatcom,2014-2017,53073000806,0.25880575,1
Whatcom,2014-2017,53073000901,0.32369007,2
Whatcom,2014-2017,53073000902,0.2325256,1
Whatcom,2014-2017,53073001000,0.219431,1
Whatcom,2014-2017,53073001100,0.22799715,1
Whatcom,2014-2017,53073001201,0.22255799,1
Whatcom,2014-2017,53073001202,0.24265059,1
Whatcom,2014-2017,53073010100,0.78833978,10
Whatcom,2014-2017,53073010200,0.49150169,8
Whatcom,2014-2017,53073010301,0.29050108,2
Whatcom,2014-2017,53073010302,0.29710593,2
Whatcom,2014-2017,53073010303,0.3048391,2
Whatcom,2014-2017,53073010401,0.27133214,1
Whatcom,2014-2017,53073010403,0.26304458,1
Whatcom,2014-2017,53073010404,0.28278153,1
Whatcom,2014-2017,53073010501,0.28278137,1
Whatcom,2014-2017,53073010502,0.25850796,1
Whatcom,2014-2017,53073010600,0.25943321,1
Whatcom,2014-2017,53073010701,0.32935594,2
Whatcom,2014-2017,53073010702,0.36776773,3
Whatcom,2014-2017,53073010900,0.22964465,1
Whatcom,2014-2017,53073011000,0.25693988,1
Whatcom,2014-2017,53073940000,0.25064251,1
Whitman,2014-2017,53075000100,0.32122981,2
Whitman,2014-2017,53075000200,0.30232852,2
Whitman,2014-2017,53075000300,0.29163051,2
Whitman,2014-2017,53075000400,0.3641427,3
Whitman,2014-2017,53075000500,0.32122981,2
Whitman,2014-2017,53075000600,0.3641427,3
Whitman,2014-2017,53075000700,0.39399483,3
Whitman,2014-2017,53075000800,0.32341493,2
Whitman,2014-2017,53075000900,0.43695072,5
Whitman,2014-2017,53075001000,0.53254016,9
Yakima,2014-2017,53077000100,0.80786862,10
Yakima,2014-2017,53077000200,0.80786862,10
Yakima,2014-2017,53077000300,0.80786862,10
Yakima,2014-2017,53077000400,0.60649901,10
Yakima,2014-2017,53077000500,0.80786862,10
Yakima,2014-2017,53077000600,0.80786862,10
Yakima,2014-2017,53077000700,0.80786862,10
Yakima,2014-2017,53077000800,0.80786862,10
Yakima,2014-2017,53077000901,0.6396391,10
Yakima,2014-2017,53077000902,0.6396391,10
Yakima,2014-2017,53077001000,0.75492073,10
Yakima,2014-2017,53077001100,0.75492073,10
Yakima,2014-2017,53077001201,0.75492073,10
Yakima,2014-2017,53077001202,0.75492073,10
Yakima,2014-2017,53077001300,0.75492073,10
Yakima,2014-2017,53077001400,0.75492073,10
Yakima,2014-2017,53077001501,0.80786862,10
Yakima,2014-2017,53077001502,0.75492073,10
Yakima,2014-2017,53077001601,0.80786862,10
Yakima,2014-2017,53077001602,0.80786862,10
Yakima,2014-2017,53077001701,0.65104364,10
Yakima,2014-2017,53077001702,0.7328197,10
Yakima,2014-2017,53077001800,0.74931263,10
Yakima,2014-2017,53077001901,0.61424136,10
Yakima,2014-2017,53077001902,0.61424136,10
Yakima,2014-2017,53077002001,0.74931263,10
Yakima,2014-2017,53077002002,0.74931263,10
Yakima,2014-2017,53077002101,0.69535167,10
Yakima,2014-2017,53077002102,0.79016484,10
Yakima,2014-2017,53077002200,0.86111657,10
Yakima,2014-2017,53077002701,0.60489155,10
Yakima,2014-2017,53077002801,0.56060833,9
Yakima,2014-2017,53077002802,0.6396391,10
Yakima,2014-2017,53077002900,0.60649901,10
Yakima,2014-2017,53077003001,0.53971686,9
Yakima,2014-2017,53077003002,0.60233582,10
Yakima,2014-2017,53077003100,0.58669404,10
Yakima,2014-2017,53077003200,0.80786862,10
Yakima,2014-2017,53077003400,0.80786862,10
Yakima,2014-2017,53077940001,0.82001496,10
Yakima,2014-2017,53077940002,1,10
Yakima,2014-2017,53077940003,0.80388278,10
Yakima,2014-2017,53077940004,0.82001496,10
Yakima,2014-2017,53077940005,1,10
Yakima,2014-2017,53077940006,1,10
