County_Name,Census_Tract,Average PRMP,IBL Rank
n/a,State Total,0.64,7
Adams,53001950100,1.2,9
Adams,53001950200,0.89,8
Adams,53001950300,0.66,7
Adams,53001950400,3.73,10
Adams,53001950500,1.84,10
Asotin,53003960100,0.19,5
Asotin,53003960200,0.49,7
Asotin,53003960300,1.58,9
Asotin,53003960400,0.94,8
Asotin,53003960500,1.46,9
Asotin,53003960600,0.87,8
Benton,53005010100,3.36,10
Benton,53005010201,2.58,10
Benton,53005010202,3.12,10
Benton,53005010300,1.08,9
Benton,53005010400,1.37,9
Benton,53005010500,1.64,10
Benton,53005010600,1.16,9
Benton,53005010701,0.09,2
Benton,53005010703,0.37,6
Benton,53005010705,0.25,6
Benton,53005010707,0.16,4
Benton,53005010708,0.44,7
Benton,53005010803,0.33,6
Benton,53005010805,0.43,7
Benton,53005010807,0.12,3
Benton,53005010809,0.22,5
Benton,53005010810,0.22,5
Benton,53005010811,0.22,5
Benton,53005010813,0.34,6
Benton,53005010814,0.13,4
Benton,53005010901,0.26,6
Benton,53005010902,0.46,7
Benton,53005011001,0.78,8
Benton,53005011002,0.74,8
Benton,53005011100,1.19,9
Benton,53005011200,1.73,10
Benton,53005011300,3.2,10
Benton,53005011401,1.72,10
Benton,53005011402,0.95,8
Benton,53005011501,2.5,10
Benton,53005011503,0.49,7
Benton,53005011504,0.35,6
Benton,53005011600,0.56,7
Benton,53005011700,1.96,10
Benton,53005011800,0.71,8
Benton,53005011900,0.07,2
Benton,53005012000,0.47,7
Chelan,53007960100,0.07,2
Chelan,53007960200,0.15,4
Chelan,53007960300,1.38,9
Chelan,53007960400,0.07,2
Chelan,53007960500,0.41,7
Chelan,53007960600,1.15,9
Chelan,53007960700,2.22,10
Chelan,53007960801,2.06,10
Chelan,53007960802,3.63,10
Chelan,53007961000,2.59,10
Chelan,53007961100,1.69,10
Chelan,53007961200,0.23,5
Chelan,53007961301,1.1,9
Chelan,53007961302,1.69,10
Clallam,53009000200,0.01,1
Clallam,53009000300,0.01,1
Clallam,53009000400,0.01,1
Clallam,53009000600,0.02,1
Clallam,53009000700,0.02,1
Clallam,53009000800,0.02,1
Clallam,53009000900,0.02,1
Clallam,53009001000,0.02,1
Clallam,53009001100,0.02,1
Clallam,53009001200,0.02,1
Clallam,53009001300,0.02,1
Clallam,53009001400,0.03,1
Clallam,53009001500,0.02,1
Clallam,53009001600,0.03,1
Clallam,53009001700,0.04,1
Clallam,53009001800,0.04,1
Clallam,53009001900,0.04,1
Clallam,53009002000,0.05,1
Clallam,53009002100,0.05,1
Clallam,53009002300,0.07,2
Clallam,53009940000,0.01,1
Clallam,53009990100,0,1
Clark,53011040101,0.04,1
Clark,53011040102,0.04,1
Clark,53011040201,0.25,6
Clark,53011040202,0.07,2
Clark,53011040203,0.06,2
Clark,53011040301,0.14,4
Clark,53011040302,0.14,4
Clark,53011040403,0.07,2
Clark,53011040407,0.07,2
Clark,53011040408,0.09,2
Clark,53011040409,0.09,2
Clark,53011040411,0.11,3
Clark,53011040412,0.09,2
Clark,53011040413,0.07,2
Clark,53011040414,0.07,2
Clark,53011040415,0.06,2
Clark,53011040416,0.06,2
Clark,53011040504,0.06,1
Clark,53011040505,0.08,2
Clark,53011040507,2.18,10
Clark,53011040508,1.53,9
Clark,53011040509,2.01,10
Clark,53011040510,0.65,7
Clark,53011040511,0.1,3
Clark,53011040603,0.11,3
Clark,53011040604,0.2,5
Clark,53011040605,0.72,8
Clark,53011040608,0.2,5
Clark,53011040609,0.67,8
Clark,53011040610,0.53,7
Clark,53011040703,0.3,6
Clark,53011040706,0.36,6
Clark,53011040707,0.28,6
Clark,53011040709,0.18,4
Clark,53011040710,0.14,4
Clark,53011040711,0.23,5
Clark,53011040712,0.21,5
Clark,53011040803,0.15,4
Clark,53011040805,0.13,3
Clark,53011040806,0.21,5
Clark,53011040808,0.18,4
Clark,53011040809,0.17,4
Clark,53011040810,0.19,5
Clark,53011040904,0.14,4
Clark,53011040905,0.09,2
Clark,53011040907,0.14,4
Clark,53011040908,0.16,4
Clark,53011040909,0.12,3
Clark,53011040910,0.1,3
Clark,53011041003,0.94,8
Clark,53011041005,1.99,10
Clark,53011041007,0.56,7
Clark,53011041008,0.31,6
Clark,53011041009,0.18,5
Clark,53011041010,0.34,6
Clark,53011041011,0.61,7
Clark,53011041104,0.55,7
Clark,53011041105,0.37,6
Clark,53011041107,0.53,7
Clark,53011041108,0.67,7
Clark,53011041110,0.7,8
Clark,53011041111,1.4,9
Clark,53011041112,0.74,8
Clark,53011041201,0.3,6
Clark,53011041203,0.83,8
Clark,53011041205,0.7,8
Clark,53011041206,0.65,7
Clark,53011041309,0.21,5
Clark,53011041310,0.28,6
Clark,53011041312,0.83,8
Clark,53011041313,1.5,9
Clark,53011041317,0.58,7
Clark,53011041318,0.44,7
Clark,53011041319,0.3,6
Clark,53011041320,0.22,5
Clark,53011041321,0.2,5
Clark,53011041322,0.23,5
Clark,53011041323,0.2,5
Clark,53011041325,0.66,7
Clark,53011041326,0.37,6
Clark,53011041327,0.22,5
Clark,53011041328,0.22,5
Clark,53011041329,0.18,5
Clark,53011041330,0.94,8
Clark,53011041331,1.76,10
Clark,53011041332,0.37,6
Clark,53011041333,0.39,6
Clark,53011041400,1.72,10
Clark,53011041500,2.24,10
Clark,53011041600,2.29,10
Clark,53011041700,0.89,8
Clark,53011041800,0.76,8
Clark,53011041900,1.18,9
Clark,53011042000,1.16,9
Clark,53011042100,1.55,9
Clark,53011042300,2.74,10
Clark,53011042400,2.16,10
Clark,53011042500,1.27,9
Clark,53011042600,0.69,8
Clark,53011042700,1.08,9
Clark,53011042800,0.69,8
Clark,53011042900,0.64,7
Clark,53011043000,0.61,7
Clark,53011043100,0.46,7
Columbia,53013960200,2.49,10
Cowlitz,53015000300,2.43,10
Cowlitz,53015000400,2.42,10
Cowlitz,53015000501,2.88,10
Cowlitz,53015000502,3.55,10
Cowlitz,53015000601,3,10
Cowlitz,53015000602,2.45,10
Cowlitz,53015000702,2.12,10
Cowlitz,53015000703,0.74,8
Cowlitz,53015000704,1.23,9
Cowlitz,53015000800,1.19,9
Cowlitz,53015000900,0.32,6
Cowlitz,53015001000,2.5,10
Cowlitz,53015001100,1.72,10
Cowlitz,53015001200,0.86,8
Cowlitz,53015001300,1.09,9
Cowlitz,53015001501,0.08,2
Cowlitz,53015001502,1.28,9
Cowlitz,53015001600,0.68,8
Cowlitz,53015001700,0.14,4
Cowlitz,53015001800,0.04,1
Cowlitz,53015001900,0.16,4
Cowlitz,53015002001,0.07,2
Cowlitz,53015002002,0.06,2
Cowlitz,53015002100,2.1,10
Douglas,53017950100,0.28,6
Douglas,53017950200,1.23,9
Douglas,53017950300,1.04,8
Douglas,53017950400,2.68,10
Douglas,53017950500,1.86,10
Douglas,53017950600,1.38,9
Douglas,53017950700,1.3,9
Douglas,53017950800,0.8,8
Ferry,53019940000,0.03,1
Ferry,53019970100,0.04,1
Ferry,53019970200,0.13,3
Franklin,53021020100,5.84,10
Franklin,53021020200,5.61,10
Franklin,53021020300,5.57,10
Franklin,53021020400,4.04,10
Franklin,53021020501,0.27,6
Franklin,53021020502,1.25,9
Franklin,53021020601,1.14,9
Franklin,53021020603,0.28,6
Franklin,53021020605,1.29,9
Franklin,53021020606,0.37,6
Franklin,53021020700,0.2,5
Franklin,53021020800,1.9,10
Franklin,53021980100,0,1
Garfield,53023970300,2.06,10
Grant,53025010100,0.74,8
Grant,53025010200,0.16,4
Grant,53025010300,0.17,4
Grant,53025010400,0.39,6
Grant,53025010500,0.6,7
Grant,53025010600,3.27,10
Grant,53025010700,0.09,2
Grant,53025010800,0.25,6
Grant,53025010901,0.22,5
Grant,53025010902,0.16,4
Grant,53025011000,0.75,8
Grant,53025011100,0.13,3
Grant,53025011200,0.11,3
Grant,53025011300,0.73,8
Grant,53025011401,0.09,2
Grant,53025011402,0.53,7
Grays Harbor,53027000200,0.04,1
Grays Harbor,53027000300,0.06,1
Grays Harbor,53027000400,0.05,1
Grays Harbor,53027000500,0.04,1
Grays Harbor,53027000600,0.07,2
Grays Harbor,53027000700,0.05,1
Grays Harbor,53027000800,0.08,2
Grays Harbor,53027000900,0.22,5
Grays Harbor,53027001000,0.31,6
Grays Harbor,53027001100,0.39,6
Grays Harbor,53027001200,0.74,8
Grays Harbor,53027001300,0.84,8
Grays Harbor,53027001400,0.3,6
Grays Harbor,53027001500,0.3,6
Grays Harbor,53027001600,0.06,2
Grays Harbor,53027940000,0.02,1
Island,53029970100,0.09,2
Island,53029970200,0.06,2
Island,53029970300,0.07,2
Island,53029970400,0.05,1
Island,53029970500,0.04,1
Island,53029970601,0.05,1
Island,53029970602,0.05,1
Island,53029970700,0.05,1
Island,53029970800,0.05,1
Island,53029970900,0.05,1
Island,53029971000,0.04,1
Island,53029971100,0.05,1
Island,53029971300,0.05,1
Island,53029971400,0.09,3
Island,53029971500,0.17,4
Island,53029971600,0.08,2
Island,53029971700,0.07,2
Island,53029971800,0.05,1
Island,53029971900,0.05,1
Island,53029972000,0.08,2
Island,53029972100,0.1,3
Island,53029992201,0,1
Jefferson,53031950202,0.07,2
Jefferson,53031950300,0.08,2
Jefferson,53031950400,0.12,3
Jefferson,53031950500,0.14,4
Jefferson,53031950601,0.07,2
Jefferson,53031950602,0.07,2
Jefferson,53031950702,0.03,1
King,53033000100,0.11,3
King,53033000200,0.12,3
King,53033000300,0.13,3
King,53033000401,0.14,4
King,53033000402,0.17,4
King,53033000500,0.16,4
King,53033000600,0.15,4
King,53033000700,0.13,3
King,53033000800,0.12,3
King,53033000900,0.12,3
King,53033001000,0.14,4
King,53033001100,0.15,4
King,53033001200,0.17,4
King,53033001300,0.21,5
King,53033001400,0.22,5
King,53033001500,0.49,7
King,53033001600,0.35,6
King,53033001701,0.27,6
King,53033001702,0.28,6
King,53033001800,0.25,6
King,53033001900,0.2,5
King,53033002000,0.17,4
King,53033002100,0.15,4
King,53033002200,0.13,3
King,53033002400,0.15,4
King,53033002500,0.18,5
King,53033002600,0.2,5
King,53033002700,0.25,6
King,53033002800,0.36,6
King,53033002900,0.42,7
King,53033003000,0.62,7
King,53033003100,0.66,7
King,53033003200,0.98,8
King,53033003300,1.07,9
King,53033003400,0.9,8
King,53033003500,0.63,7
King,53033003600,0.26,6
King,53033003800,0.17,4
King,53033003900,0.14,4
King,53033004000,0.12,3
King,53033004100,0.14,4
King,53033004200,0.15,4
King,53033004301,0.18,5
King,53033004302,0.19,5
King,53033004400,0.22,5
King,53033004500,0.27,6
King,53033004600,0.34,6
King,53033004700,2.09,10
King,53033004800,1.37,9
King,53033004900,0.83,8
King,53033005000,0.66,7
King,53033005100,0.46,7
King,53033005200,0.27,6
King,53033005301,0.22,5
King,53033005302,0.21,5
King,53033005400,0.62,7
King,53033005600,1.12,9
King,53033005700,1.19,9
King,53033005801,1.25,9
King,53033005802,1.89,10
King,53033005900,1.14,9
King,53033006000,0.74,8
King,53033006100,0.4,7
King,53033006200,0.18,5
King,53033006300,0.14,4
King,53033006400,0.18,5
King,53033006500,0.36,6
King,53033006600,0.45,7
King,53033006700,0.73,8
King,53033006800,0.82,8
King,53033006900,1.19,9
King,53033007000,1.09,9
King,53033007100,1.26,9
King,53033007200,1.19,9
King,53033007300,0.94,8
King,53033007401,0.5,7
King,53033007402,0.91,8
King,53033007500,0.56,7
King,53033007600,0.24,5
King,53033007700,0.28,6
King,53033007800,0.41,7
King,53033007900,0.54,7
King,53033008001,1.27,9
King,53033008002,1.4,9
King,53033008100,1.55,9
King,53033008200,1.34,9
King,53033008300,1.27,9
King,53033008400,1.13,9
King,53033008500,1.59,9
King,53033008600,1.22,9
King,53033008700,1.13,9
King,53033008800,0.75,8
King,53033008900,1.12,9
King,53033009000,1.42,9
King,53033009100,1.74,10
King,53033009200,1.82,10
King,53033009300,3.31,10
King,53033009400,2.29,10
King,53033009500,2.05,10
King,53033009600,1.28,9
King,53033009701,0.55,7
King,53033009702,0.93,8
King,53033009800,1.54,9
King,53033009900,2.39,10
King,53033010001,3.27,10
King,53033010002,3.44,10
King,53033010100,3.4,10
King,53033010200,1.32,9
King,53033010300,1.97,10
King,53033010401,2.53,10
King,53033010402,3.69,10
King,53033010500,1.2,9
King,53033010600,0.8,8
King,53033010701,1.7,10
King,53033010702,1.61,9
King,53033010800,2.24,10
King,53033010900,4.46,10
King,53033011001,1.83,10
King,53033011002,2.35,10
King,53033011101,1.54,9
King,53033011102,1.18,9
King,53033011200,2.13,10
King,53033011300,1.41,9
King,53033011401,1.07,9
King,53033011402,0.74,8
King,53033011500,0.71,8
King,53033011600,0.33,6
King,53033011700,1.63,9
King,53033011800,0.98,8
King,53033011900,0.73,8
King,53033012000,0.24,5
King,53033012100,0.2,5
King,53033020100,0.24,5
King,53033020200,0.23,5
King,53033020300,0.19,5
King,53033020401,0.15,4
King,53033020402,0.13,3
King,53033020500,0.13,3
King,53033020600,0.14,4
King,53033020700,0.15,4
King,53033020800,0.18,5
King,53033020900,0.13,4
King,53033021000,0.12,3
King,53033021100,0.11,3
King,53033021300,0.1,3
King,53033021400,0.11,3
King,53033021500,0.11,3
King,53033021600,0.1,3
King,53033021700,0.09,2
King,53033021802,0.1,3
King,53033021803,0.09,2
King,53033021804,0.1,3
King,53033021903,0.26,6
King,53033021904,0.31,6
King,53033021905,0.13,4
King,53033021906,0.15,4
King,53033022001,0.12,3
King,53033022003,0.15,4
King,53033022005,0.23,5
King,53033022006,0.22,5
King,53033022101,0.09,2
King,53033022102,0.11,3
King,53033022201,0.12,3
King,53033022202,0.14,4
King,53033022203,0.13,4
King,53033022300,0.11,3
King,53033022400,0.29,6
King,53033022500,0.42,7
King,53033022603,0.65,7
King,53033022604,0.77,8
King,53033022605,1.71,10
King,53033022606,1.19,9
King,53033022701,0.43,7
King,53033022702,0.68,8
King,53033022703,1.02,8
King,53033022801,1.08,9
King,53033022802,1.2,9
King,53033022803,0.8,8
King,53033022901,0.48,7
King,53033022902,0.26,6
King,53033023000,0.29,6
King,53033023100,0.35,6
King,53033023201,0.64,7
King,53033023202,0.52,7
King,53033023300,0.4,6
King,53033023401,0.41,7
King,53033023403,0.15,4
King,53033023404,0.11,3
King,53033023500,0.52,7
King,53033023601,1.63,10
King,53033023603,1.02,8
King,53033023604,0.6,7
King,53033023700,1.35,9
King,53033023801,0.67,8
King,53033023803,1.32,9
King,53033023804,0.91,8
King,53033023900,0.45,7
King,53033024000,0.94,8
King,53033024100,0.58,7
King,53033024200,0.46,7
King,53033024300,0.24,5
King,53033024400,0.19,5
King,53033024500,0.19,5
King,53033024601,0.19,5
King,53033024602,0.2,5
King,53033024701,0.14,4
King,53033024702,0.13,3
King,53033024800,0.17,4
King,53033024901,0.15,4
King,53033024902,0.14,4
King,53033024903,0.12,3
King,53033025001,0.12,3
King,53033025003,0.11,3
King,53033025005,0.11,3
King,53033025006,0.09,2
King,53033025101,0.14,4
King,53033025102,0.15,4
King,53033025200,0.17,4
King,53033025301,0.3,6
King,53033025302,0.72,8
King,53033025400,0.31,6
King,53033025500,0.18,4
King,53033025601,0.33,6
King,53033025602,0.18,4
King,53033025701,0.76,8
King,53033025702,0.41,7
King,53033025803,0.71,8
King,53033025804,0.51,7
King,53033025805,1.25,9
King,53033025806,1.99,10
King,53033026001,0.65,7
King,53033026002,0.94,8
King,53033026100,0.87,8
King,53033026200,1.41,9
King,53033026300,1.09,9
King,53033026400,1.51,9
King,53033026500,1.25,9
King,53033026600,0.54,7
King,53033026700,0.38,6
King,53033026801,1.05,9
King,53033026802,0.77,8
King,53033027000,1.04,8
King,53033027100,1.03,8
King,53033027200,0.97,8
King,53033027300,0.96,8
King,53033027400,1.24,9
King,53033027500,0.6,7
King,53033027600,0.38,6
King,53033027701,0.09,2
King,53033027702,0.09,2
King,53033027800,0.26,6
King,53033027900,0.44,7
King,53033028000,1.08,9
King,53033028100,0.99,8
King,53033028200,1.13,9
King,53033028300,1.53,9
King,53033028402,1.05,9
King,53033028403,1.27,9
King,53033028500,0.33,6
King,53033028600,0.24,5
King,53033028700,0.19,5
King,53033028801,0.44,7
King,53033028802,0.98,8
King,53033028901,0.26,6
King,53033028902,0.62,7
King,53033029001,0.23,5
King,53033029003,0.32,6
King,53033029004,0.37,6
King,53033029101,1.6,9
King,53033029102,0.68,8
King,53033029203,2.56,10
King,53033029204,1.7,10
King,53033029205,2.4,10
King,53033029206,1.99,10
King,53033029303,1.56,9
King,53033029304,0.85,8
King,53033029305,1.94,10
King,53033029306,1.03,8
King,53033029307,0.78,8
King,53033029403,1.07,9
King,53033029405,0.69,8
King,53033029406,0.38,6
King,53033029407,1.05,9
King,53033029408,0.65,7
King,53033029502,0.22,5
King,53033029503,0.51,7
King,53033029504,0.38,6
King,53033029601,0.21,5
King,53033029602,0.15,4
King,53033029700,0.97,8
King,53033029801,0.65,7
King,53033029802,0.18,5
King,53033029901,0.28,6
King,53033029902,0.54,7
King,53033030003,0.19,5
King,53033030004,0.17,4
King,53033030005,0.15,4
King,53033030006,0.18,5
King,53033030100,0.15,4
King,53033030201,0.17,4
King,53033030202,0.18,5
King,53033030304,2.27,10
King,53033030305,0.3,6
King,53033030306,1.09,9
King,53033030308,0.68,8
King,53033030309,0.65,7
King,53033030310,1.56,9
King,53033030311,0.83,8
King,53033030312,2.17,10
King,53033030313,0.51,7
King,53033030314,0.28,6
King,53033030401,1.3,9
King,53033030403,1.33,9
King,53033030404,1.23,9
King,53033030501,0.97,8
King,53033030503,0.23,5
King,53033030504,0.55,7
King,53033030600,0.89,8
King,53033030700,1.5,9
King,53033030801,1.92,10
King,53033030802,1.33,9
King,53033030901,2.96,10
King,53033030902,1.72,10
King,53033031000,1.01,8
King,53033031100,0.73,8
King,53033031202,0.1,3
King,53033031204,0.11,3
King,53033031205,0.18,5
King,53033031206,0.29,6
King,53033031301,0.08,2
King,53033031302,0.06,2
King,53033031400,0.07,2
King,53033031501,0.24,5
King,53033031502,0.08,2
King,53033031601,0.1,3
King,53033031603,0.21,5
King,53033031604,0.17,4
King,53033031605,0.12,3
King,53033031703,0.17,4
King,53033031704,0.14,4
King,53033031705,0.2,5
King,53033031706,0.15,4
King,53033031800,0.55,7
King,53033031903,0.21,5
King,53033031904,0.17,4
King,53033031906,0.99,8
King,53033031907,0.71,8
King,53033031908,0.71,8
King,53033031909,0.82,8
King,53033032002,0.25,6
King,53033032003,0.25,6
King,53033032005,0.14,4
King,53033032006,0.12,3
King,53033032007,0.21,5
King,53033032008,0.15,4
King,53033032010,0.2,5
King,53033032011,0.18,5
King,53033032102,0.1,3
King,53033032103,0.08,2
King,53033032104,0.09,2
King,53033032203,0.11,3
King,53033032207,0.1,3
King,53033032208,0.08,2
King,53033032210,0.06,2
King,53033032211,0.08,2
King,53033032212,0.07,2
King,53033032213,0.07,2
King,53033032214,0.08,2
King,53033032215,0.07,2
King,53033032307,0.12,3
King,53033032309,2.27,10
King,53033032311,0.1,3
King,53033032313,0.46,7
King,53033032315,0.09,2
King,53033032316,0.15,4
King,53033032317,0.11,3
King,53033032318,0.1,3
King,53033032319,0.12,3
King,53033032320,0.13,3
King,53033032321,0.48,7
King,53033032322,0.26,6
King,53033032323,0.8,8
King,53033032324,1.45,9
King,53033032325,0.79,8
King,53033032326,0.23,5
King,53033032327,0.13,3
King,53033032328,0.14,4
King,53033032329,0.13,3
King,53033032401,0.1,3
King,53033032402,0.1,3
King,53033032500,0.15,4
King,53033032601,0.06,2
King,53033032602,0.05,1
King,53033032702,0.06,1
King,53033032703,0.05,1
King,53033032704,0.05,1
King,53033032800,0.05,1
Kitsap,53035080101,0.11,3
Kitsap,53035080102,0.11,3
Kitsap,53035080200,0.12,3
Kitsap,53035080300,0.1,3
Kitsap,53035080400,0.09,2
Kitsap,53035080500,0.09,2
Kitsap,53035080600,0.09,2
Kitsap,53035080700,0.1,3
Kitsap,53035080800,0.1,3
Kitsap,53035080900,0.12,3
Kitsap,53035081000,0.11,3
Kitsap,53035081100,0.09,3
Kitsap,53035081200,0.09,2
Kitsap,53035081400,0.09,2
Kitsap,53035090101,0.07,2
Kitsap,53035090102,0.1,3
Kitsap,53035090201,0.12,3
Kitsap,53035090202,0.16,4
Kitsap,53035090300,0.15,4
Kitsap,53035090400,0.26,6
Kitsap,53035090501,0.37,6
Kitsap,53035090502,0.62,7
Kitsap,53035090700,0.15,4
Kitsap,53035090800,0.18,5
Kitsap,53035090900,0.13,4
Kitsap,53035091000,0.11,3
Kitsap,53035091100,0.81,8
Kitsap,53035091201,0.16,4
Kitsap,53035091203,0.35,6
Kitsap,53035091204,0.24,5
Kitsap,53035091301,0.1,3
Kitsap,53035091302,0.12,3
Kitsap,53035091400,0.11,3
Kitsap,53035091500,0.2,5
Kitsap,53035091600,0.23,5
Kitsap,53035091700,0.2,5
Kitsap,53035091800,0.13,3
Kitsap,53035091900,0.15,4
Kitsap,53035092000,0.22,5
Kitsap,53035092100,0.2,5
Kitsap,53035092200,0.1,3
Kitsap,53035092300,0.08,2
Kitsap,53035092400,0.07,2
Kitsap,53035092500,0.07,2
Kitsap,53035092600,0.07,2
Kitsap,53035092701,0.06,2
Kitsap,53035092704,0.07,2
Kitsap,53035092801,0.08,2
Kitsap,53035092802,0.07,2
Kitsap,53035092803,0.06,2
Kitsap,53035092901,0.11,3
Kitsap,53035092902,0.08,2
Kitsap,53035940000,0.12,3
Kitsap,53035940100,0.4,6
Kitsap,53035990100,0,1
Kittitas,53037975100,0.03,1
Kittitas,53037975200,0.15,4
Kittitas,53037975300,0.18,5
Kittitas,53037975401,0.82,8
Kittitas,53037975402,1.22,9
Kittitas,53037975500,1.12,9
Kittitas,53037975600,2.84,10
Kittitas,53037975700,0.11,3
Klickitat,53039950100,0.07,2
Klickitat,53039950200,0.51,7
Klickitat,53039950300,0.52,7
Lewis,53041970100,0.14,4
Lewis,53041970200,0.43,7
Lewis,53041970300,1.18,9
Lewis,53041970400,0.33,6
Lewis,53041970500,0.4,6
Lewis,53041970600,0.33,6
Lewis,53041970700,0.28,6
Lewis,53041970800,1.5,9
Lewis,53041970900,0.91,8
Lewis,53041971000,0.4,7
Lewis,53041971100,0.08,2
Lewis,53041971200,0.04,1
Lewis,53041971300,0.08,2
Lewis,53041971400,0.14,4
Lewis,53041971500,0.06,2
Lewis,53041971600,0.04,1
Lewis,53041971700,0.03,1
Lewis,53041971800,0.03,1
Lewis,53041971900,0.02,1
Lewis,53041972000,0.01,1
Lincoln,53043960100,3.48,10
Lincoln,53043960200,0.63,7
Lincoln,53043960300,0.97,8
Lincoln,53043960400,1.9,10
Mason,53045940000,0.04,1
Mason,53045960100,0.03,1
Mason,53045960200,0.05,1
Mason,53045960300,0.09,2
Mason,53045960400,0.12,3
Mason,53045960500,0.05,1
Mason,53045960600,0.07,2
Mason,53045960700,0.09,2
Mason,53045960800,0.09,2
Mason,53045960900,0.11,3
Mason,53045961000,0.12,3
Mason,53045961100,0.06,2
Mason,53045961200,0.05,1
Mason,53045961300,0.26,6
Okanogan,53047940100,0.04,1
Okanogan,53047940200,0.15,4
Okanogan,53047970300,0.12,3
Okanogan,53047970400,0.13,3
Okanogan,53047970500,0.08,2
Okanogan,53047970600,0.14,4
Okanogan,53047970700,0.89,8
Okanogan,53047970800,1.23,9
Okanogan,53047970900,0.02,1
Okanogan,53047971000,0.05,1
Pacific,53049950200,0.03,1
Pacific,53049950300,0.03,1
Pacific,53049950400,0.05,1
Pacific,53049950500,0.05,1
Pacific,53049950600,0.04,1
Pacific,53049950700,0.03,1
Pacific,53049950800,0.03,1
Pacific,53049990100,0,1
Pend Oreille,53051970100,0.02,1
Pend Oreille,53051970200,0.17,4
Pend Oreille,53051970300,0.06,1
Pend Oreille,53051970400,0.06,2
Pend Oreille,53051970500,0.05,1
Pierce,53053060200,4.77,10
Pierce,53053060300,0.13,3
Pierce,53053060400,0.18,4
Pierce,53053060500,0.33,6
Pierce,53053060600,1.68,10
Pierce,53053060700,0.47,7
Pierce,53053060800,0.24,5
Pierce,53053060903,0.14,4
Pierce,53053060904,0.15,4
Pierce,53053060905,0.18,5
Pierce,53053060906,0.19,5
Pierce,53053061001,0.2,5
Pierce,53053061002,0.25,6
Pierce,53053061100,0.43,7
Pierce,53053061200,0.82,8
Pierce,53053061300,2.1,10
Pierce,53053061400,3.07,10
Pierce,53053061500,2.99,10
Pierce,53053061601,4.01,10
Pierce,53053061602,2.99,10
Pierce,53053061700,2.13,10
Pierce,53053061800,1.22,9
Pierce,53053061900,2.19,10
Pierce,53053062000,2.68,10
Pierce,53053062300,1.2,9
Pierce,53053062400,0.95,8
Pierce,53053062500,0.69,8
Pierce,53053062600,0.58,7
Pierce,53053062801,1.21,9
Pierce,53053062802,0.47,7
Pierce,53053062900,0.45,7
Pierce,53053063000,0.31,6
Pierce,53053063100,0.23,5
Pierce,53053063200,0.19,5
Pierce,53053063300,0.32,6
Pierce,53053063400,0.15,4
Pierce,53053063501,0.2,5
Pierce,53053063502,0.17,4
Pierce,53053070100,0.08,2
Pierce,53053070203,0.18,5
Pierce,53053070204,0.12,3
Pierce,53053070205,0.11,3
Pierce,53053070206,0.08,2
Pierce,53053070207,0.07,2
Pierce,53053070307,0.16,4
Pierce,53053070308,0.41,7
Pierce,53053070309,0.22,5
Pierce,53053070310,0.2,5
Pierce,53053070311,0.14,4
Pierce,53053070312,0.32,6
Pierce,53053070313,0.53,7
Pierce,53053070314,0.49,7
Pierce,53053070315,0.43,7
Pierce,53053070316,0.86,8
Pierce,53053070401,0.74,8
Pierce,53053070403,0.17,4
Pierce,53053070404,0.32,6
Pierce,53053070703,0.67,7
Pierce,53053071100,0.14,4
Pierce,53053071205,0.21,5
Pierce,53053071206,0.17,4
Pierce,53053071207,0.39,6
Pierce,53053071208,0.53,7
Pierce,53053071209,0.33,6
Pierce,53053071210,0.54,7
Pierce,53053071304,0.27,6
Pierce,53053071305,0.13,4
Pierce,53053071306,0.35,6
Pierce,53053071307,0.16,4
Pierce,53053071309,0.38,6
Pierce,53053071310,0.21,5
Pierce,53053071403,0.15,4
Pierce,53053071406,0.86,8
Pierce,53053071407,1.11,9
Pierce,53053071408,0.22,5
Pierce,53053071409,0.28,6
Pierce,53053071410,0.31,6
Pierce,53053071411,0.47,7
Pierce,53053071503,0.13,3
Pierce,53053071504,0.12,3
Pierce,53053071505,0.15,4
Pierce,53053071506,0.21,5
Pierce,53053071601,0.14,4
Pierce,53053071602,0.12,3
Pierce,53053071703,0.17,4
Pierce,53053071704,0.16,4
Pierce,53053071705,0.14,4
Pierce,53053071706,0.13,4
Pierce,53053071707,0.12,3
Pierce,53053071803,0.38,6
Pierce,53053071805,0.16,4
Pierce,53053071806,0.13,3
Pierce,53053071807,0.19,5
Pierce,53053071808,0.21,5
Pierce,53053071901,0.18,5
Pierce,53053071902,0.23,5
Pierce,53053072000,0.12,3
Pierce,53053072105,0.78,8
Pierce,53053072106,0.52,7
Pierce,53053072107,0.28,6
Pierce,53053072108,0.19,5
Pierce,53053072109,0.39,6
Pierce,53053072111,0.31,6
Pierce,53053072112,0.28,6
Pierce,53053072305,0.58,7
Pierce,53053072307,0.6,7
Pierce,53053072308,0.7,8
Pierce,53053072309,0.36,6
Pierce,53053072310,0.44,7
Pierce,53053072311,0.43,7
Pierce,53053072312,0.71,8
Pierce,53053072313,1.08,9
Pierce,53053072405,0.07,2
Pierce,53053072406,0.07,2
Pierce,53053072407,0.1,3
Pierce,53053072408,0.1,3
Pierce,53053072409,0.1,3
Pierce,53053072410,0.16,4
Pierce,53053072503,0.06,2
Pierce,53053072504,0.06,2
Pierce,53053072505,0.06,2
Pierce,53053072506,0.07,2
Pierce,53053072507,0.07,2
Pierce,53053072601,0.07,2
Pierce,53053072602,0.05,1
Pierce,53053072603,0.08,2
Pierce,53053072800,0.08,2
Pierce,53053072901,0.12,3
Pierce,53053072903,0.12,3
Pierce,53053072905,0.09,2
Pierce,53053072906,0.09,2
Pierce,53053072907,0.1,3
Pierce,53053073001,0.06,2
Pierce,53053073005,0.09,2
Pierce,53053073006,0.05,1
Pierce,53053073108,0.91,8
Pierce,53053073110,1.03,8
Pierce,53053073111,0.45,7
Pierce,53053073113,0.18,5
Pierce,53053073114,0.27,6
Pierce,53053073115,0.35,6
Pierce,53053073116,0.19,5
Pierce,53053073117,0.09,2
Pierce,53053073118,0.12,3
Pierce,53053073119,0.08,2
Pierce,53053073120,0.29,6
Pierce,53053073121,0.45,7
Pierce,53053073122,0.32,6
Pierce,53053073123,0.45,7
Pierce,53053073124,0.31,6
Pierce,53053073125,0.59,7
Pierce,53053073126,0.41,7
Pierce,53053073200,0.04,1
Pierce,53053073301,1.1,9
Pierce,53053073302,1.05,9
Pierce,53053073404,0.34,6
Pierce,53053073405,0.37,6
Pierce,53053073406,0.72,8
Pierce,53053073407,0.76,8
Pierce,53053073408,0.47,7
Pierce,53053073500,0.94,8
Pierce,53053940001,0.73,8
Pierce,53053940002,2.61,10
Pierce,53053940003,1.19,9
Pierce,53053940004,0.54,7
Pierce,53053940005,3.86,10
Pierce,53053940006,1.9,10
Pierce,53053940007,3.4,10
Pierce,53053940008,2.59,10
Pierce,53053940009,0.65,7
Pierce,53053940010,1.05,9
Pierce,53053940011,1.24,9
San Juan,53055960100,0.04,1
San Juan,53055960300,0.03,1
San Juan,53055960400,0.03,1
San Juan,53055960500,0.05,1
San Juan,53055990100,0,1
Skagit,53057940200,0.19,5
Skagit,53057940300,0.54,7
Skagit,53057940400,0.44,7
Skagit,53057940500,0.9,8
Skagit,53057940600,1.36,9
Skagit,53057940700,1.49,9
Skagit,53057940800,0.11,3
Skagit,53057950100,0.61,7
Skagit,53057950800,0.1,3
Skagit,53057950900,0.12,3
Skagit,53057951000,0.08,2
Skagit,53057951100,0.03,1
Skagit,53057951200,0.11,3
Skagit,53057951300,0.42,7
Skagit,53057951400,0.24,5
Skagit,53057951500,0.18,5
Skagit,53057951600,0.47,7
Skagit,53057951700,1.27,9
Skagit,53057951800,2.03,10
Skagit,53057951900,0.49,7
Skagit,53057952100,0.43,7
Skagit,53057952200,2.14,10
Skagit,53057952301,1.02,8
Skagit,53057952302,0.83,8
Skagit,53057952401,1.31,9
Skagit,53057952402,0.7,8
Skagit,53057952500,2.1,10
Skagit,53057952600,1.26,9
Skagit,53057952700,0.13,3
Skagit,53057990100,0,1
Skamania,53059950100,0.03,1
Skamania,53059950200,0.07,2
Skamania,53059950300,0.04,1
Skamania,53059950400,0.1,3
Skamania,53059950500,0.04,1
Snohomish,53061040100,1.12,9
Snohomish,53061040200,1.39,9
Snohomish,53061040300,1.25,9
Snohomish,53061040400,1.93,10
Snohomish,53061040500,1.35,9
Snohomish,53061040700,1.12,9
Snohomish,53061040800,1.69,10
Snohomish,53061040900,0.83,8
Snohomish,53061041000,0.8,8
Snohomish,53061041100,0.56,7
Snohomish,53061041201,0.92,8
Snohomish,53061041202,0.39,6
Snohomish,53061041301,0.27,6
Snohomish,53061041303,1.38,9
Snohomish,53061041304,0.7,8
Snohomish,53061041400,0.35,6
Snohomish,53061041500,0.46,7
Snohomish,53061041601,0.19,5
Snohomish,53061041605,0.16,4
Snohomish,53061041606,0.13,4
Snohomish,53061041607,0.13,3
Snohomish,53061041608,0.11,3
Snohomish,53061041701,0.16,4
Snohomish,53061041703,0.13,4
Snohomish,53061041704,0.12,3
Snohomish,53061041805,0.26,6
Snohomish,53061041806,0.2,5
Snohomish,53061041808,0.17,4
Snohomish,53061041809,0.17,4
Snohomish,53061041810,0.16,4
Snohomish,53061041811,0.15,4
Snohomish,53061041812,0.17,4
Snohomish,53061041901,0.18,5
Snohomish,53061041903,0.36,6
Snohomish,53061041904,0.34,6
Snohomish,53061041905,0.22,5
Snohomish,53061042001,0.18,5
Snohomish,53061042003,0.32,6
Snohomish,53061042004,0.23,5
Snohomish,53061042005,0.21,5
Snohomish,53061042006,0.18,5
Snohomish,53061050101,0.41,7
Snohomish,53061050102,0.29,6
Snohomish,53061050200,1.27,9
Snohomish,53061050300,0.79,8
Snohomish,53061050401,0.65,7
Snohomish,53061050402,0.58,7
Snohomish,53061050500,1.62,9
Snohomish,53061050600,0.46,7
Snohomish,53061050700,0.32,6
Snohomish,53061050800,0.33,6
Snohomish,53061050900,0.24,5
Snohomish,53061051000,0.21,5
Snohomish,53061051100,0.16,4
Snohomish,53061051200,0.18,5
Snohomish,53061051300,0.15,4
Snohomish,53061051400,0.3,6
Snohomish,53061051500,0.54,7
Snohomish,53061051601,0.46,7
Snohomish,53061051602,0.49,7
Snohomish,53061051701,0.3,6
Snohomish,53061051702,0.24,5
Snohomish,53061051802,0.23,5
Snohomish,53061051803,0.23,5
Snohomish,53061051804,0.17,4
Snohomish,53061051905,0.16,4
Snohomish,53061051912,0.08,2
Snohomish,53061051913,0.14,4
Snohomish,53061051914,0.12,3
Snohomish,53061051915,0.12,3
Snohomish,53061051916,0.1,3
Snohomish,53061051917,0.1,3
Snohomish,53061051918,0.09,2
Snohomish,53061051921,0.11,3
Snohomish,53061051922,0.11,3
Snohomish,53061051923,0.1,3
Snohomish,53061051924,0.09,2
Snohomish,53061051925,0.08,2
Snohomish,53061051926,0.08,2
Snohomish,53061051927,0.13,4
Snohomish,53061051928,0.14,4
Snohomish,53061052003,0.09,3
Snohomish,53061052004,0.11,3
Snohomish,53061052005,0.1,3
Snohomish,53061052006,0.09,3
Snohomish,53061052007,0.1,3
Snohomish,53061052104,0.82,8
Snohomish,53061052105,0.07,2
Snohomish,53061052107,0.08,2
Snohomish,53061052108,0.07,2
Snohomish,53061052112,0.07,2
Snohomish,53061052113,0.07,2
Snohomish,53061052114,0.08,2
Snohomish,53061052115,0.09,2
Snohomish,53061052118,0.09,2
Snohomish,53061052203,0.07,2
Snohomish,53061052204,0.06,2
Snohomish,53061052206,0.1,3
Snohomish,53061052207,0.12,3
Snohomish,53061052208,0.07,2
Snohomish,53061052209,0.06,2
Snohomish,53061052301,0.11,3
Snohomish,53061052302,0.08,2
Snohomish,53061052401,0.11,3
Snohomish,53061052402,0.1,3
Snohomish,53061052502,0.14,4
Snohomish,53061052503,0.6,7
Snohomish,53061052504,0.25,5
Snohomish,53061052603,0.22,5
Snohomish,53061052604,0.36,6
Snohomish,53061052605,0.19,5
Snohomish,53061052606,0.18,5
Snohomish,53061052607,0.19,5
Snohomish,53061052701,0.17,4
Snohomish,53061052705,0.35,6
Snohomish,53061052706,0.83,8
Snohomish,53061052707,0.59,7
Snohomish,53061052708,0.26,6
Snohomish,53061052709,0.16,4
Snohomish,53061052803,0.16,4
Snohomish,53061052804,0.14,4
Snohomish,53061052805,0.22,5
Snohomish,53061052806,0.21,5
Snohomish,53061052903,0.86,8
Snohomish,53061052904,0.49,7
Snohomish,53061052905,0.38,6
Snohomish,53061052906,0.31,6
Snohomish,53061053101,0.16,4
Snohomish,53061053102,0.11,3
Snohomish,53061053201,0.14,4
Snohomish,53061053202,0.09,2
Snohomish,53061053301,0.61,7
Snohomish,53061053302,0.16,4
Snohomish,53061053400,0.16,4
Snohomish,53061053504,0.62,7
Snohomish,53061053505,0.12,3
Snohomish,53061053506,0.12,3
Snohomish,53061053507,0.37,6
Snohomish,53061053508,0.98,8
Snohomish,53061053509,0.28,6
Snohomish,53061053602,0.08,2
Snohomish,53061053603,0.1,3
Snohomish,53061053604,0.07,2
Snohomish,53061053700,0.03,1
Snohomish,53061053801,0.07,2
Snohomish,53061053802,0.12,3
Snohomish,53061053803,0.08,2
Snohomish,53061940001,0.21,5
Snohomish,53061940002,0.1,3
Snohomish,53061990100,0,1
Spokane,53063000200,3.17,10
Spokane,53063000300,2.08,10
Spokane,53063000400,1.49,9
Spokane,53063000500,1.08,9
Spokane,53063000600,0.37,6
Spokane,53063000700,0.4,6
Spokane,53063000800,0.34,6
Spokane,53063000900,0.64,7
Spokane,53063001000,1.04,8
Spokane,53063001100,0.48,7
Spokane,53063001200,0.5,7
Spokane,53063001300,0.84,8
Spokane,53063001400,1.23,9
Spokane,53063001500,2.12,10
Spokane,53063001600,4.08,10
Spokane,53063001800,1.9,10
Spokane,53063001900,0.69,8
Spokane,53063002000,0.3,6
Spokane,53063002100,0.33,6
Spokane,53063002300,0.27,6
Spokane,53063002400,0.31,6
Spokane,53063002500,0.86,8
Spokane,53063002600,1.56,9
Spokane,53063002900,0.98,8
Spokane,53063003000,0.92,8
Spokane,53063003100,0.27,6
Spokane,53063003200,0.19,5
Spokane,53063003500,0.19,5
Spokane,53063003600,0.24,5
Spokane,53063003800,0.31,6
Spokane,53063003900,0.18,5
Spokane,53063004000,0.17,4
Spokane,53063004100,0.18,5
Spokane,53063004200,0.17,4
Spokane,53063004300,0.16,4
Spokane,53063004400,0.18,5
Spokane,53063004500,0.22,5
Spokane,53063004601,0.38,6
Spokane,53063004602,0.45,7
Spokane,53063004700,0.22,5
Spokane,53063004800,0.19,5
Spokane,53063004900,0.15,4
Spokane,53063005000,0.14,4
Spokane,53063010100,0.24,5
Spokane,53063010201,0.04,1
Spokane,53063010202,0.13,4
Spokane,53063010301,0.04,1
Spokane,53063010303,0.07,2
Spokane,53063010304,0.04,1
Spokane,53063010305,0.1,3
Spokane,53063010401,0.15,4
Spokane,53063010402,0.08,2
Spokane,53063010501,0.52,7
Spokane,53063010503,0.22,5
Spokane,53063010504,0.19,5
Spokane,53063010601,0.29,6
Spokane,53063010602,0.18,5
Spokane,53063010700,0.24,5
Spokane,53063010800,1.04,8
Spokane,53063010900,0.61,7
Spokane,53063011000,0.81,8
Spokane,53063011101,1.62,9
Spokane,53063011102,1.27,9
Spokane,53063011201,2.36,10
Spokane,53063011202,1.06,9
Spokane,53063011300,0.76,8
Spokane,53063011400,1,8
Spokane,53063011500,0.9,8
Spokane,53063011600,0.42,7
Spokane,53063011701,0.73,8
Spokane,53063011702,0.6,7
Spokane,53063011800,0.55,7
Spokane,53063011900,0.38,6
Spokane,53063012000,0.4,7
Spokane,53063012100,0.75,8
Spokane,53063012200,1.68,10
Spokane,53063012300,1.03,8
Spokane,53063012401,0.23,5
Spokane,53063012402,0.13,3
Spokane,53063012500,0.24,5
Spokane,53063012600,0.22,5
Spokane,53063012701,0.24,5
Spokane,53063012702,0.18,5
Spokane,53063012801,0.16,4
Spokane,53063012802,0.17,4
Spokane,53063012901,0.68,8
Spokane,53063012902,0.27,6
Spokane,53063013000,0.33,6
Spokane,53063013100,0.42,7
Spokane,53063013201,0.19,5
Spokane,53063013202,0.14,4
Spokane,53063013300,0.1,3
Spokane,53063013401,0.34,6
Spokane,53063013500,0.15,4
Spokane,53063013600,0.35,6
Spokane,53063013700,0.36,6
Spokane,53063013800,0.12,3
Spokane,53063013900,0.12,3
Spokane,53063014001,0.1,3
Spokane,53063014002,0.1,3
Spokane,53063014100,0.37,6
Spokane,53063014200,0.16,4
Spokane,53063014300,1.6,9
Spokane,53063014400,3.31,10
Spokane,53063014500,1.14,9
Stevens,53065941000,0.05,1
Stevens,53065950100,0.03,1
Stevens,53065950200,0.06,2
Stevens,53065950300,0.05,1
Stevens,53065950500,0.05,1
Stevens,53065950600,0.06,2
Stevens,53065950700,0.08,2
Stevens,53065950800,0.19,5
Stevens,53065950900,0.05,1
Stevens,53065951100,0.04,1
Stevens,53065951300,0.03,1
Stevens,53065951400,0.06,1
Thurston,53067010100,0.05,1
Thurston,53067010200,0.05,1
Thurston,53067010300,0.05,1
Thurston,53067010400,0.05,1
Thurston,53067010510,0.06,2
Thurston,53067010520,0.06,2
Thurston,53067010600,0.06,2
Thurston,53067010700,0.05,1
Thurston,53067010800,0.05,1
Thurston,53067010910,0.05,1
Thurston,53067010920,0.05,1
Thurston,53067011000,0.06,1
Thurston,53067011100,0.07,2
Thurston,53067011200,0.04,1
Thurston,53067011300,0.04,1
Thurston,53067011410,0.04,1
Thurston,53067011420,0.04,1
Thurston,53067011500,0.05,1
Thurston,53067011610,0.04,1
Thurston,53067011621,0.04,1
Thurston,53067011622,0.04,1
Thurston,53067011623,0.04,1
Thurston,53067011624,0.04,1
Thurston,53067011710,0.04,1
Thurston,53067011720,0.04,1
Thurston,53067011810,0.06,2
Thurston,53067011821,0.05,1
Thurston,53067011822,0.05,1
Thurston,53067011900,0.11,3
Thurston,53067012000,0.08,2
Thurston,53067012100,0.06,1
Thurston,53067012211,0.05,1
Thurston,53067012212,0.05,1
Thurston,53067012221,0.05,1
Thurston,53067012222,0.06,1
Thurston,53067012310,0.05,1
Thurston,53067012320,0.05,1
Thurston,53067012330,0.05,1
Thurston,53067012411,0.04,1
Thurston,53067012412,0.04,1
Thurston,53067012420,0.04,1
Thurston,53067012510,0.03,1
Thurston,53067012520,0.04,1
Thurston,53067012530,0.04,1
Thurston,53067012610,0.06,2
Thurston,53067012620,0.07,2
Thurston,53067012710,0.17,4
Thurston,53067012720,0.2,5
Thurston,53067012730,0.09,2
Thurston,53067990100,0,1
Wahkiakum,53069950100,0.17,4
Walla Walla,53071920000,1.31,9
Walla Walla,53071920100,0.58,7
Walla Walla,53071920200,0.95,8
Walla Walla,53071920300,1.11,9
Walla Walla,53071920400,2.05,10
Walla Walla,53071920500,3.09,10
Walla Walla,53071920600,1.81,10
Walla Walla,53071920701,1.44,9
Walla Walla,53071920702,1.28,9
Walla Walla,53071920801,1.79,10
Walla Walla,53071920802,1.63,10
Walla Walla,53071920900,0.99,8
Whatcom,53073000100,0.77,8
Whatcom,53073000200,0.53,7
Whatcom,53073000300,1.57,9
Whatcom,53073000400,2.6,10
Whatcom,53073000501,2.42,10
Whatcom,53073000502,2.72,10
Whatcom,53073000600,5.01,10
Whatcom,53073000700,1.71,10
Whatcom,53073000803,1.31,9
Whatcom,53073000804,0.42,7
Whatcom,53073000805,0.83,8
Whatcom,53073000806,0.12,3
Whatcom,53073000901,1.9,10
Whatcom,53073000902,1.07,9
Whatcom,53073001000,3.16,10
Whatcom,53073001100,1.99,10
Whatcom,53073001201,1.56,9
Whatcom,53073001202,0.55,7
Whatcom,53073010100,0.08,2
Whatcom,53073010200,0.92,8
Whatcom,53073010301,0.91,8
Whatcom,53073010302,1.53,9
Whatcom,53073010303,1.4,9
Whatcom,53073010401,0.1,3
Whatcom,53073010403,0.13,4
Whatcom,53073010404,0.34,6
Whatcom,53073010501,0.57,7
Whatcom,53073010502,0.75,8
Whatcom,53073010600,0.26,6
Whatcom,53073010701,0.16,4
Whatcom,53073010702,0.19,5
Whatcom,53073010900,0.09,2
Whatcom,53073011000,0.04,1
Whatcom,53073940000,0.4,6
Whitman,53075000100,0.97,8
Whitman,53075000200,1.49,9
Whitman,53075000300,0.77,8
Whitman,53075000400,0.64,7
Whitman,53075000500,0.66,7
Whitman,53075000600,0.96,8
Whitman,53075000700,1.57,9
Whitman,53075000800,1.06,9
Whitman,53075000900,2.2,10
Whitman,53075001000,1.23,9
Yakima,53077000100,5.21,10
Yakima,53077000200,4.84,10
Yakima,53077000300,9.07,10
Yakima,53077000400,2.58,10
Yakima,53077000500,5.27,10
Yakima,53077000600,6.01,10
Yakima,53077000700,4.72,10
Yakima,53077000800,3.86,10
Yakima,53077000901,1.87,10
Yakima,53077000902,0.71,8
Yakima,53077001000,3.5,10
Yakima,53077001100,2.63,10
Yakima,53077001201,3.47,10
Yakima,53077001202,4.61,10
Yakima,53077001300,3.27,10
Yakima,53077001400,3.03,10
Yakima,53077001501,4.22,10
Yakima,53077001502,4.95,10
Yakima,53077001601,0.85,8
Yakima,53077001602,1.68,10
Yakima,53077001701,1.02,8
Yakima,53077001702,1.35,9
Yakima,53077001800,1.15,9
Yakima,53077001901,6.12,10
Yakima,53077001902,4.39,10
Yakima,53077002001,0.12,3
Yakima,53077002002,0.12,3
Yakima,53077002101,0.09,2
Yakima,53077002102,0.1,3
Yakima,53077002200,1.15,9
Yakima,53077002701,0.13,4
Yakima,53077002801,0.53,7
Yakima,53077002802,0.53,7
Yakima,53077002900,2.82,10
Yakima,53077003001,0.13,4
Yakima,53077003002,1.47,9
Yakima,53077003100,1.14,9
Yakima,53077003200,2.8,10
Yakima,53077003400,1.46,9
Yakima,53077940001,0.61,7
Yakima,53077940002,0.67,8
Yakima,53077940003,0.26,6
Yakima,53077940004,3.49,10
Yakima,53077940005,3.42,10
Yakima,53077940006,3.62,10
,,,
,,,
Proximity to Risk Management Plan (RMP) Facililties,,,
"Geography: Census Tract, Year: 2021",,,
Created: 9/13/2024,,,
,,,
"""**"" indicates data suppression to protect confidentiality.",,,
,,,
"""--"" indicates no data collected.",,,
,,,
"""NR"" indicates data are not reliable.",,,
