County Name,Census_Tract,Proximity to Heavy Traffic Roadways,IBL Rank
n/a,State Total,80463.96,7
Adams,53001950100,20000,2
Adams,53001950200,12000,1
Adams,53001950300,9000,1
Adams,53001950400,7211.92,1
Adams,53001950500,9000,1
Asotin,53003960100,7600,1
Asotin,53003960200,11205.41,1
Asotin,53003960300,25000,3
Asotin,53003960400,16937.48,2
Asotin,53003960500,25000,3
Asotin,53003960600,12385.8,1
Benton,53005010100,44042.75,4
Benton,53005010201,38000,4
Benton,53005010202,31000,3
Benton,53005010300,68695.07,6
Benton,53005010400,51264.92,5
Benton,53005010500,42766.48,4
Benton,53005010600,80000,7
Benton,53005010701,26000,3
Benton,53005010703,18000,2
Benton,53005010705,44775.27,5
Benton,53005010707,21716.79,2
Benton,53005010708,28092.7,3
Benton,53005010803,70542.14,6
Benton,53005010805,80000,7
Benton,53005010807,26000,3
Benton,53005010809,80000,7
Benton,53005010810,57000,5
Benton,53005010811,29941.89,3
Benton,53005010813,24268.22,3
Benton,53005010814,22000,2
Benton,53005010901,57000,5
Benton,53005010902,31359.7,4
Benton,53005011001,66000,6
Benton,53005011002,49000,5
Benton,53005011100,66000,6
Benton,53005011200,66000,6
Benton,53005011300,66000,6
Benton,53005011401,26885.72,3
Benton,53005011402,20314.01,2
Benton,53005011501,25284.63,3
Benton,53005011503,32000,4
Benton,53005011504,13918.39,1
Benton,53005011600,22000,2
Benton,53005011700,24000,3
Benton,53005011800,26000,3
Benton,53005011900,26000,3
Benton,53005012000,8068.67,1
Chelan,53007960100,7200,1
Chelan,53007960200,15000,2
Chelan,53007960300,12000,1
Chelan,53007960400,7600,1
Chelan,53007960500,24000,3
Chelan,53007960600,24000,3
Chelan,53007960700,40000,4
Chelan,53007960801,40000,4
Chelan,53007960802,40000,4
Chelan,53007961000,56000,5
Chelan,53007961100,56000,5
Chelan,53007961200,25115.36,3
Chelan,53007961301,28932.86,3
Chelan,53007961302,31000,3
Clallam,53009000200,2300,1
Clallam,53009000300,7300,1
Clallam,53009000400,6400,1
Clallam,53009000600,8503.01,1
Clallam,53009000700,16000,2
Clallam,53009000800,14000,1
Clallam,53009000900,16000,2
Clallam,53009001000,23997.58,3
Clallam,53009001100,19207.47,2
Clallam,53009001200,34000,4
Clallam,53009001300,34000,4
Clallam,53009001400,30885.51,3
Clallam,53009001500,14000,1
Clallam,53009001600,22000,2
Clallam,53009001700,28000,3
Clallam,53009001800,28000,3
Clallam,53009001900,28000,3
Clallam,53009002000,28000,3
Clallam,53009002100,19000,2
Clallam,53009002300,28000,3
Clallam,53009940000,1451.69,1
Clallam,53009990100,34000,4
Clark,53011040101,7200,1
Clark,53011040102,12000,1
Clark,53011040201,83000,7
Clark,53011040202,22151.54,2
Clark,53011040203,40251.73,4
Clark,53011040301,106000,8
Clark,53011040302,114000,8
Clark,53011040403,126000,8
Clark,53011040407,28000,3
Clark,53011040408,32000,4
Clark,53011040409,105221.3,8
Clark,53011040411,126000,8
Clark,53011040412,126000,8
Clark,53011040413,28000,3
Clark,53011040414,28000,3
Clark,53011040415,28000,3
Clark,53011040416,18117.33,2
Clark,53011040504,10750.42,1
Clark,53011040505,14807.45,1
Clark,53011040507,27000,3
Clark,53011040508,27000,3
Clark,53011040509,27000,3
Clark,53011040510,27000,3
Clark,53011040511,12126.83,1
Clark,53011040603,20000,2
Clark,53011040604,29308.23,3
Clark,53011040605,30787.9,3
Clark,53011040608,27988.78,3
Clark,53011040609,47000,5
Clark,53011040610,25146.41,3
Clark,53011040703,89000,7
Clark,53011040706,66000,6
Clark,53011040707,49567.9,5
Clark,53011040709,52214.44,5
Clark,53011040710,41000,4
Clark,53011040711,41000,4
Clark,53011040712,27521.08,3
Clark,53011040803,95000,7
Clark,53011040805,89000,7
Clark,53011040806,89000,7
Clark,53011040808,89000,7
Clark,53011040809,95000,7
Clark,53011040810,104000,7
Clark,53011040904,95000,7
Clark,53011040905,126000,8
Clark,53011040907,35775.2,4
Clark,53011040908,91878.26,7
Clark,53011040909,92287.45,7
Clark,53011040910,126000,8
Clark,53011041003,128449.4,8
Clark,53011041005,106067.85,8
Clark,53011041007,110000,8
Clark,53011041008,83836.52,7
Clark,53011041009,104000,7
Clark,53011041010,110000,8
Clark,53011041011,144000,9
Clark,53011041104,92791.1,7
Clark,53011041105,89000,7
Clark,53011041107,89000,7
Clark,53011041108,103451.33,7
Clark,53011041110,96598.02,7
Clark,53011041111,62000,6
Clark,53011041112,62000,6
Clark,53011041201,160000,9
Clark,53011041203,123000,8
Clark,53011041205,95109.24,7
Clark,53011041206,141000,9
Clark,53011041309,160000,9
Clark,53011041310,160000,9
Clark,53011041312,110692.92,8
Clark,53011041313,123000,8
Clark,53011041317,141000,9
Clark,53011041318,141000,9
Clark,53011041319,59853.96,6
Clark,53011041320,61221.94,6
Clark,53011041321,38938.08,4
Clark,53011041322,141000,9
Clark,53011041323,85813.54,7
Clark,53011041325,85000,7
Clark,53011041326,45565.73,5
Clark,53011041327,33103.96,4
Clark,53011041328,85000,7
Clark,53011041329,55113.7,5
Clark,53011041330,91431.58,7
Clark,53011041331,123000,8
Clark,53011041332,50613.86,5
Clark,53011041333,49533.73,5
Clark,53011041400,62000,6
Clark,53011041500,31000,3
Clark,53011041600,86330.54,7
Clark,53011041700,144000,9
Clark,53011041800,144000,9
Clark,53011041900,144000,9
Clark,53011042000,144000,9
Clark,53011042100,144000,9
Clark,53011042300,144000,9
Clark,53011042400,137000,8
Clark,53011042500,144000,9
Clark,53011042600,144000,9
Clark,53011042700,90047.97,7
Clark,53011042800,75867.69,6
Clark,53011042900,72000,6
Clark,53011043000,72000,6
Clark,53011043100,100556.49,7
Columbia,53013960200,5900,1
Cowlitz,53015000300,73000,6
Cowlitz,53015000400,22317.66,2
Cowlitz,53015000501,26000,3
Cowlitz,53015000502,26000,3
Cowlitz,53015000601,22000,2
Cowlitz,53015000602,22693.46,3
Cowlitz,53015000702,22000,2
Cowlitz,53015000703,20000,2
Cowlitz,53015000704,20000,2
Cowlitz,53015000800,61000,6
Cowlitz,53015000900,61000,6
Cowlitz,53015001000,58000,5
Cowlitz,53015001100,73000,6
Cowlitz,53015001200,73000,6
Cowlitz,53015001300,61000,6
Cowlitz,53015001501,21267.91,2
Cowlitz,53015001502,83000,7
Cowlitz,53015001600,74000,6
Cowlitz,53015001700,73000,6
Cowlitz,53015001800,7819.39,1
Cowlitz,53015001900,35756.5,4
Cowlitz,53015002001,58000,5
Cowlitz,53015002002,58000,5
Cowlitz,53015002100,52774.32,5
Douglas,53017950100,9000,1
Douglas,53017950200,7270.56,1
Douglas,53017950300,26000,3
Douglas,53017950400,37000,4
Douglas,53017950500,56000,5
Douglas,53017950600,43013.51,4
Douglas,53017950700,56000,5
Douglas,53017950800,56000,5
Ferry,53019940000,1713.51,1
Ferry,53019970100,5400,1
Ferry,53019970200,2600,1
Franklin,53021020100,56000,5
Franklin,53021020200,56000,5
Franklin,53021020300,58000,5
Franklin,53021020400,66000,6
Franklin,53021020501,74000,6
Franklin,53021020502,66000,6
Franklin,53021020601,51096.69,5
Franklin,53021020603,71000,6
Franklin,53021020605,58000,5
Franklin,53021020606,74000,6
Franklin,53021020700,27000,3
Franklin,53021020800,17000,2
Franklin,53021980100,58000,5
Garfield,53023970300,3400,1
Grant,53025010100,5500,1
Grant,53025010200,13000,1
Grant,53025010300,8700,1
Grant,53025010400,12000,1
Grant,53025010500,15000,2
Grant,53025010600,15000,2
Grant,53025010700,26000,3
Grant,53025010800,20000,2
Grant,53025010901,21000,2
Grant,53025010902,26000,3
Grant,53025011000,23000,3
Grant,53025011100,26000,3
Grant,53025011200,19000,2
Grant,53025011300,13000,1
Grant,53025011401,4522.39,1
Grant,53025011402,17000,2
Grays Harbor,53027000200,8400,1
Grays Harbor,53027000300,12331.78,1
Grays Harbor,53027000400,24000,3
Grays Harbor,53027000500,24000,3
Grays Harbor,53027000600,20000,2
Grays Harbor,53027000700,23000,3
Grays Harbor,53027000800,23000,3
Grays Harbor,53027000900,28000,3
Grays Harbor,53027001000,28000,3
Grays Harbor,53027001100,28000,3
Grays Harbor,53027001200,28000,3
Grays Harbor,53027001300,15000,2
Grays Harbor,53027001400,15000,2
Grays Harbor,53027001500,15000,2
Grays Harbor,53027001600,7100,1
Grays Harbor,53027940000,2332.91,1
Grays Harbor,53027990000,8400,1
Island,53029970100,20000,2
Island,53029970200,21000,2
Island,53029970300,21000,2
Island,53029970400,23000,3
Island,53029970500,22000,2
Island,53029970601,23000,3
Island,53029970602,23000,3
Island,53029970700,23000,3
Island,53029970800,23000,3
Island,53029970900,23000,3
Island,53029971000,15000,2
Island,53029971100,13000,1
Island,53029971300,14000,1
Island,53029971400,15934.8,2
Island,53029971500,22964.4,3
Island,53029971600,7178.15,1
Island,53029971700,13021.22,1
Island,53029971800,14000,1
Island,53029971900,14000,1
Island,53029972000,18419.73,2
Island,53029972100,19536.58,2
Island,53029992201,23697.08,3
Jefferson,53031950202,11177.34,1
Jefferson,53031950300,18000,2
Jefferson,53031950400,16000,2
Jefferson,53031950500,19000,2
Jefferson,53031950601,18000,2
Jefferson,53031950602,18000,2
Jefferson,53031950702,6539.82,1
Jefferson,53031990000,1705.45,1
King,53033000100,106265.93,8
King,53033000200,215000,10
King,53033000300,215000,10
King,53033000401,140603.44,9
King,53033000402,173851.7,9
King,53033000500,88203.03,7
King,53033000600,215000,10
King,53033000700,215000,10
King,53033000800,90229.33,7
King,53033000900,75684.97,6
King,53033001000,113805.44,8
King,53033001100,211156.86,10
King,53033001200,215000,10
King,53033001300,215000,10
King,53033001400,128601.84,8
King,53033001500,47201.59,5
King,53033001600,70119.01,6
King,53033001701,126947.08,8
King,53033001702,100571.17,7
King,53033001800,188000,9
King,53033001900,191367.44,10
King,53033002000,188000,9
King,53033002100,140719.38,9
King,53033002200,77763.8,6
King,53033002400,98705.22,7
King,53033002500,186000,9
King,53033002600,186000,9
King,53033002700,186000,9
King,53033002800,150698.52,9
King,53033002900,92342.87,7
King,53033003000,66330.49,6
King,53033003100,46362.27,5
King,53033003200,42528.5,4
King,53033003300,58099.02,6
King,53033003400,73817.61,6
King,53033003500,109117.21,8
King,53033003600,186000,9
King,53033003800,129985.95,8
King,53033003900,85422.17,7
King,53033004000,69403.83,6
King,53033004100,92013.68,7
King,53033004200,107035.49,8
King,53033004301,184433.71,9
King,53033004302,164623.98,9
King,53033004400,198379.54,10
King,53033004500,203000,10
King,53033004600,192087.69,10
King,53033004700,65589.11,6
King,53033004800,87652.24,7
King,53033004900,113169.1,8
King,53033005000,201082.19,10
King,53033005100,203000,10
King,53033005200,203000,10
King,53033005301,203000,10
King,53033005302,203000,10
King,53033005400,207000,10
King,53033005600,45960.96,5
King,53033005700,43376.71,4
King,53033005801,53503.92,5
King,53033005802,88740.05,7
King,53033005900,77716.89,6
King,53033006000,181539.13,9
King,53033006100,216000,10
King,53033006200,216000,10
King,53033006300,100938.2,7
King,53033006400,216000,10
King,53033006500,216000,10
King,53033006600,216000,10
King,53033006700,212879.45,10
King,53033006800,112128.47,8
King,53033006900,79315.51,7
King,53033007000,126144.76,8
King,53033007100,141076.67,9
King,53033007200,204000,10
King,53033007300,216000,10
King,53033007401,216000,10
King,53033007402,204000,10
King,53033007500,216000,10
King,53033007600,193647.19,10
King,53033007700,124055.65,8
King,53033007800,148000,9
King,53033007900,172123.57,9
King,53033008001,204000,10
King,53033008002,204000,10
King,53033008100,204000,10
King,53033008200,204000,10
King,53033008300,204000,10
King,53033008400,204000,10
King,53033008500,204000,10
King,53033008600,204000,10
King,53033008700,185702.32,9
King,53033008800,140103.38,9
King,53033008900,192172.24,10
King,53033009000,257000,10
King,53033009100,257000,10
King,53033009200,257000,10
King,53033009300,257000,10
King,53033009400,257000,10
King,53033009500,209662.39,10
King,53033009600,68625.19,6
King,53033009701,45459.1,5
King,53033009702,51064.87,5
King,53033009800,63150.67,6
King,53033009900,148193.95,9
King,53033010001,257000,10
King,53033010002,257000,10
King,53033010100,149077.51,9
King,53033010200,118070.88,8
King,53033010300,168264.44,9
King,53033010401,219000,10
King,53033010402,251000,10
King,53033010500,63282.45,6
King,53033010600,61246.31,6
King,53033010701,82854.78,7
King,53033010702,70082.7,6
King,53033010800,153659.57,9
King,53033010900,251000,10
King,53033011001,219000,10
King,53033011002,219000,10
King,53033011101,202173.36,10
King,53033011102,146319.38,9
King,53033011200,168774.48,9
King,53033011300,99000,7
King,53033011401,68032.28,6
King,53033011402,54287.46,5
King,53033011500,58170.09,6
King,53033011600,52983.52,5
King,53033011700,219000,10
King,53033011800,212986.3,10
King,53033011900,210240.57,10
King,53033012000,42246.69,4
King,53033012100,37273.13,4
King,53033020100,52257.18,5
King,53033020200,99739.98,7
King,53033020300,190000,9
King,53033020401,190000,9
King,53033020402,190000,9
King,53033020500,196000,10
King,53033020600,196000,10
King,53033020700,196000,10
King,53033020800,112536.27,8
King,53033020900,174172.45,9
King,53033021000,200000,10
King,53033021100,200000,10
King,53033021300,119946.32,8
King,53033021400,190000,9
King,53033021500,82590.09,7
King,53033021600,53000,5
King,53033021700,93662.5,7
King,53033021802,166000,9
King,53033021803,127576.5,8
King,53033021804,166000,9
King,53033021903,211000,10
King,53033021904,179000,9
King,53033021905,179000,9
King,53033021906,179000,9
King,53033022001,179000,9
King,53033022003,179000,9
King,53033022005,211000,10
King,53033022006,211000,10
King,53033022101,55006.12,5
King,53033022102,128446.61,8
King,53033022201,77077.01,6
King,53033022202,132518.54,8
King,53033022203,93364.91,7
King,53033022300,65367.49,6
King,53033022400,211000,10
King,53033022500,211000,10
King,53033022603,211000,10
King,53033022604,211000,10
King,53033022605,197455.06,10
King,53033022606,138244.78,8
King,53033022701,199000,10
King,53033022702,201000,10
King,53033022703,201000,10
King,53033022801,123069.93,8
King,53033022802,99000,7
King,53033022803,105000,8
King,53033022901,105000,8
King,53033022902,99000,7
King,53033023000,105000,8
King,53033023100,93119.83,7
King,53033023201,105000,8
King,53033023202,101120.41,7
King,53033023300,128177.34,8
King,53033023401,197797.51,10
King,53033023403,152000,9
King,53033023404,135000,8
King,53033023500,206000,10
King,53033023601,206000,10
King,53033023603,105398.85,8
King,53033023604,206000,10
King,53033023700,205000,10
King,53033023801,206000,10
King,53033023803,205000,10
King,53033023804,205000,10
King,53033023900,206000,10
King,53033024000,199915.29,10
King,53033024100,121039.87,8
King,53033024200,120656.23,8
King,53033024300,150000,9
King,53033024400,166000,9
King,53033024500,166000,9
King,53033024601,152000,9
King,53033024602,153000,9
King,53033024701,206000,10
King,53033024702,160000,9
King,53033024800,206000,10
King,53033024901,176000,9
King,53033024902,152000,9
King,53033024903,123009.89,8
King,53033025001,176000,9
King,53033025003,135000,8
King,53033025005,95932.8,7
King,53033025006,131000,8
King,53033025101,74785.53,6
King,53033025102,77121.72,6
King,53033025200,156000,9
King,53033025301,175000,9
King,53033025302,175000,9
King,53033025400,175000,9
King,53033025500,125175.73,8
King,53033025601,175000,9
King,53033025602,112941.44,8
King,53033025701,175000,9
King,53033025702,111097.77,8
King,53033025803,74077.07,6
King,53033025804,109470.01,8
King,53033025805,153153.07,9
King,53033025806,175000,9
King,53033026001,151728.55,9
King,53033026002,182580.23,9
King,53033026100,233849.54,10
King,53033026200,255000,10
King,53033026300,219000,10
King,53033026400,219000,10
King,53033026500,76411.57,6
King,53033026600,47868.34,5
King,53033026700,44750.42,5
King,53033026801,66107.07,6
King,53033026802,66000,6
King,53033027000,90894.91,7
King,53033027100,172111.22,9
King,53033027200,255000,10
King,53033027300,255000,10
King,53033027400,80898.73,7
King,53033027500,66000,6
King,53033027600,46028.31,5
King,53033027701,22761.52,3
King,53033027702,38239.17,4
King,53033027800,42788.82,4
King,53033027900,66000,6
King,53033028000,83269.65,7
King,53033028100,221004.13,10
King,53033028200,255000,10
King,53033028300,245000,10
King,53033028402,245000,10
King,53033028403,245000,10
King,53033028500,96061.63,7
King,53033028600,82307.53,7
King,53033028700,101148.33,7
King,53033028801,224000,10
King,53033028802,245000,10
King,53033028901,221000,10
King,53033028902,221000,10
King,53033029001,141360.02,9
King,53033029003,221000,10
King,53033029004,221000,10
King,53033029101,221000,10
King,53033029102,221000,10
King,53033029203,138000,8
King,53033029204,128000,8
King,53033029205,178948.7,9
King,53033029206,224000,10
King,53033029303,129000,8
King,53033029304,59263.71,6
King,53033029305,128000,8
King,53033029306,77189.95,6
King,53033029307,40233.35,4
King,53033029403,128000,8
King,53033029405,52688.13,5
King,53033029406,51902.93,5
King,53033029407,123515.81,8
King,53033029408,78396.59,6
King,53033029502,41378.42,4
King,53033029503,78589.61,6
King,53033029504,56380.4,5
King,53033029601,40570.26,4
King,53033029602,58000,5
King,53033029700,138000,8
King,53033029801,212000,10
King,53033029802,212000,10
King,53033029901,200000,10
King,53033029902,147770.87,9
King,53033030003,212000,10
King,53033030004,212000,10
King,53033030005,200000,10
King,53033030006,200000,10
King,53033030100,136352.07,8
King,53033030201,71599.78,6
King,53033030202,165823.87,9
King,53033030304,195000,10
King,53033030305,41919.21,4
King,53033030306,38013.43,4
King,53033030308,63875.26,6
King,53033030309,99646.23,7
King,53033030310,110205.86,8
King,53033030311,46145.48,5
King,53033030312,57106.39,5
King,53033030313,195000,10
King,53033030314,188000,9
King,53033030401,195000,10
King,53033030403,195000,10
King,53033030404,195000,10
King,53033030501,138000,8
King,53033030503,111019.31,8
King,53033030504,85527.35,7
King,53033030600,103000,7
King,53033030700,103000,7
King,53033030801,134000,8
King,53033030802,71293,6
King,53033030901,106000,8
King,53033030902,106000,8
King,53033031000,46927.84,5
King,53033031100,82139.16,7
King,53033031202,29658.14,3
King,53033031204,65000,6
King,53033031205,58000,5
King,53033031206,65000,6
King,53033031301,22000,2
King,53033031302,24000,3
King,53033031400,14000,1
King,53033031501,11000,1
King,53033031502,15131.19,2
King,53033031601,52289.14,5
King,53033031603,23000,3
King,53033031604,23000,3
King,53033031605,17809.53,2
King,53033031703,54000,5
King,53033031704,58000,5
King,53033031705,41000,4
King,53033031706,54000,5
King,53033031800,41000,4
King,53033031903,40904.48,4
King,53033031904,26000,3
King,53033031906,32500.84,4
King,53033031907,50947,5
King,53033031908,41925.73,4
King,53033031909,36474.05,4
King,53033032002,41000,4
King,53033032003,67000,6
King,53033032005,41000,4
King,53033032006,54000,5
King,53033032007,41000,4
King,53033032008,41000,4
King,53033032010,41000,4
King,53033032011,41000,4
King,53033032102,75000,6
King,53033032103,135000,8
King,53033032104,115359.57,8
King,53033032203,88372.67,7
King,53033032207,117984.55,8
King,53033032208,131000,8
King,53033032210,100000,7
King,53033032211,35687.35,4
King,53033032212,51934.25,5
King,53033032213,25753.59,3
King,53033032214,28190.37,3
King,53033032215,22259.07,2
King,53033032307,34596.27,4
King,53033032309,107314.4,8
King,53033032311,25244.92,3
King,53033032313,99000,7
King,53033032315,18130.45,2
King,53033032316,51529.71,5
King,53033032317,22580.06,2
King,53033032318,34000,4
King,53033032319,133034.83,8
King,53033032320,76958.69,6
King,53033032321,106184.85,8
King,53033032322,40136.74,4
King,53033032323,61376.62,6
King,53033032324,99000,7
King,53033032325,99000,7
King,53033032326,33769.14,4
King,53033032327,31208.18,4
King,53033032328,34000,4
King,53033032329,23449.74,3
King,53033032401,16837.11,2
King,53033032402,16122.36,2
King,53033032500,14282.15,1
King,53033032601,19381.96,2
King,53033032602,67000,6
King,53033032702,67000,6
King,53033032703,65000,6
King,53033032704,49000,5
King,53033032800,40000,4
King,53033990100,148107.38,9
Kitsap,53035080101,44000,4
Kitsap,53035080102,44000,4
Kitsap,53035080200,44000,4
Kitsap,53035080300,44000,4
Kitsap,53035080400,44000,4
Kitsap,53035080500,44000,4
Kitsap,53035080600,44000,4
Kitsap,53035080700,65000,6
Kitsap,53035080800,65000,6
Kitsap,53035080900,83000,7
Kitsap,53035081000,83000,7
Kitsap,53035081100,52000,5
Kitsap,53035081200,44000,4
Kitsap,53035081400,52000,5
Kitsap,53035090101,17000,2
Kitsap,53035090102,19833.71,2
Kitsap,53035090201,45000,5
Kitsap,53035090202,45000,5
Kitsap,53035090300,52319.07,5
Kitsap,53035090400,58000,5
Kitsap,53035090501,45000,5
Kitsap,53035090502,39000,4
Kitsap,53035090700,22000,2
Kitsap,53035090800,22000,2
Kitsap,53035090900,20626.52,2
Kitsap,53035091000,23018.18,3
Kitsap,53035091100,40000,4
Kitsap,53035091201,64000,6
Kitsap,53035091203,58000,5
Kitsap,53035091204,58000,5
Kitsap,53035091301,20502.3,2
Kitsap,53035091302,64000,6
Kitsap,53035091400,64000,6
Kitsap,53035091500,46860.63,5
Kitsap,53035091600,40000,4
Kitsap,53035091700,37000,4
Kitsap,53035091800,37000,4
Kitsap,53035091900,52467.25,5
Kitsap,53035092000,83000,7
Kitsap,53035092100,83000,7
Kitsap,53035092200,83000,7
Kitsap,53035092300,53000,5
Kitsap,53035092400,22457.94,2
Kitsap,53035092500,23974.93,3
Kitsap,53035092600,16916.59,2
Kitsap,53035092701,24381.34,3
Kitsap,53035092704,22087.99,2
Kitsap,53035092801,54000,5
Kitsap,53035092802,55000,5
Kitsap,53035092803,55000,5
Kitsap,53035092901,38372.38,4
Kitsap,53035092902,55000,5
Kitsap,53035940000,19084.34,2
Kitsap,53035940100,24000,3
Kitsap,53035990100,29649.78,3
Kittitas,53037975100,36000,4
Kittitas,53037975200,35000,4
Kittitas,53037975300,31000,3
Kittitas,53037975401,10828.49,1
Kittitas,53037975402,31000,3
Kittitas,53037975500,31000,3
Kittitas,53037975600,31000,3
Kittitas,53037975700,29862.81,3
Klickitat,53039950100,7000,1
Klickitat,53039950200,7400,1
Klickitat,53039950300,10000,1
Lewis,53041970100,26287.53,3
Lewis,53041970200,77000,6
Lewis,53041970300,69000,6
Lewis,53041970400,69000,6
Lewis,53041970500,69000,6
Lewis,53041970600,76000,6
Lewis,53041970700,76000,6
Lewis,53041970800,77000,6
Lewis,53041970900,77000,6
Lewis,53041971000,74000,6
Lewis,53041971100,42568.44,4
Lewis,53041971200,18772.7,2
Lewis,53041971300,59000,6
Lewis,53041971400,67000,6
Lewis,53041971500,22164.84,2
Lewis,53041971600,48000,5
Lewis,53041971700,47000,5
Lewis,53041971800,7800,1
Lewis,53041971900,4800,1
Lewis,53041972000,4400,1
Lincoln,53043960100,6400,1
Lincoln,53043960200,6600,1
Lincoln,53043960300,3900,1
Lincoln,53043960400,20000,2
Mason,53045940000,7700,1
Mason,53045960100,5243.38,1
Mason,53045960200,19000,2
Mason,53045960300,20000,2
Mason,53045960400,20000,2
Mason,53045960500,8900,1
Mason,53045960600,19000,2
Mason,53045960700,18000,2
Mason,53045960800,19000,2
Mason,53045960900,19000,2
Mason,53045961000,29000,3
Mason,53045961100,15000,2
Mason,53045961200,15000,2
Mason,53045961300,31000,3
Okanogan,53047940100,5000,1
Okanogan,53047940200,12000,1
Okanogan,53047970300,5300,1
Okanogan,53047970400,6900,1
Okanogan,53047970500,5800,1
Okanogan,53047970600,12000,1
Okanogan,53047970700,7200,1
Okanogan,53047970800,9000,1
Okanogan,53047970900,5200,1
Okanogan,53047971000,5800,1
Pacific,53049950200,12000,1
Pacific,53049950300,11000,1
Pacific,53049950400,9300,1
Pacific,53049950500,8300,1
Pacific,53049950600,8300,1
Pacific,53049950700,6500,1
Pacific,53049950800,4900,1
Pacific,53049990100,8300,1
Pend Oreille,53051970100,1900,1
Pend Oreille,53051970200,8832.25,1
Pend Oreille,53051970300,12000,1
Pend Oreille,53051970400,8000,1
Pend Oreille,53051970500,8600,1
Pierce,53053060200,231000,10
Pierce,53053060300,52797.48,5
Pierce,53053060400,37531.74,4
Pierce,53053060500,49394.99,5
Pierce,53053060600,81853.42,7
Pierce,53053060700,62658.62,6
Pierce,53053060800,104000,7
Pierce,53053060903,86204.53,7
Pierce,53053060904,54936.54,5
Pierce,53053060905,104000,7
Pierce,53053060906,104000,7
Pierce,53053061001,87000,7
Pierce,53053061002,105641.02,8
Pierce,53053061100,135000,8
Pierce,53053061200,135000,8
Pierce,53053061300,135000,8
Pierce,53053061400,141349.43,9
Pierce,53053061500,89919.42,7
Pierce,53053061601,138688.95,9
Pierce,53053061602,231000,10
Pierce,53053061700,196089.73,10
Pierce,53053061800,199000,10
Pierce,53053061900,231000,10
Pierce,53053062000,231000,10
Pierce,53053062300,171011.87,9
Pierce,53053062400,172000,9
Pierce,53053062500,200000,10
Pierce,53053062600,200000,10
Pierce,53053062801,135000,8
Pierce,53053062802,119957.01,8
Pierce,53053062900,200000,10
Pierce,53053063000,200000,10
Pierce,53053063100,200000,10
Pierce,53053063200,138266.65,8
Pierce,53053063300,73290.13,6
Pierce,53053063400,127072.8,8
Pierce,53053063501,200000,10
Pierce,53053063502,178000,9
Pierce,53053070100,9868,1
Pierce,53053070203,24338.66,3
Pierce,53053070204,17143.39,2
Pierce,53053070205,23000,3
Pierce,53053070206,11013.64,1
Pierce,53053070207,24000,3
Pierce,53053070307,20851.62,2
Pierce,53053070308,54000,5
Pierce,53053070309,54000,5
Pierce,53053070310,54000,5
Pierce,53053070311,32658.06,4
Pierce,53053070312,55000,5
Pierce,53053070313,65283.41,6
Pierce,53053070314,50419.17,5
Pierce,53053070315,32473.46,4
Pierce,53053070316,48441.86,5
Pierce,53053070401,65000,6
Pierce,53053070403,21000,2
Pierce,53053070404,21000,2
Pierce,53053070703,195000,10
Pierce,53053071100,92000,7
Pierce,53053071205,73134.1,6
Pierce,53053071206,101000,7
Pierce,53053071207,101000,7
Pierce,53053071208,75298.61,6
Pierce,53053071209,84190.54,7
Pierce,53053071210,114000,8
Pierce,53053071304,92000,7
Pierce,53053071305,92000,7
Pierce,53053071306,46638.72,5
Pierce,53053071307,92000,7
Pierce,53053071309,27748.38,3
Pierce,53053071310,49148.31,5
Pierce,53053071403,41542.09,4
Pierce,53053071406,25000,3
Pierce,53053071407,19364.43,2
Pierce,53053071408,40000,4
Pierce,53053071409,40000,4
Pierce,53053071410,40000,4
Pierce,53053071411,40000,4
Pierce,53053071503,112000,8
Pierce,53053071504,112000,8
Pierce,53053071505,76227.03,6
Pierce,53053071506,36000,4
Pierce,53053071601,82752.43,7
Pierce,53053071602,93000,7
Pierce,53053071703,178000,9
Pierce,53053071704,178000,9
Pierce,53053071705,170934.2,9
Pierce,53053071706,178000,9
Pierce,53053071707,112000,8
Pierce,53053071803,165389.1,9
Pierce,53053071805,152000,9
Pierce,53053071806,155000,9
Pierce,53053071807,178000,9
Pierce,53053071808,178000,9
Pierce,53053071901,155000,9
Pierce,53053071902,155000,9
Pierce,53053072000,155000,9
Pierce,53053072105,42334.59,4
Pierce,53053072106,48066.8,5
Pierce,53053072107,62918.66,6
Pierce,53053072108,141000,9
Pierce,53053072109,27730.17,3
Pierce,53053072111,33119.57,4
Pierce,53053072112,51320.68,5
Pierce,53053072305,127000,8
Pierce,53053072307,36664.68,4
Pierce,53053072308,45247.58,5
Pierce,53053072309,41141.61,4
Pierce,53053072310,49826.02,5
Pierce,53053072311,75729.96,6
Pierce,53053072312,67924.34,6
Pierce,53053072313,74841.92,6
Pierce,53053072405,27267.3,3
Pierce,53053072406,80000,7
Pierce,53053072407,87000,7
Pierce,53053072408,87000,7
Pierce,53053072409,33436.28,4
Pierce,53053072410,44736.39,5
Pierce,53053072503,55000,5
Pierce,53053072504,80000,7
Pierce,53053072505,79000,6
Pierce,53053072506,66236.13,6
Pierce,53053072507,80000,7
Pierce,53053072601,19000,2
Pierce,53053072602,17000,2
Pierce,53053072603,33381.36,4
Pierce,53053072800,135000,8
Pierce,53053072901,168754.14,9
Pierce,53053072903,141000,9
Pierce,53053072905,138000,8
Pierce,53053072906,135000,8
Pierce,53053072907,155000,9
Pierce,53053073001,23000,3
Pierce,53053073005,16000,2
Pierce,53053073006,23000,3
Pierce,53053073108,25543.38,3
Pierce,53053073110,44000,4
Pierce,53053073111,44000,4
Pierce,53053073113,40000,4
Pierce,53053073114,25000,3
Pierce,53053073115,15835.25,2
Pierce,53053073116,29000,3
Pierce,53053073117,16000,2
Pierce,53053073118,29000,3
Pierce,53053073119,13000,1
Pierce,53053073120,44000,4
Pierce,53053073121,40000,4
Pierce,53053073122,42000,4
Pierce,53053073123,40000,4
Pierce,53053073124,38000,4
Pierce,53053073125,40000,4
Pierce,53053073126,40000,4
Pierce,53053073200,9500,1
Pierce,53053073301,114000,8
Pierce,53053073302,114000,8
Pierce,53053073404,104000,7
Pierce,53053073405,104000,7
Pierce,53053073406,114000,8
Pierce,53053073407,104000,7
Pierce,53053073408,70360.98,6
Pierce,53053073500,114000,8
Pierce,53053940001,42260.64,4
Pierce,53053940002,214000,10
Pierce,53053940003,198000,10
Pierce,53053940004,210000,10
Pierce,53053940005,104333.75,8
Pierce,53053940006,142243.55,9
Pierce,53053940007,231000,10
Pierce,53053940008,46801.08,5
Pierce,53053940009,195000,10
Pierce,53053940010,114000,8
Pierce,53053940011,52080.22,5
San Juan,53055960100,3852.05,1
San Juan,53055960300,2571.84,1
San Juan,53055960400,2427,1
San Juan,53055960500,2955.17,1
San Juan,53055990100,4308.52,1
Skagit,53057940200,11263.48,1
Skagit,53057940300,34000,4
Skagit,53057940400,26000,3
Skagit,53057940500,26000,3
Skagit,53057940600,26000,3
Skagit,53057940700,16544.96,2
Skagit,53057940800,34000,4
Skagit,53057950100,34000,4
Skagit,53057950800,55000,5
Skagit,53057950900,20112.61,2
Skagit,53057951000,9600,1
Skagit,53057951100,5400,1
Skagit,53057951200,19002.53,2
Skagit,53057951300,24101.47,3
Skagit,53057951400,22000,2
Skagit,53057951500,22000,2
Skagit,53057951600,77000,6
Skagit,53057951700,77000,6
Skagit,53057951800,81000,7
Skagit,53057951900,75045.29,6
Skagit,53057952100,38577.69,4
Skagit,53057952200,81000,7
Skagit,53057952301,44485.67,5
Skagit,53057952302,76000,6
Skagit,53057952401,76000,6
Skagit,53057952402,70000,6
Skagit,53057952500,76000,6
Skagit,53057952600,76000,6
Skagit,53057952700,73000,6
Skagit,53057990100,34000,4
Skamania,53059950100,6693.43,1
Skamania,53059950200,7800,1
Skamania,53059950300,8100,1
Skamania,53059950400,7900,1
Skamania,53059950500,7400,1
Snohomish,53061040100,132000,8
Snohomish,53061040200,153000,9
Snohomish,53061040300,153000,9
Snohomish,53061040400,171000,9
Snohomish,53061040500,184000,9
Snohomish,53061040700,194000,10
Snohomish,53061040800,164309.83,9
Snohomish,53061040900,147079.17,9
Snohomish,53061041000,194000,10
Snohomish,53061041100,194000,10
Snohomish,53061041201,90226.65,7
Snohomish,53061041202,194000,10
Snohomish,53061041301,39466.68,4
Snohomish,53061041303,87792.17,7
Snohomish,53061041304,69702.4,6
Snohomish,53061041400,194000,10
Snohomish,53061041500,194000,10
Snohomish,53061041601,194000,10
Snohomish,53061041605,180000,9
Snohomish,53061041606,180000,9
Snohomish,53061041607,96935.37,7
Snohomish,53061041608,82139.07,7
Snohomish,53061041701,188000,9
Snohomish,53061041703,197000,10
Snohomish,53061041704,188000,9
Snohomish,53061041805,194000,10
Snohomish,53061041806,180000,9
Snohomish,53061041808,188000,9
Snohomish,53061041809,188000,9
Snohomish,53061041810,188000,9
Snohomish,53061041811,188000,9
Snohomish,53061041812,188000,9
Snohomish,53061041901,103207.66,7
Snohomish,53061041903,73951.42,6
Snohomish,53061041904,104624.81,8
Snohomish,53061041905,99072.01,7
Snohomish,53061042001,38520.08,4
Snohomish,53061042003,51196.95,5
Snohomish,53061042004,85891.83,7
Snohomish,53061042005,66515.54,6
Snohomish,53061042006,54002.77,5
Snohomish,53061050101,60222.36,6
Snohomish,53061050102,82277.85,7
Snohomish,53061050200,66185.68,6
Snohomish,53061050300,78901.11,6
Snohomish,53061050401,146420.58,9
Snohomish,53061050402,176740.88,9
Snohomish,53061050500,51772.73,5
Snohomish,53061050600,46232.7,5
Snohomish,53061050700,96251.77,7
Snohomish,53061050800,129230.1,8
Snohomish,53061050900,190000,9
Snohomish,53061051000,209000,10
Snohomish,53061051100,190000,9
Snohomish,53061051200,209000,10
Snohomish,53061051300,209000,10
Snohomish,53061051400,209000,10
Snohomish,53061051500,179025.02,9
Snohomish,53061051601,76954.91,6
Snohomish,53061051602,101082.43,7
Snohomish,53061051701,184366.55,9
Snohomish,53061051702,173468.96,9
Snohomish,53061051802,197000,10
Snohomish,53061051803,158358.56,9
Snohomish,53061051804,197000,10
Snohomish,53061051905,209000,10
Snohomish,53061051912,64073.76,6
Snohomish,53061051913,165629.22,9
Snohomish,53061051914,98870.59,7
Snohomish,53061051915,159000,9
Snohomish,53061051916,139000,9
Snohomish,53061051917,109821.59,8
Snohomish,53061051918,139000,9
Snohomish,53061051921,130000,8
Snohomish,53061051922,159000,9
Snohomish,53061051923,87945.09,7
Snohomish,53061051924,91054.84,7
Snohomish,53061051925,139000,9
Snohomish,53061051926,113181.78,8
Snohomish,53061051927,197000,10
Snohomish,53061051928,197000,10
Snohomish,53061052003,62525.86,6
Snohomish,53061052004,118046.77,8
Snohomish,53061052005,84478.27,7
Snohomish,53061052006,58177.72,6
Snohomish,53061052007,64214.02,6
Snohomish,53061052104,194000,10
Snohomish,53061052105,194000,10
Snohomish,53061052107,47253.15,5
Snohomish,53061052108,36000,4
Snohomish,53061052112,36000,4
Snohomish,53061052113,30000,3
Snohomish,53061052114,37697.29,4
Snohomish,53061052115,45420.19,5
Snohomish,53061052118,44373.58,5
Snohomish,53061052203,45000,5
Snohomish,53061052204,45000,5
Snohomish,53061052206,22630.14,3
Snohomish,53061052207,37032.48,4
Snohomish,53061052208,45000,5
Snohomish,53061052209,45000,5
Snohomish,53061052301,23000,3
Snohomish,53061052302,28000,3
Snohomish,53061052401,30578.2,3
Snohomish,53061052402,28000,3
Snohomish,53061052502,74327.46,6
Snohomish,53061052503,80000,7
Snohomish,53061052504,80000,7
Snohomish,53061052603,37000,4
Snohomish,53061052604,39000,4
Snohomish,53061052605,21359.97,2
Snohomish,53061052606,22278.73,2
Snohomish,53061052607,36000,4
Snohomish,53061052701,41347.38,4
Snohomish,53061052705,51640.78,5
Snohomish,53061052706,80000,7
Snohomish,53061052707,45996.74,5
Snohomish,53061052708,48980.55,5
Snohomish,53061052709,45315.39,5
Snohomish,53061052803,116000,8
Snohomish,53061052804,131000,8
Snohomish,53061052805,146000,9
Snohomish,53061052806,81899.58,7
Snohomish,53061052903,150000,9
Snohomish,53061052904,139600.21,9
Snohomish,53061052905,146000,9
Snohomish,53061052906,118992.57,8
Snohomish,53061053101,116000,8
Snohomish,53061053102,116000,8
Snohomish,53061053201,25757.2,3
Snohomish,53061053202,17206.94,2
Snohomish,53061053301,23603.69,3
Snohomish,53061053302,91000,7
Snohomish,53061053400,91000,7
Snohomish,53061053504,21743.8,2
Snohomish,53061053505,17891.55,2
Snohomish,53061053506,17425.05,2
Snohomish,53061053507,33673.89,4
Snohomish,53061053508,96000,7
Snohomish,53061053509,116000,8
Snohomish,53061053602,13831.01,1
Snohomish,53061053603,20000,2
Snohomish,53061053604,19000,2
Snohomish,53061053700,6591.64,1
Snohomish,53061053801,32459.28,4
Snohomish,53061053802,21000,2
Snohomish,53061053803,18000,2
Snohomish,53061940001,150000,9
Snohomish,53061940002,31509.38,4
Snohomish,53061990002,59747.51,6
Snohomish,53061990100,16605.47,2
Spokane,53063000200,25792.6,3
Spokane,53063000300,35921.53,4
Spokane,53063000400,45000,5
Spokane,53063000500,45000,5
Spokane,53063000600,39880.84,4
Spokane,53063000700,31000,3
Spokane,53063000800,31000,3
Spokane,53063000900,30000,3
Spokane,53063001000,30208.18,3
Spokane,53063001100,29583.27,3
Spokane,53063001200,42362.31,4
Spokane,53063001300,47000,5
Spokane,53063001400,47000,5
Spokane,53063001500,43779.38,4
Spokane,53063001600,39116.94,4
Spokane,53063001800,64477.93,6
Spokane,53063001900,47000,5
Spokane,53063002000,63400,6
Spokane,53063002100,51357.21,5
Spokane,53063002300,100000,7
Spokane,53063002400,110000,8
Spokane,53063002500,118272.44,8
Spokane,53063002600,99971.37,7
Spokane,53063002900,128000,8
Spokane,53063003000,128000,8
Spokane,53063003100,127000,8
Spokane,53063003200,116000,8
Spokane,53063003500,116000,8
Spokane,53063003600,110000,8
Spokane,53063003800,100000,7
Spokane,53063003900,100000,7
Spokane,53063004000,110000,8
Spokane,53063004100,116000,8
Spokane,53063004200,95359.62,7
Spokane,53063004300,45216.83,5
Spokane,53063004400,45375.09,5
Spokane,53063004500,106070.24,8
Spokane,53063004601,127000,8
Spokane,53063004602,89104.89,7
Spokane,53063004700,46441.81,5
Spokane,53063004800,36171.4,4
Spokane,53063004900,31104.07,4
Spokane,53063005000,27095.64,3
Spokane,53063010100,32239.34,4
Spokane,53063010201,18000,2
Spokane,53063010202,29000,3
Spokane,53063010301,18000,2
Spokane,53063010303,18000,2
Spokane,53063010304,18000,2
Spokane,53063010305,28000,3
Spokane,53063010401,33000,4
Spokane,53063010402,18000,2
Spokane,53063010501,29000,3
Spokane,53063010503,29000,3
Spokane,53063010504,29000,3
Spokane,53063010601,18000,2
Spokane,53063010602,18000,2
Spokane,53063010700,35691.94,4
Spokane,53063010800,39000,4
Spokane,53063010900,41000,4
Spokane,53063011000,41000,4
Spokane,53063011101,41000,4
Spokane,53063011102,39000,4
Spokane,53063011201,35921.87,4
Spokane,53063011202,29259,3
Spokane,53063011300,75155.78,6
Spokane,53063011400,101000,7
Spokane,53063011500,111000,8
Spokane,53063011600,111000,8
Spokane,53063011701,111000,8
Spokane,53063011702,111000,8
Spokane,53063011800,101000,7
Spokane,53063011900,111000,8
Spokane,53063012000,111000,8
Spokane,53063012100,111000,8
Spokane,53063012200,128000,8
Spokane,53063012300,128000,8
Spokane,53063012401,106000,8
Spokane,53063012402,24669.59,3
Spokane,53063012500,61964.77,6
Spokane,53063012600,59413.59,6
Spokane,53063012701,56407.51,5
Spokane,53063012702,30363.48,3
Spokane,53063012801,32037.73,4
Spokane,53063012802,32275.52,4
Spokane,53063012901,101000,7
Spokane,53063012902,76289.66,6
Spokane,53063013000,95000,7
Spokane,53063013100,95000,7
Spokane,53063013201,78000,6
Spokane,53063013202,78000,6
Spokane,53063013300,40349.1,4
Spokane,53063013401,128000,8
Spokane,53063013500,41000,4
Spokane,53063013600,100000,7
Spokane,53063013700,88000,7
Spokane,53063013800,18000,2
Spokane,53063013900,21000,2
Spokane,53063014001,18000,2
Spokane,53063014002,21000,2
Spokane,53063014100,41000,4
Spokane,53063014200,20000,2
Spokane,53063014300,8580.99,1
Spokane,53063014400,53380.04,5
Spokane,53063014500,128000,8
Stevens,53065941000,3090.44,1
Stevens,53065950100,9100,1
Stevens,53065950200,15000,2
Stevens,53065950300,15000,2
Stevens,53065950500,15000,2
Stevens,53065950600,7700,1
Stevens,53065950700,10000,1
Stevens,53065950800,10000,1
Stevens,53065950900,1982.41,1
Stevens,53065951100,9800,1
Stevens,53065951300,11000,1
Stevens,53065951400,8400,1
Thurston,53067010100,146000,9
Thurston,53067010200,146000,9
Thurston,53067010300,146000,9
Thurston,53067010400,146000,9
Thurston,53067010510,81000,7
Thurston,53067010520,146000,9
Thurston,53067010600,81860.77,7
Thurston,53067010700,146000,9
Thurston,53067010800,146000,9
Thurston,53067010910,146000,9
Thurston,53067010920,109000,8
Thurston,53067011000,81000,7
Thurston,53067011100,57000,5
Thurston,53067011200,146000,9
Thurston,53067011300,137000,8
Thurston,53067011410,93955.67,7
Thurston,53067011420,57490.2,5
Thurston,53067011500,121000,8
Thurston,53067011610,67889.26,6
Thurston,53067011621,48622.46,5
Thurston,53067011622,31660.18,4
Thurston,53067011623,28647.25,3
Thurston,53067011624,25095.17,3
Thurston,53067011710,86370.05,7
Thurston,53067011720,47130.83,5
Thurston,53067011810,25288.44,3
Thurston,53067011821,79000,6
Thurston,53067011822,90000,7
Thurston,53067011900,54000,5
Thurston,53067012000,57000,5
Thurston,53067012100,47924.66,5
Thurston,53067012211,68463.45,6
Thurston,53067012212,146000,9
Thurston,53067012221,121000,8
Thurston,53067012222,125000,8
Thurston,53067012310,71934.14,6
Thurston,53067012320,125000,8
Thurston,53067012330,121000,8
Thurston,53067012411,18000,2
Thurston,53067012412,23000,3
Thurston,53067012420,21916.79,2
Thurston,53067012510,5790.21,1
Thurston,53067012520,23000,3
Thurston,53067012530,13546.76,1
Thurston,53067012610,70000,6
Thurston,53067012620,22616.35,2
Thurston,53067012710,69000,6
Thurston,53067012720,69000,6
Thurston,53067012730,70000,6
Thurston,53067990100,46821.68,5
Wahkiakum,53069950100,3800,1
Walla Walla,53071920000,26000,3
Walla Walla,53071920100,18000,2
Walla Walla,53071920200,18004.37,2
Walla Walla,53071920300,18000,2
Walla Walla,53071920400,12000,1
Walla Walla,53071920500,19000,2
Walla Walla,53071920600,20000,2
Walla Walla,53071920701,20000,2
Walla Walla,53071920702,20000,2
Walla Walla,53071920801,14000,1
Walla Walla,53071920802,19000,2
Walla Walla,53071920900,18936.12,2
Whatcom,53073000100,83000,7
Whatcom,53073000200,83000,7
Whatcom,53073000300,83000,7
Whatcom,53073000400,83000,7
Whatcom,53073000501,83000,7
Whatcom,53073000502,83000,7
Whatcom,53073000600,83000,7
Whatcom,53073000700,83000,7
Whatcom,53073000803,83000,7
Whatcom,53073000804,30817.23,3
Whatcom,53073000805,48000,5
Whatcom,53073000806,43159.71,4
Whatcom,53073000901,83000,7
Whatcom,53073000902,65000,6
Whatcom,53073001000,77000,6
Whatcom,53073001100,52103.54,5
Whatcom,53073001201,65000,6
Whatcom,53073001202,58000,5
Whatcom,53073010100,11000,1
Whatcom,53073010200,11000,1
Whatcom,53073010301,44000,4
Whatcom,53073010302,13409.02,1
Whatcom,53073010303,10000,1
Whatcom,53073010401,34000,4
Whatcom,53073010403,19445.21,2
Whatcom,53073010404,44000,4
Whatcom,53073010501,53000,5
Whatcom,53073010502,53000,5
Whatcom,53073010600,53000,5
Whatcom,53073010701,24000,3
Whatcom,53073010702,11000,1
Whatcom,53073010900,6695.06,1
Whatcom,53073011000,2669.77,1
Whatcom,53073940000,19525.22,2
Whitman,53075000100,22000,2
Whitman,53075000200,22000,2
Whitman,53075000300,22000,2
Whitman,53075000400,22000,2
Whitman,53075000500,20432.07,2
Whitman,53075000600,20000,2
Whitman,53075000700,5800,1
Whitman,53075000800,10000,1
Whitman,53075000900,5000,1
Whitman,53075001000,25000,3
Yakima,53077000100,52000,5
Yakima,53077000200,52000,5
Yakima,53077000300,48000,5
Yakima,53077000400,24322.75,3
Yakima,53077000500,29286.25,3
Yakima,53077000600,35703.48,4
Yakima,53077000700,28552.7,3
Yakima,53077000800,16286.17,2
Yakima,53077000901,9571.18,1
Yakima,53077000902,7837.86,1
Yakima,53077001000,14800.59,1
Yakima,53077001100,13214.39,1
Yakima,53077001201,16029.46,2
Yakima,53077001202,29854.44,3
Yakima,53077001300,44000,4
Yakima,53077001400,48000,5
Yakima,53077001501,52000,5
Yakima,53077001502,52000,5
Yakima,53077001601,52000,5
Yakima,53077001602,52000,5
Yakima,53077001701,48000,5
Yakima,53077001702,52000,5
Yakima,53077001800,27000,3
Yakima,53077001901,27000,3
Yakima,53077001902,27000,3
Yakima,53077002001,20324.07,2
Yakima,53077002002,27000,3
Yakima,53077002101,19066.04,2
Yakima,53077002102,26000,3
Yakima,53077002200,28000,3
Yakima,53077002701,5324.03,1
Yakima,53077002801,4619.6,1
Yakima,53077002802,6942.83,1
Yakima,53077002900,21000,2
Yakima,53077003001,10698.4,1
Yakima,53077003002,14000,1
Yakima,53077003100,48000,5
Yakima,53077003200,48000,5
Yakima,53077003400,52000,5
Yakima,53077940001,30000,3
Yakima,53077940002,28000,3
Yakima,53077940003,44000,4
Yakima,53077940004,16000,2
Yakima,53077940005,13000,1
Yakima,53077940006,16456.96,2
