County Name,Census_Tract,Average RSEI Concentrations,IBL Rank
n/a,State Total,2852.29,8
Adams,53001950100,0.25,1
Adams,53001950200,0.85,1
Adams,53001950300,28.83,2
Adams,53001950400,14.84,1
Adams,53001950500,26.63,2
Asotin,53003960100,299.46,4
Asotin,53003960200,708.1,5
Asotin,53003960300,978.88,5
Asotin,53003960400,421.93,4
Asotin,53003960500,810.19,5
Asotin,53003960600,634.72,5
Benton,53005010100,61.91,2
Benton,53005010201,75.08,2
Benton,53005010202,75.63,2
Benton,53005010300,67.15,2
Benton,53005010400,42.54,2
Benton,53005010500,45.98,2
Benton,53005010600,75.14,2
Benton,53005010701,23.58,2
Benton,53005010703,22.7,2
Benton,53005010705,67.12,2
Benton,53005010707,43.65,2
Benton,53005010708,35.85,2
Benton,53005010803,147.25,3
Benton,53005010805,138.93,3
Benton,53005010807,19.92,2
Benton,53005010809,112.42,3
Benton,53005010810,116.95,3
Benton,53005010811,78.41,2
Benton,53005010813,350.13,4
Benton,53005010814,76.65,2
Benton,53005010901,192.5,3
Benton,53005010902,131.21,3
Benton,53005011001,155.47,3
Benton,53005011002,162.35,3
Benton,53005011100,314.38,4
Benton,53005011200,351.01,4
Benton,53005011300,251.87,3
Benton,53005011401,183.5,3
Benton,53005011402,244.49,3
Benton,53005011501,505.6,4
Benton,53005011503,393.04,4
Benton,53005011504,134.69,3
Benton,53005011600,22.15,2
Benton,53005011700,23.92,2
Benton,53005011800,21.74,2
Benton,53005011900,39.35,2
Benton,53005012000,0.2,1
Chelan,53007960100,0,1
Chelan,53007960200,0,1
Chelan,53007960300,0,1
Chelan,53007960400,0,1
Chelan,53007960500,0,1
Chelan,53007960600,0,1
Chelan,53007960700,0,1
Chelan,53007960801,0,1
Chelan,53007960802,0,1
Chelan,53007961000,0,1
Chelan,53007961100,0.01,1
Chelan,53007961200,0,1
Chelan,53007961301,0,1
Chelan,53007961302,0,1
Clallam,53009000200,0,1
Clallam,53009000400,0,1
Clallam,53009000600,0.75,1
Clallam,53009000700,11.02,1
Clallam,53009000800,6.22,1
Clallam,53009000900,6.39,1
Clallam,53009001000,11.35,1
Clallam,53009001100,9.15,1
Clallam,53009001200,14.13,1
Clallam,53009001300,10.58,1
Clallam,53009001400,14.36,1
Clallam,53009001500,1.88,1
Clallam,53009001600,16.51,1
Clallam,53009001700,31.16,2
Clallam,53009001800,7.99,1
Clallam,53009001900,51.36,2
Clallam,53009002000,26.72,2
Clallam,53009002100,13.31,1
Clallam,53009002300,22.68,2
Clallam,53009990100,13.31,1
Clark,53011040101,410.96,4
Clark,53011040102,307.86,4
Clark,53011040201,1170.36,6
Clark,53011040202,492.01,4
Clark,53011040203,667.92,5
Clark,53011040301,232.63,3
Clark,53011040302,1141.24,6
Clark,53011040403,643.37,5
Clark,53011040407,499.88,4
Clark,53011040408,1411.36,6
Clark,53011040409,640.38,5
Clark,53011040411,608.74,5
Clark,53011040412,1580.65,6
Clark,53011040413,399.47,4
Clark,53011040414,870.91,5
Clark,53011040415,301.43,4
Clark,53011040416,267.75,4
Clark,53011040504,478.51,4
Clark,53011040505,946.85,5
Clark,53011040507,866.82,5
Clark,53011040508,2825.26,8
Clark,53011040509,1086.48,5
Clark,53011040510,2303.09,7
Clark,53011040511,616.94,5
Clark,53011040603,1513.17,6
Clark,53011040604,2348.59,7
Clark,53011040605,2256.73,7
Clark,53011040608,2175.04,7
Clark,53011040609,2508.22,7
Clark,53011040610,1784.62,6
Clark,53011040703,3052.58,8
Clark,53011040706,1312.29,6
Clark,53011040707,1358.21,6
Clark,53011040709,2265.37,7
Clark,53011040710,1969.84,7
Clark,53011040711,1039.83,5
Clark,53011040712,2131.27,7
Clark,53011040803,2138.37,7
Clark,53011040805,2230.41,7
Clark,53011040806,2019.1,7
Clark,53011040808,1083.13,5
Clark,53011040809,2330.45,7
Clark,53011040810,1459.05,6
Clark,53011040904,1768.64,6
Clark,53011040905,778.04,5
Clark,53011040907,1594.88,6
Clark,53011040908,1985.14,7
Clark,53011040909,1419.72,6
Clark,53011040910,2387.42,7
Clark,53011041003,1415.11,6
Clark,53011041005,1440.44,6
Clark,53011041007,835.78,5
Clark,53011041008,1054.82,5
Clark,53011041009,1301.5,6
Clark,53011041010,1280.05,6
Clark,53011041011,1549.15,6
Clark,53011041104,1919.43,7
Clark,53011041105,2583.15,7
Clark,53011041107,1478.85,6
Clark,53011041108,3187.45,8
Clark,53011041110,2875.03,8
Clark,53011041111,773.73,5
Clark,53011041112,3056.53,8
Clark,53011041201,3274.75,8
Clark,53011041203,2557.34,7
Clark,53011041205,2317.27,7
Clark,53011041206,2456.91,7
Clark,53011041309,2332.44,7
Clark,53011041310,2258.57,7
Clark,53011041312,2247.01,7
Clark,53011041313,1375.04,6
Clark,53011041317,2062.91,7
Clark,53011041318,2683.49,8
Clark,53011041319,2839.39,8
Clark,53011041320,2635.89,7
Clark,53011041321,1887.04,6
Clark,53011041322,2653.26,7
Clark,53011041323,2167.71,7
Clark,53011041325,3402.65,8
Clark,53011041326,1343.18,6
Clark,53011041327,4317.09,9
Clark,53011041328,3598.51,8
Clark,53011041329,2400.28,7
Clark,53011041330,2016.3,7
Clark,53011041331,1432.47,6
Clark,53011041332,1502.85,6
Clark,53011041333,1204.93,6
Clark,53011041400,3374.42,8
Clark,53011041500,1630.12,6
Clark,53011041600,2234.37,7
Clark,53011041700,1435.84,6
Clark,53011041800,1501.03,6
Clark,53011041900,865.16,5
Clark,53011042000,642.66,5
Clark,53011042100,1414.52,6
Clark,53011042300,1127.31,6
Clark,53011042400,709.8,5
Clark,53011042500,617.95,5
Clark,53011042600,2737.09,8
Clark,53011042700,1441.25,6
Clark,53011042800,1451.21,6
Clark,53011042900,846.53,5
Clark,53011043000,870.23,5
Clark,53011043100,1864.18,6
Columbia,53013960200,0.06,1
Cowlitz,53015000300,3135.97,8
Cowlitz,53015000400,3066.26,8
Cowlitz,53015000501,2984.26,8
Cowlitz,53015000502,5648.69,9
Cowlitz,53015000601,3088.21,8
Cowlitz,53015000602,2410.54,7
Cowlitz,53015000702,1716.13,6
Cowlitz,53015000703,907.27,5
Cowlitz,53015000704,2857.99,8
Cowlitz,53015000800,2359.72,7
Cowlitz,53015000900,1541.71,6
Cowlitz,53015001000,497.13,4
Cowlitz,53015001100,2826.86,8
Cowlitz,53015001200,1750.55,6
Cowlitz,53015001300,1154.15,6
Cowlitz,53015001501,464.98,4
Cowlitz,53015001502,2362.42,7
Cowlitz,53015001600,11421.73,10
Cowlitz,53015001700,1372.65,6
Cowlitz,53015001800,85.14,2
Cowlitz,53015001900,1218.47,6
Cowlitz,53015002001,313.21,4
Cowlitz,53015002002,352.51,4
Cowlitz,53015002100,3386.13,8
Douglas,53017950100,0,1
Douglas,53017950200,0.11,1
Douglas,53017950300,0,1
Douglas,53017950400,0,1
Douglas,53017950500,0,1
Douglas,53017950600,0,1
Douglas,53017950700,0,1
Douglas,53017950800,0,1
Ferry,53019940000,0.21,1
Ferry,53019970100,0.33,1
Ferry,53019970200,0,1
Franklin,53021020100,1277.36,6
Franklin,53021020200,345.62,4
Franklin,53021020300,262.39,4
Franklin,53021020400,442.87,4
Franklin,53021020501,152.1,3
Franklin,53021020502,280.69,4
Franklin,53021020601,208.77,3
Franklin,53021020603,133.34,3
Franklin,53021020605,272.19,4
Franklin,53021020606,237.42,3
Franklin,53021020700,153.49,3
Franklin,53021020800,6.73,1
Franklin,53021980100,19,1
Garfield,53023970300,27.67,2
Grant,53025010100,1.22,1
Grant,53025010200,21.92,2
Grant,53025010300,9.09,1
Grant,53025010400,16.71,1
Grant,53025010500,1.82,1
Grant,53025010600,2.77,1
Grant,53025010700,11.46,1
Grant,53025010800,29.35,2
Grant,53025010901,23.35,2
Grant,53025010902,91.68,2
Grant,53025011000,178.88,3
Grant,53025011100,49.87,2
Grant,53025011200,12.25,1
Grant,53025011300,14.73,1
Grant,53025011401,2.89,1
Grant,53025011402,21.79,2
Grays Harbor,53027000200,48.12,2
Grays Harbor,53027000300,55.36,2
Grays Harbor,53027000400,237.63,3
Grays Harbor,53027000500,113.66,3
Grays Harbor,53027000600,50.22,2
Grays Harbor,53027000700,50.57,2
Grays Harbor,53027000800,419.25,4
Grays Harbor,53027000900,1387.48,6
Grays Harbor,53027001000,294.39,4
Grays Harbor,53027001100,278.48,4
Grays Harbor,53027001200,291.42,4
Grays Harbor,53027001300,121.86,3
Grays Harbor,53027001400,45.12,2
Grays Harbor,53027001500,67.42,2
Grays Harbor,53027001600,258.11,3
Grays Harbor,53027940000,0.6,1
Grays Harbor,53027990000,0.68,1
Island,53029970100,156.75,3
Island,53029970200,129.08,3
Island,53029970300,289.42,4
Island,53029970400,268.09,4
Island,53029970500,224.96,3
Island,53029970601,97.1,3
Island,53029970602,99.27,3
Island,53029970700,65.09,2
Island,53029970800,77.58,2
Island,53029970900,295.4,4
Island,53029971000,259.71,4
Island,53029971100,324.81,4
Island,53029971300,547.05,4
Island,53029971400,428.96,4
Island,53029971500,333.85,4
Island,53029971600,442.84,4
Island,53029971700,531.87,4
Island,53029971800,444.64,4
Island,53029971900,651.31,5
Island,53029972000,1414.25,6
Island,53029972100,1607,6
Island,53029992201,30.74,2
Jefferson,53031950202,420.71,4
Jefferson,53031950300,1626.44,6
Jefferson,53031950400,681.01,5
Jefferson,53031950500,1921.83,7
Jefferson,53031950601,1232.24,6
Jefferson,53031950602,813.48,5
Jefferson,53031950702,400.56,4
King,53033000100,4447,9
King,53033000200,7088.62,10
King,53033000300,2410.15,7
King,53033000401,4036.39,9
King,53033000402,3909.42,9
King,53033000500,3118.51,8
King,53033000600,8000.67,10
King,53033000700,3635.25,8
King,53033000800,2097.9,7
King,53033000900,2180.96,7
King,53033001000,2156.33,7
King,53033001100,2372.12,7
King,53033001200,5517.41,9
King,53033001300,4290.83,9
King,53033001400,4346.51,9
King,53033001500,2194.53,7
King,53033001600,4392.55,9
King,53033001701,3878.29,9
King,53033001702,4404.25,9
King,53033001800,4313.61,9
King,53033001900,4274.02,9
King,53033002000,3583.2,8
King,53033002100,3413.18,8
King,53033002200,4621.35,9
King,53033002400,2206.48,7
King,53033002500,2676.16,7
King,53033002600,3797.71,9
King,53033002700,5360.89,9
King,53033002800,4187.25,9
King,53033002900,4517.68,9
King,53033003000,6341.15,10
King,53033003100,6772.91,10
King,53033003200,9559.1,10
King,53033003300,7729.27,10
King,53033003400,4153.18,9
King,53033003500,5312.4,9
King,53033003600,5013.19,9
King,53033003800,1835.03,6
King,53033003900,2377.66,7
King,53033004000,2635.17,7
King,53033004100,5767.61,9
King,53033004200,6549.16,10
King,53033004301,3802.37,9
King,53033004302,3065.8,8
King,53033004400,4775.1,9
King,53033004500,3367.6,8
King,53033004600,6442.58,10
King,53033004700,9228.77,10
King,53033004800,7538.6,10
King,53033004900,7253.22,10
King,53033005000,4619.61,9
King,53033005100,4825.2,9
King,53033005200,6213.07,9
King,53033005301,4142.63,9
King,53033005302,8654.33,10
King,53033005400,8881.53,10
King,53033005600,10882.27,10
King,53033005700,10040.43,10
King,53033005801,7467.78,10
King,53033005802,16384.57,10
King,53033005900,9799.17,10
King,53033006000,8709.33,10
King,53033006100,6631.8,10
King,53033006200,4944.25,9
King,53033006300,4032.02,9
King,53033006400,4092.47,9
King,53033006500,8021.53,10
King,53033006600,8049.97,10
King,53033006700,12832.47,10
King,53033006800,7293.62,10
King,53033006900,6965.2,10
King,53033007000,11436.63,10
King,53033007100,17846.7,10
King,53033007200,22791.83,10
King,53033007300,18818.1,10
King,53033007401,4825.33,9
King,53033007402,5188.61,9
King,53033007500,12326.03,10
King,53033007600,5551.27,9
King,53033007700,5866.31,9
King,53033007800,6265.83,9
King,53033007900,6925.79,10
King,53033008001,18415.23,10
King,53033008002,4230.47,9
King,53033008100,19308.27,10
King,53033008200,9451.8,10
King,53033008300,6538.98,10
King,53033008400,9476.83,10
King,53033008500,12569.1,10
King,53033008600,12199.3,10
King,53033008700,7654.03,10
King,53033008800,5693.73,9
King,53033008900,8494.9,10
King,53033009000,8076.51,10
King,53033009100,10496.33,10
King,53033009200,10599.23,10
King,53033009300,85378.63,10
King,53033009400,21487.4,10
King,53033009500,21512.8,10
King,53033009600,46512.13,10
King,53033009701,20296.1,10
King,53033009702,34599.53,10
King,53033009800,56002.63,10
King,53033009900,113581.33,10
King,53033010001,51849.07,10
King,53033010002,37491.4,10
King,53033010100,35305.97,10
King,53033010200,14810.7,10
King,53033010300,24280.37,10
King,53033010401,32194.87,10
King,53033010402,38333.57,10
King,53033010500,26275.07,10
King,53033010600,23884.57,10
King,53033010701,20560.17,10
King,53033010702,11413.6,10
King,53033010800,38255.53,10
King,53033010900,13249.5,10
King,53033011001,23613.8,10
King,53033011002,23905.13,10
King,53033011101,18280.6,10
King,53033011102,12232.27,10
King,53033011200,16048,10
King,53033011300,22329.6,10
King,53033011401,12403.57,10
King,53033011402,7600.17,10
King,53033011500,9619.63,10
King,53033011600,11933,10
King,53033011700,20840.2,10
King,53033011800,20091.57,10
King,53033011900,14746.5,10
King,53033012000,4377.8,9
King,53033012100,3258.81,8
King,53033020100,1629.86,6
King,53033020200,3656.08,8
King,53033020300,3536.62,8
King,53033020401,2200.67,7
King,53033020402,3076.36,8
King,53033020500,3779.32,8
King,53033020600,2588.41,7
King,53033020700,2553.7,7
King,53033020800,2629.18,7
King,53033020900,2865.99,8
King,53033021000,4300.05,9
King,53033021100,3280.48,8
King,53033021300,2468.45,7
King,53033021400,2264.44,7
King,53033021500,2526.68,7
King,53033021600,2710.95,8
King,53033021700,6948.78,10
King,53033021802,4148.55,9
King,53033021803,3247.65,8
King,53033021804,3383.13,8
King,53033021903,3491.55,8
King,53033021904,3475.42,8
King,53033021905,3514.48,8
King,53033021906,2642.48,7
King,53033022001,3957.37,9
King,53033022003,3346.56,8
King,53033022005,3698.6,8
King,53033022006,2843.62,8
King,53033022101,2912.74,8
King,53033022102,4629.36,9
King,53033022201,2833.32,8
King,53033022202,5243.6,9
King,53033022203,4972.35,9
King,53033022300,3108.37,8
King,53033022400,19209.97,10
King,53033022500,51042.37,10
King,53033022603,3569.27,8
King,53033022604,4001.3,9
King,53033022605,2810.45,8
King,53033022606,3991.61,9
King,53033022701,3286.34,8
King,53033022702,8997.63,10
King,53033022703,4761.64,9
King,53033022801,4768.85,9
King,53033022802,2830.97,8
King,53033022803,5606.28,9
King,53033022901,1692.19,6
King,53033022902,3682.34,8
King,53033023000,3930.59,9
King,53033023100,2341.87,7
King,53033023201,2781.09,8
King,53033023202,3116.38,8
King,53033023300,2996.56,8
King,53033023401,2274.66,7
King,53033023403,1906.13,7
King,53033023404,1498.18,6
King,53033023500,1781.89,6
King,53033023601,2905.65,8
King,53033023603,3552.4,8
King,53033023604,3148.3,8
King,53033023700,4014.46,9
King,53033023801,2680.82,8
King,53033023803,1956.47,7
King,53033023804,4043.63,9
King,53033023900,4708.34,9
King,53033024000,5843.98,9
King,53033024100,3526.91,8
King,53033024200,2164.21,7
King,53033024300,6168.12,9
King,53033024400,2137.84,7
King,53033024500,4259.86,9
King,53033024601,6558.06,10
King,53033024602,6619.95,10
King,53033024701,2959.56,8
King,53033024702,9192.67,10
King,53033024800,2948.9,8
King,53033024901,3354.36,8
King,53033024902,2004.44,7
King,53033024903,4637.43,9
King,53033025001,4328.55,9
King,53033025003,3793.05,9
King,53033025005,6261.06,9
King,53033025006,4861.22,9
King,53033025101,7588.27,10
King,53033025102,11685.93,10
King,53033025200,14539.73,10
King,53033025301,9521,10
King,53033025302,8433.83,10
King,53033025400,9655.33,10
King,53033025500,6414.93,10
King,53033025601,7945.77,10
King,53033025602,8886.4,10
King,53033025701,6122.75,9
King,53033025702,3585.57,8
King,53033025803,3326.46,8
King,53033025804,3910.39,9
King,53033025805,5606.92,9
King,53033025806,5736.54,9
King,53033026001,9141.6,10
King,53033026002,9339.97,10
King,53033026100,15939.67,10
King,53033026200,10398.97,10
King,53033026300,7399.92,10
King,53033026400,20796.77,10
King,53033026500,9997.9,10
King,53033026600,5919.1,9
King,53033026700,8728.97,10
King,53033026801,9725.4,10
King,53033026802,11328.93,10
King,53033027000,8620.97,10
King,53033027100,8331.73,10
King,53033027200,7273.15,10
King,53033027300,12239.67,10
King,53033027400,11802.77,10
King,53033027500,9602.4,10
King,53033027600,7929.9,10
King,53033027701,3017.29,8
King,53033027702,1971.45,7
King,53033027800,2746.06,8
King,53033027900,8855.63,10
King,53033028000,4311.79,9
King,53033028100,4777.62,9
King,53033028200,8822.33,10
King,53033028300,7305.4,10
King,53033028402,8568.33,10
King,53033028403,5888.1,9
King,53033028500,4900.09,9
King,53033028600,7940.9,10
King,53033028700,4046.52,9
King,53033028801,4136.66,9
King,53033028802,5080.62,9
King,53033028901,2999.23,8
King,53033028902,4626.48,9
King,53033029001,3291.64,8
King,53033029003,4501.47,9
King,53033029004,2300.29,7
King,53033029101,5130.94,9
King,53033029102,3007.29,8
King,53033029203,3325.25,8
King,53033029204,7785.91,10
King,53033029205,4010.99,9
King,53033029206,5265.06,9
King,53033029303,7649.1,10
King,53033029304,5545.88,9
King,53033029305,3551.24,8
King,53033029306,3679.25,8
King,53033029307,3130.51,8
King,53033029403,4910.65,9
King,53033029405,4429.05,9
King,53033029406,4315.05,9
King,53033029407,3351.12,8
King,53033029408,3440.7,8
King,53033029502,4997.81,9
King,53033029503,5446.23,9
King,53033029504,4843.51,9
King,53033029601,5429.77,9
King,53033029602,4589.31,9
King,53033029700,6384.8,10
King,53033029801,6767.4,10
King,53033029802,7801.3,10
King,53033029901,2879.53,8
King,53033029902,2986.85,8
King,53033030003,5640.63,9
King,53033030004,4965.51,9
King,53033030005,3736.99,8
King,53033030006,1999.83,7
King,53033030100,4272.11,9
King,53033030201,3181.15,8
King,53033030202,3785.25,9
King,53033030304,2171.59,7
King,53033030305,2567.56,7
King,53033030306,3020.67,8
King,53033030308,3068.1,8
King,53033030309,2677,7
King,53033030310,3626.86,8
King,53033030311,2942.84,8
King,53033030312,2510.97,7
King,53033030313,1889.06,6
King,53033030314,2457.51,7
King,53033030401,5671.3,9
King,53033030403,2221.29,7
King,53033030404,2350.76,7
King,53033030501,1699.62,6
King,53033030503,1974.05,7
King,53033030504,2027.33,7
King,53033030600,2860.64,8
King,53033030700,1557.98,6
King,53033030801,4192.43,9
King,53033030802,1644.48,6
King,53033030901,1941.8,7
King,53033030902,2896.79,8
King,53033031000,2303.78,7
King,53033031100,3199.67,8
King,53033031202,2404.38,7
King,53033031204,2989,8
King,53033031205,5597.13,9
King,53033031206,2956.64,8
King,53033031301,797.48,5
King,53033031302,735.53,5
King,53033031400,3038.97,8
King,53033031501,1304.1,6
King,53033031502,763.54,5
King,53033031601,2476.34,7
King,53033031603,3522.25,8
King,53033031604,2860.69,8
King,53033031605,1905.71,7
King,53033031703,4451.17,9
King,53033031704,3827.85,9
King,53033031705,2409.1,7
King,53033031706,4570.47,9
King,53033031800,4971.32,9
King,53033031903,5862.53,9
King,53033031904,2490.19,7
King,53033031906,3454.44,8
King,53033031907,6896.19,10
King,53033031908,2884.83,8
King,53033031909,2329.54,7
King,53033032002,1700.31,6
King,53033032003,2809.18,8
King,53033032005,3165.21,8
King,53033032006,1972.75,7
King,53033032007,1907.08,7
King,53033032008,1496.09,6
King,53033032010,2602.67,7
King,53033032011,2456.36,7
King,53033032102,2151.52,7
King,53033032103,1717.93,6
King,53033032104,3704.34,8
King,53033032203,2935.76,8
King,53033032207,1414.98,6
King,53033032208,4180.82,9
King,53033032210,6997.98,10
King,53033032211,1375.89,6
King,53033032212,2353.2,7
King,53033032213,1599.49,6
King,53033032214,3404.08,8
King,53033032215,2227.47,7
King,53033032307,1647.62,6
King,53033032309,3596.78,8
King,53033032311,1233.26,6
King,53033032313,4134.06,9
King,53033032315,1262.66,6
King,53033032316,2685.76,8
King,53033032317,2527.76,7
King,53033032318,2254.01,7
King,53033032319,2658.13,7
King,53033032320,1706.19,6
King,53033032321,2777.79,8
King,53033032322,982.54,5
King,53033032323,2487.48,7
King,53033032324,2519.68,7
King,53033032325,2077.07,7
King,53033032326,1296.3,6
King,53033032327,1394.06,6
King,53033032328,970.06,5
King,53033032329,2812.53,8
King,53033032401,1093.52,5
King,53033032402,968.23,5
King,53033032500,824.82,5
King,53033032601,492.75,4
King,53033032602,3191.08,8
King,53033032702,1271.05,6
King,53033032703,297.25,4
King,53033032704,943.36,5
King,53033032800,340.99,4
King,53033990100,3780.9,9
Kitsap,53035080101,2846.39,8
Kitsap,53035080102,4799.19,9
Kitsap,53035080200,3347.62,8
Kitsap,53035080300,2526.1,7
Kitsap,53035080400,2968.43,8
Kitsap,53035080500,3280.38,8
Kitsap,53035080600,12640.38,10
Kitsap,53035080700,10950.03,10
Kitsap,53035080800,1447.39,6
Kitsap,53035080900,8952.08,10
Kitsap,53035081000,19506.2,10
Kitsap,53035081100,36868.7,10
Kitsap,53035081200,12644.41,10
Kitsap,53035081400,32203.67,10
Kitsap,53035090101,2262.11,7
Kitsap,53035090102,3286.51,8
Kitsap,53035090201,2523.9,7
Kitsap,53035090202,2888.85,8
Kitsap,53035090300,4750.51,9
Kitsap,53035090400,4537.81,9
Kitsap,53035090501,2920.64,8
Kitsap,53035090502,3677.24,8
Kitsap,53035090700,5560.15,9
Kitsap,53035090800,5722.82,9
Kitsap,53035090900,13829.43,10
Kitsap,53035091000,9565.2,10
Kitsap,53035091100,5457.24,9
Kitsap,53035091201,2940.82,8
Kitsap,53035091203,5734.63,9
Kitsap,53035091204,2632.01,7
Kitsap,53035091301,2428.22,7
Kitsap,53035091302,4269.2,9
Kitsap,53035091400,3121.83,8
Kitsap,53035091500,4088.7,9
Kitsap,53035091600,5516.81,9
Kitsap,53035091700,8108.73,10
Kitsap,53035091800,3544,8
Kitsap,53035091900,3853.33,9
Kitsap,53035092000,2437.06,7
Kitsap,53035092100,5568.01,9
Kitsap,53035092200,14015.88,10
Kitsap,53035092300,10902.05,10
Kitsap,53035092400,7585.09,10
Kitsap,53035092500,10951.9,10
Kitsap,53035092600,4477.87,9
Kitsap,53035092701,3673.03,8
Kitsap,53035092704,2069.95,7
Kitsap,53035092801,3922.75,9
Kitsap,53035092802,2358.53,7
Kitsap,53035092803,1079.56,5
Kitsap,53035092901,1877.94,6
Kitsap,53035092902,2474.73,7
Kitsap,53035940000,1945.82,7
Kitsap,53035940100,4601.43,9
Kitsap,53035990100,551.75,5
Kittitas,53037975100,0.01,1
Kittitas,53037975200,1.26,1
Kittitas,53037975300,1.23,1
Kittitas,53037975401,2.16,1
Kittitas,53037975402,2.15,1
Kittitas,53037975500,2.02,1
Kittitas,53037975600,1.26,1
Kittitas,53037975700,4.27,1
Klickitat,53039950100,15.88,1
Klickitat,53039950200,0.44,1
Klickitat,53039950300,0.02,1
Lewis,53041970100,15.67,1
Lewis,53041970200,28.3,2
Lewis,53041970300,34.51,2
Lewis,53041970400,59.42,2
Lewis,53041970500,17.12,1
Lewis,53041970600,15.59,1
Lewis,53041970700,41.89,2
Lewis,53041970800,153.16,3
Lewis,53041970900,27.33,2
Lewis,53041971000,132.02,3
Lewis,53041971100,46.01,2
Lewis,53041971200,29.55,2
Lewis,53041971300,82.16,2
Lewis,53041971400,62.91,2
Lewis,53041971500,116.85,3
Lewis,53041971600,158.85,3
Lewis,53041971700,60.37,2
Lewis,53041971800,5.35,1
Lewis,53041971900,0.23,1
Lincoln,53043960100,0.09,1
Lincoln,53043960200,2.15,1
Lincoln,53043960300,0.01,1
Lincoln,53043960400,1.39,1
Mason,53045940000,9.73,1
Mason,53045960100,9.27,1
Mason,53045960200,66.64,2
Mason,53045960300,690.15,5
Mason,53045960400,1492.37,6
Mason,53045960500,136.18,3
Mason,53045960600,34.9,2
Mason,53045960700,5.89,1
Mason,53045960800,18.85,1
Mason,53045960900,17.65,1
Mason,53045961000,61.9,2
Mason,53045961100,169.02,3
Mason,53045961200,109.18,3
Mason,53045961300,25.73,2
Okanogan,53047940100,0,1
Okanogan,53047940200,0,1
Okanogan,53047970300,0,1
Pacific,53049950200,20.67,2
Pacific,53049950300,42.32,2
Pacific,53049950400,17.95,1
Pacific,53049950500,0.01,1
Pacific,53049950700,0,1
Pacific,53049950800,1.1,1
Pacific,53049990100,0.17,1
Pend Oreille,53051970100,13.58,1
Pend Oreille,53051970200,14.1,1
Pend Oreille,53051970300,9.81,1
Pend Oreille,53051970400,8.18,1
Pend Oreille,53051970500,9.67,1
Pierce,53053060200,2591.11,7
Pierce,53053060300,1219.3,6
Pierce,53053060400,1237.34,6
Pierce,53053060500,1437.55,6
Pierce,53053060600,2516.02,7
Pierce,53053060700,2327.79,7
Pierce,53053060800,1525.12,6
Pierce,53053060903,814.46,5
Pierce,53053060904,1401.61,6
Pierce,53053060905,1290.87,6
Pierce,53053060906,596.27,5
Pierce,53053061001,880.11,5
Pierce,53053061002,1043.73,5
Pierce,53053061100,1769.6,6
Pierce,53053061200,2026.77,7
Pierce,53053061300,2675.51,7
Pierce,53053061400,2060.8,7
Pierce,53053061500,2525.89,7
Pierce,53053061601,1289.03,6
Pierce,53053061602,917.85,5
Pierce,53053061700,4043.5,9
Pierce,53053061800,2097.66,7
Pierce,53053061900,787.08,5
Pierce,53053062000,1418.55,6
Pierce,53053062300,2010.09,7
Pierce,53053062400,1841.25,6
Pierce,53053062500,2264.53,7
Pierce,53053062600,3556.43,8
Pierce,53053062801,1346.22,6
Pierce,53053062802,1123.38,6
Pierce,53053062900,1493.19,6
Pierce,53053063000,916.85,5
Pierce,53053063100,1276.67,6
Pierce,53053063200,1636.38,6
Pierce,53053063300,2688.17,8
Pierce,53053063400,2212.35,7
Pierce,53053063501,954.07,5
Pierce,53053063502,1374.32,6
Pierce,53053070100,67.06,2
Pierce,53053070203,1039.79,5
Pierce,53053070204,434.59,4
Pierce,53053070205,523.6,4
Pierce,53053070206,103.48,3
Pierce,53053070207,287.08,4
Pierce,53053070307,1702.46,6
Pierce,53053070308,1034.89,5
Pierce,53053070309,2058.74,7
Pierce,53053070310,1694.31,6
Pierce,53053070311,752.19,5
Pierce,53053070312,2179.64,7
Pierce,53053070313,2168.55,7
Pierce,53053070314,1127.4,6
Pierce,53053070315,2615.34,7
Pierce,53053070316,4004.25,9
Pierce,53053070401,763.9,5
Pierce,53053070403,117.64,3
Pierce,53053070404,387.66,4
Pierce,53053070703,3014.51,8
Pierce,53053071100,725.76,5
Pierce,53053071205,1736.04,6
Pierce,53053071206,2230.88,7
Pierce,53053071207,1803.76,6
Pierce,53053071208,1708.16,6
Pierce,53053071209,924.56,5
Pierce,53053071210,1462.86,6
Pierce,53053071304,1543.36,6
Pierce,53053071305,1244.49,6
Pierce,53053071306,802.22,5
Pierce,53053071307,1614.35,6
Pierce,53053071309,691.41,5
Pierce,53053071310,1137.66,6
Pierce,53053071403,158.26,3
Pierce,53053071406,301.21,4
Pierce,53053071407,127.09,3
Pierce,53053071408,211.03,3
Pierce,53053071409,188.58,3
Pierce,53053071410,160.18,3
Pierce,53053071411,76.14,2
Pierce,53053071503,598.26,5
Pierce,53053071504,1050.67,5
Pierce,53053071505,828.42,5
Pierce,53053071506,524.19,4
Pierce,53053071601,1618.11,6
Pierce,53053071602,2230.23,7
Pierce,53053071703,919.51,5
Pierce,53053071704,798.43,5
Pierce,53053071705,1120.27,6
Pierce,53053071706,397.6,4
Pierce,53053071707,670.92,5
Pierce,53053071803,1195.63,6
Pierce,53053071805,488.3,4
Pierce,53053071806,340.44,4
Pierce,53053071807,784.92,5
Pierce,53053071808,922.04,5
Pierce,53053071901,836.67,5
Pierce,53053071902,978.37,5
Pierce,53053072000,145.94,3
Pierce,53053072105,847.63,5
Pierce,53053072106,984.71,5
Pierce,53053072107,716.35,5
Pierce,53053072108,660.66,5
Pierce,53053072109,437.99,4
Pierce,53053072111,359.47,4
Pierce,53053072112,440.54,4
Pierce,53053072305,1361.95,6
Pierce,53053072307,602.1,5
Pierce,53053072308,1326.74,6
Pierce,53053072309,1116.53,5
Pierce,53053072310,847.76,5
Pierce,53053072311,900.34,5
Pierce,53053072312,1249.81,6
Pierce,53053072313,1171.61,6
Pierce,53053072405,750.53,5
Pierce,53053072406,1418.13,6
Pierce,53053072407,1059.99,5
Pierce,53053072408,1344.97,6
Pierce,53053072409,517.41,4
Pierce,53053072410,757.13,5
Pierce,53053072503,1113.01,5
Pierce,53053072504,1401.75,6
Pierce,53053072505,2169.97,7
Pierce,53053072506,1304.17,6
Pierce,53053072507,577.16,5
Pierce,53053072601,1016.74,5
Pierce,53053072602,603.19,5
Pierce,53053072603,532.08,4
Pierce,53053072800,358.37,4
Pierce,53053072901,437.91,4
Pierce,53053072903,429.51,4
Pierce,53053072905,103.61,3
Pierce,53053072906,127.16,3
Pierce,53053072907,150.3,3
Pierce,53053073001,65.7,2
Pierce,53053073005,56.01,2
Pierce,53053073006,33.88,2
Pierce,53053073108,465.73,4
Pierce,53053073110,882.32,5
Pierce,53053073111,569.15,5
Pierce,53053073113,180.98,3
Pierce,53053073114,70.9,2
Pierce,53053073115,62.58,2
Pierce,53053073116,63.29,2
Pierce,53053073117,48.06,2
Pierce,53053073118,85.29,2
Pierce,53053073119,45.59,2
Pierce,53053073120,729.83,5
Pierce,53053073121,313.63,4
Pierce,53053073122,365.7,4
Pierce,53053073123,559.19,5
Pierce,53053073124,70.93,2
Pierce,53053073125,450.19,4
Pierce,53053073126,205.29,3
Pierce,53053073200,46.31,2
Pierce,53053073301,2065.91,7
Pierce,53053073302,950.63,5
Pierce,53053073404,1904.87,7
Pierce,53053073405,1204.3,6
Pierce,53053073406,1496.65,6
Pierce,53053073407,1199.21,6
Pierce,53053073408,1326.01,6
Pierce,53053073500,3036.5,8
Pierce,53053940001,1680.47,6
Pierce,53053940002,2315.05,7
Pierce,53053940003,3524.92,8
Pierce,53053940004,2300.49,7
Pierce,53053940005,3685.86,8
Pierce,53053940006,889.32,5
Pierce,53053940007,1167.03,6
Pierce,53053940008,3696.42,8
Pierce,53053940009,1350.27,6
Pierce,53053940010,1640.17,6
Pierce,53053940011,2139.22,7
San Juan,53055960100,354.22,4
San Juan,53055960300,350.75,4
San Juan,53055960400,265.54,4
San Juan,53055960500,296.99,4
San Juan,53055990100,2.25,1
Skagit,53057940200,656.57,5
Skagit,53057940300,1751.87,6
Skagit,53057940400,3118.81,8
Skagit,53057940500,962.2,5
Skagit,53057940600,902.83,5
Skagit,53057940700,478.31,4
Skagit,53057940800,503.31,4
Skagit,53057950100,349.02,4
Skagit,53057950800,909.45,5
Skagit,53057950900,509.79,4
Skagit,53057951000,147.48,3
Skagit,53057951100,2.37,1
Skagit,53057951200,290.64,4
Skagit,53057951300,178.64,3
Skagit,53057951400,405.8,4
Skagit,53057951500,1353.25,6
Skagit,53057951600,724.35,5
Skagit,53057951700,459.5,4
Skagit,53057951800,742.91,5
Skagit,53057951900,743.12,5
Skagit,53057952100,548.73,4
Skagit,53057952200,574.12,5
Skagit,53057952301,448.46,4
Skagit,53057952302,1198.84,6
Skagit,53057952401,333.75,4
Skagit,53057952402,825.11,5
Skagit,53057952500,274.72,4
Skagit,53057952600,544.75,4
Skagit,53057952700,471.25,4
Skagit,53057990100,233.37,3
Skamania,53059950100,0.99,1
Skamania,53059950200,688.02,5
Skamania,53059950300,22.24,2
Skamania,53059950400,0.02,1
Skamania,53059950500,0.37,1
Snohomish,53061040100,749.72,5
Snohomish,53061040200,625.77,5
Snohomish,53061040300,411.9,4
Snohomish,53061040400,491.89,4
Snohomish,53061040500,316.59,4
Snohomish,53061040700,950.54,5
Snohomish,53061040800,573.15,5
Snohomish,53061040900,1385.88,6
Snohomish,53061041000,1253.84,6
Snohomish,53061041100,1717.97,6
Snohomish,53061041201,1233.34,6
Snohomish,53061041202,2244.7,7
Snohomish,53061041301,4795.51,9
Snohomish,53061041303,4088.52,9
Snohomish,53061041304,6778.33,10
Snohomish,53061041400,1310.21,6
Snohomish,53061041500,483.13,4
Snohomish,53061041601,1691.28,6
Snohomish,53061041605,2202.36,7
Snohomish,53061041606,2644.09,7
Snohomish,53061041607,1090.67,5
Snohomish,53061041608,1896.69,7
Snohomish,53061041701,4460.22,9
Snohomish,53061041703,8577.23,10
Snohomish,53061041704,8942.5,10
Snohomish,53061041805,3896.65,9
Snohomish,53061041806,10112.63,10
Snohomish,53061041808,6387.72,10
Snohomish,53061041809,8452.63,10
Snohomish,53061041810,7963.33,10
Snohomish,53061041811,12753.4,10
Snohomish,53061041812,6998.93,10
Snohomish,53061041901,5579.91,9
Snohomish,53061041903,20152.53,10
Snohomish,53061041904,4334.41,9
Snohomish,53061041905,10107.77,10
Snohomish,53061042001,2174.69,7
Snohomish,53061042003,1287.09,6
Snohomish,53061042004,3331.71,8
Snohomish,53061042005,3212.53,8
Snohomish,53061042006,1808.28,6
Snohomish,53061050101,1363.14,6
Snohomish,53061050102,3092.63,8
Snohomish,53061050200,1920.37,7
Snohomish,53061050300,2324.49,7
Snohomish,53061050401,3025.93,8
Snohomish,53061050402,2543.51,7
Snohomish,53061050500,2916.83,8
Snohomish,53061050600,1180.97,6
Snohomish,53061050700,3174.98,8
Snohomish,53061050800,3530.31,8
Snohomish,53061050900,1395.07,6
Snohomish,53061051000,3083.22,8
Snohomish,53061051100,1873.42,6
Snohomish,53061051200,2405.71,7
Snohomish,53061051300,3705.37,8
Snohomish,53061051400,4404.24,9
Snohomish,53061051500,3400.95,8
Snohomish,53061051601,2441.28,7
Snohomish,53061051602,2088.96,7
Snohomish,53061051701,3188.37,8
Snohomish,53061051702,2906.53,8
Snohomish,53061051802,5215.95,9
Snohomish,53061051803,4504.76,9
Snohomish,53061051804,5244.18,9
Snohomish,53061051905,6058.82,9
Snohomish,53061051912,862.37,5
Snohomish,53061051913,3460.6,8
Snohomish,53061051914,2966.62,8
Snohomish,53061051915,6344.38,10
Snohomish,53061051916,3449.71,8
Snohomish,53061051917,2884.14,8
Snohomish,53061051918,4906.31,9
Snohomish,53061051921,4300.47,9
Snohomish,53061051922,5294.46,9
Snohomish,53061051923,6131.9,9
Snohomish,53061051924,5506.4,9
Snohomish,53061051925,8766.93,10
Snohomish,53061051926,3578.78,8
Snohomish,53061051927,6262.24,9
Snohomish,53061051928,5619.76,9
Snohomish,53061052003,6250.6,9
Snohomish,53061052004,4094.13,9
Snohomish,53061052005,4518.48,9
Snohomish,53061052006,3078.35,8
Snohomish,53061052007,3629.82,8
Snohomish,53061052104,437.79,4
Snohomish,53061052105,518.59,4
Snohomish,53061052107,2776.78,8
Snohomish,53061052108,1296.93,6
Snohomish,53061052112,559.96,5
Snohomish,53061052113,502.37,4
Snohomish,53061052114,1872.99,6
Snohomish,53061052115,1909.72,7
Snohomish,53061052118,2314.35,7
Snohomish,53061052203,756.52,5
Snohomish,53061052204,695.39,5
Snohomish,53061052206,314.29,4
Snohomish,53061052207,406.03,4
Snohomish,53061052208,455.94,4
Snohomish,53061052209,577.78,5
Snohomish,53061052301,275.96,4
Snohomish,53061052302,458.27,4
Snohomish,53061052401,477.86,4
Snohomish,53061052402,381.39,4
Snohomish,53061052502,631.87,5
Snohomish,53061052503,608.28,5
Snohomish,53061052504,268.85,4
Snohomish,53061052603,158.51,3
Snohomish,53061052604,325.51,4
Snohomish,53061052605,255.98,3
Snohomish,53061052606,300.93,4
Snohomish,53061052607,530.17,4
Snohomish,53061052701,84.81,2
Snohomish,53061052705,484.27,4
Snohomish,53061052706,444.66,4
Snohomish,53061052707,315.73,4
Snohomish,53061052708,265.58,4
Snohomish,53061052709,188.42,3
Snohomish,53061052803,335.57,4
Snohomish,53061052804,384.46,4
Snohomish,53061052805,252.67,3
Snohomish,53061052806,328.96,4
Snohomish,53061052903,228.57,3
Snohomish,53061052904,269.58,4
Snohomish,53061052905,244.7,3
Snohomish,53061052906,221.68,3
Snohomish,53061053101,360.44,4
Snohomish,53061053102,434.69,4
Snohomish,53061053201,422.04,4
Snohomish,53061053202,440.72,4
Snohomish,53061053301,755.33,5
Snohomish,53061053302,661.38,5
Snohomish,53061053400,485.52,4
Snohomish,53061053504,456.92,4
Snohomish,53061053505,133.93,3
Snohomish,53061053506,236.24,3
Snohomish,53061053507,382.17,4
Snohomish,53061053508,337.09,4
Snohomish,53061053509,459.08,4
Snohomish,53061053602,174.41,3
Snohomish,53061053603,143.12,3
Snohomish,53061053604,115.27,3
Snohomish,53061053700,4.47,1
Snohomish,53061053801,248.6,3
Snohomish,53061053802,158.63,3
Snohomish,53061053803,95.51,3
Snohomish,53061940001,795.13,5
Snohomish,53061940002,574.73,5
Snohomish,53061990002,190.29,3
Snohomish,53061990100,0.08,1
Spokane,53063000200,101.87,3
Spokane,53063000300,127.17,3
Spokane,53063000400,93.04,2
Spokane,53063000500,77.73,2
Spokane,53063000600,60.74,2
Spokane,53063000700,77.1,2
Spokane,53063000800,71.26,2
Spokane,53063000900,96.57,3
Spokane,53063001000,86.3,2
Spokane,53063001100,93.15,2
Spokane,53063001200,51.82,2
Spokane,53063001300,87.78,2
Spokane,53063001400,177.17,3
Spokane,53063001500,182.45,3
Spokane,53063001600,134.47,3
Spokane,53063001800,138.24,3
Spokane,53063001900,87.03,2
Spokane,53063002000,100.01,3
Spokane,53063002100,56.11,2
Spokane,53063002300,138.13,3
Spokane,53063002400,99.83,3
Spokane,53063002500,328.32,4
Spokane,53063002600,258.71,3
Spokane,53063002900,785.02,5
Spokane,53063003000,2166.33,7
Spokane,53063003100,1003.22,5
Spokane,53063003200,143.55,3
Spokane,53063003500,96.9,3
Spokane,53063003600,114.84,3
Spokane,53063003800,48.19,2
Spokane,53063003900,266.48,4
Spokane,53063004000,143.05,3
Spokane,53063004100,124.01,3
Spokane,53063004200,293.04,4
Spokane,53063004300,319.18,4
Spokane,53063004400,638.04,5
Spokane,53063004500,766.2,5
Spokane,53063004601,1336.18,6
Spokane,53063004602,674.48,5
Spokane,53063004700,1185.61,6
Spokane,53063004800,627.12,5
Spokane,53063004900,754.82,5
Spokane,53063005000,467.84,4
Spokane,53063010100,1196.88,6
Spokane,53063010201,29.42,2
Spokane,53063010202,136.15,3
Spokane,53063010301,20.99,2
Spokane,53063010303,20.4,2
Spokane,53063010304,30.54,2
Spokane,53063010305,62.9,2
Spokane,53063010401,106.03,3
Spokane,53063010402,63.11,2
Spokane,53063010501,90.65,2
Spokane,53063010503,87.71,2
Spokane,53063010504,44.51,2
Spokane,53063010601,33.58,2
Spokane,53063010602,78.65,2
Spokane,53063010700,139.07,3
Spokane,53063010800,30.32,2
Spokane,53063010900,100.15,3
Spokane,53063011000,67.42,2
Spokane,53063011101,123.79,3
Spokane,53063011102,70.52,2
Spokane,53063011201,195.14,3
Spokane,53063011202,80.16,2
Spokane,53063011300,582.53,5
Spokane,53063011400,1876.15,6
Spokane,53063011500,131.39,3
Spokane,53063011600,152.82,3
Spokane,53063011701,315.19,4
Spokane,53063011702,2037.85,7
Spokane,53063011800,2659.34,7
Spokane,53063011900,872.66,5
Spokane,53063012000,468.44,4
Spokane,53063012100,294.93,4
Spokane,53063012200,500.24,4
Spokane,53063012300,1004.34,5
Spokane,53063012401,1068.88,5
Spokane,53063012402,2670.72,7
Spokane,53063012500,548.88,5
Spokane,53063012600,1029.46,5
Spokane,53063012701,2324.7,7
Spokane,53063012702,1307.26,6
Spokane,53063012801,1720.39,6
Spokane,53063012802,769.88,5
Spokane,53063012901,5134.13,9
Spokane,53063012902,5756.19,9
Spokane,53063013000,6249,9
Spokane,53063013100,3682.14,8
Spokane,53063013201,1014.78,5
Spokane,53063013202,901.58,5
Spokane,53063013300,415.86,4
Spokane,53063013401,717.49,5
Spokane,53063013500,813.46,5
Spokane,53063013600,152.15,3
Spokane,53063013700,89.88,2
Spokane,53063013800,44.72,2
Spokane,53063013900,69.84,2
Spokane,53063014001,115.15,3
Spokane,53063014002,114.53,3
Spokane,53063014100,141.22,3
Spokane,53063014200,158.23,3
Spokane,53063014300,143.39,3
Spokane,53063014400,336.38,4
Spokane,53063014500,1533.24,6
Stevens,53065941000,0.73,1
Stevens,53065950100,3.54,1
Stevens,53065950200,4.73,1
Stevens,53065950300,2.11,1
Stevens,53065950500,1.92,1
Stevens,53065950600,1.29,1
Stevens,53065950700,1.15,1
Stevens,53065950800,1.91,1
Stevens,53065950900,0.48,1
Stevens,53065951100,0.97,1
Stevens,53065951300,10.16,1
Stevens,53065951400,35.03,2
Thurston,53067010100,107.67,3
Thurston,53067010200,213.54,3
Thurston,53067010300,254.35,3
Thurston,53067010400,108.59,3
Thurston,53067010510,177.16,3
Thurston,53067010520,320.31,4
Thurston,53067010600,222.37,3
Thurston,53067010700,426.09,4
Thurston,53067010800,168.88,3
Thurston,53067010910,490.84,4
Thurston,53067010920,195.06,3
Thurston,53067011000,299.67,4
Thurston,53067011100,165.45,3
Thurston,53067011200,1299.63,6
Thurston,53067011300,235.2,3
Thurston,53067011410,128.08,3
Thurston,53067011420,174.06,3
Thurston,53067011500,139.64,3
Thurston,53067011610,191.86,3
Thurston,53067011621,201.23,3
Thurston,53067011622,94.79,2
Thurston,53067011623,164.7,3
Thurston,53067011624,99.85,3
Thurston,53067011710,284.78,4
Thurston,53067011720,134.69,3
Thurston,53067011810,25.75,2
Thurston,53067011821,57.09,2
Thurston,53067011822,89.12,2
Thurston,53067011900,112.89,3
Thurston,53067012000,227.71,3
Thurston,53067012100,133.47,3
Thurston,53067012211,138.95,3
Thurston,53067012212,859.29,5
Thurston,53067012221,246.8,3
Thurston,53067012222,320.22,4
Thurston,53067012310,238.84,3
Thurston,53067012320,63.86,2
Thurston,53067012330,95.71,3
Thurston,53067012411,102.55,3
Thurston,53067012412,69.48,2
Thurston,53067012420,70.84,2
Thurston,53067012510,21.58,2
Thurston,53067012520,68.38,2
Thurston,53067012530,52.42,2
Thurston,53067012610,94.86,3
Thurston,53067012620,80.83,2
Thurston,53067012710,19.24,2
Thurston,53067012720,37.06,2
Thurston,53067012730,36.92,2
Thurston,53067990100,4.21,1
Wahkiakum,53069950100,296.54,4
Walla Walla,53071920000,1143.54,6
Walla Walla,53071920100,63.13,2
Walla Walla,53071920200,71.74,2
Walla Walla,53071920300,69.7,2
Walla Walla,53071920400,13.4,1
Walla Walla,53071920500,26.2,2
Walla Walla,53071920600,54.72,2
Walla Walla,53071920701,25.26,2
Walla Walla,53071920702,29.65,2
Walla Walla,53071920801,30.27,2
Walla Walla,53071920802,17.37,1
Walla Walla,53071920900,60.76,2
Whatcom,53073000100,824.13,5
Whatcom,53073000200,1170.6,6
Whatcom,53073000300,814.97,5
Whatcom,53073000400,505.53,4
Whatcom,53073000501,429.42,4
Whatcom,53073000502,202.91,3
Whatcom,53073000600,183.1,3
Whatcom,53073000700,553.51,5
Whatcom,53073000803,435.42,4
Whatcom,53073000804,501.4,4
Whatcom,53073000805,434.88,4
Whatcom,53073000806,885.27,5
Whatcom,53073000901,565.41,5
Whatcom,53073000902,626.53,5
Whatcom,53073001000,580.85,5
Whatcom,53073001100,751.49,5
Whatcom,53073001201,561.08,5
Whatcom,53073001202,421.05,4
Whatcom,53073010100,228.61,3
Whatcom,53073010200,167.22,3
Whatcom,53073010301,238.14,3
Whatcom,53073010302,90.43,2
Whatcom,53073010303,112.12,3
Whatcom,53073010401,1355.69,6
Whatcom,53073010403,3749.74,8
Whatcom,53073010404,9609.19,10
Whatcom,53073010501,2392.7,7
Whatcom,53073010502,1049.6,5
Whatcom,53073010600,591.1,5
Whatcom,53073010701,358.65,4
Whatcom,53073010702,196.7,3
Whatcom,53073010900,221.29,3
Whatcom,53073011000,15.21,1
Whatcom,53073940000,1923.88,7
Whitman,53075000100,173.64,3
Whitman,53075000200,219.12,3
Whitman,53075000300,153.41,3
Whitman,53075000400,167.07,3
Whitman,53075000500,99.71,3
Whitman,53075000600,274.54,4
Whitman,53075000700,2.57,1
Whitman,53075000800,0.13,1
Whitman,53075000900,4.34,1
Whitman,53075001000,104.92,3
Yakima,53077000100,50.56,2
Yakima,53077000200,38.17,2
Yakima,53077000300,20.36,2
Yakima,53077000400,23.83,2
Yakima,53077000500,25.33,2
Yakima,53077000600,30.14,2
Yakima,53077000700,110.5,3
Yakima,53077000800,22.43,2
Yakima,53077000901,24.9,2
Yakima,53077000902,15.45,1
Yakima,53077001000,30.47,2
Yakima,53077001100,112.4,3
Yakima,53077001201,168.18,3
Yakima,53077001202,287.15,4
Yakima,53077001300,95.48,3
Yakima,53077001400,44.2,2
Yakima,53077001501,118.8,3
Yakima,53077001502,78.52,2
Yakima,53077001601,32.18,2
Yakima,53077001602,108.13,3
Yakima,53077001701,23.12,2
Yakima,53077001702,65.45,2
Yakima,53077001800,6.63,1
Yakima,53077001901,8.65,1
Yakima,53077001902,10.1,1
Yakima,53077002001,0.25,1
Yakima,53077002002,0.42,1
Yakima,53077002101,1.24,1
Yakima,53077002102,5.39,1
Yakima,53077002200,8.67,1
Yakima,53077002701,9.88,1
Yakima,53077002801,9.78,1
Yakima,53077002802,29.04,2
Yakima,53077002900,10.36,1
Yakima,53077003001,6.63,1
Yakima,53077003002,5.54,1
Yakima,53077003100,17.69,1
Yakima,53077003200,22.25,2
Yakima,53077003400,14.09,1
Yakima,53077940001,8.01,1
Yakima,53077940002,4.37,1
Yakima,53077940003,7.34,1
Yakima,53077940004,10.1,1
Yakima,53077940005,3.34,1
Yakima,53077940006,3.37,1
