site,N,shannon.di,simpson.di,inv.simpson.di,richness,evenness,city,for_ever_temp,for_ever_taig,for_ever_trop,for_dec_trop,for_dec_temp,for_mix,shrub_trop,shrub_temp,grass_trop,grass_temp,shrub_lich,grass_lich,barren_lich,wetland,cropland,barren,urban,water,ice,mpa_undev,pd_undev,ed_undev,enn_mn_undev,sdhi,for_all,shrub_all,grass_all,veg_woody,veg_all,natural,develop,prop_ndvi_0.5,prop_ndvi_0.6,prop_ndvi_avg,POPDEN2020,med_income,Impervious,city_site,units_lead,pm2.5_count,avg_ptsdf,prox_heavy_traffic,avg_pnpl,avg_rsei,avg_pwdis,diesel_tons_km2,avg_prmp,avg_ozone,LEAD_PCT,PM25_PCT,PTSDF_PCT,TRAFFIC_PCT,PNPL_PCT,TOXIC_PCT,PWDIS_PCT,OZONE_PCT,DIESEL_PCT,PRMP_PCT,EXPOSURE,RISK,BURDEN,BURDEN_SCALED,BURDEN_PERCENTILE
P-OLT,345,1.850670598685794,0.8245830707834488,5.700704056707697,11,0.7717895855084783,tawa,0.23672442705422,0,0,0,0.019284516489659,0.453605366126328,0,0.0162101732811627,0,0.0072666294019005,0,0,0,0.0413638904415875,0.0793739519284516,0,0.0676355505869201,0.0785354946897708,0,35.6271428571429,2.17377802620955,71.9209986957332,61.0117199035705,0.781042981713775,0.709614309670207,0.0162101732811627,0.0072666294019005,0.725824482951369,0.73309111235327,0.774455002794857,0.147009502515372,0.896610840036925,0.845180007912436,0.747569518465069,28.5096969604492,64019,1.20331859588623,tawa_P-OLT,363,0.257330149412155,0.0399999991059303,9500,0.0399999991059303,46.3100051879883,2.30000019030285e-8,0.180000007152557,0.0399999991059303,58.6349830627441,29,1,1,1,4,3,8,74,1,1,19.75,4.375,16.0833333333333,2.59408602150538,6
G-VP,180,1.737634889434259,0.7993827160493827,4.984615384615385,8,0.8356257459541493,tawa,0.0472330911123533,0,0,0,0.063163778647289,0.0690329793180548,0,0,0,0.00307434320849637,0,0,0,0.00139742873113471,0,0,0.769424259362772,0,0,29.61,0.621079436059872,20.6819452207937,60,0.656122416627844,0.179429849077697,0,0.00307434320849637,0.179429849077697,0.182504192286193,0.183901621017328,0.769424259362772,0.469603059475142,0.288012659897138,0.531508223471728,1917.86682128906,69052.4375,45.6546401977539,tawa_G-VP,226.020889282227,0.379430204629898,0.568484485149384,76035.3203125,0.15384204685688,1018.81127929688,NA,7.81550264358521,0.144007280468941,55.107292175293,16,7,13,25,35,7,NA,63,25,16,25.5,10,23.6666666666667,3.81720430107527,11
MBC1,26,1.7028156554691976,0.7751479289940828,4.447368421052631,8,0.8188812338978337,sewa,0.0418060200668896,0,0,0,0.04041248606466,0.0337235228539576,0,0.00891861761426979,0,0.00613154960981048,0,0,0,0.116499442586399,0.0769230769230769,0.00278706800445931,0.672798216276477,0,0,6.21692307692308,4.02576489533011,58.7142326272761,95.2134958906699,0.810621435588258,0.115942028985507,0.00891861761426979,0.00613154960981048,0.124860646599777,0.130992196209588,0.250278706800446,0.749721293199554,0.931557431095872,0.85625741790848,0.754359457116182,551.281982421875,201386.109375,19.4714984893799,sewa_MBC1,57.0319900512695,0.408764898777008,1.44235730171204,55519.69140625,0.0438195280730724,1823.87622070312,7.25309178051248e-7,4.6410698890686,0.36768639087677,52.3770713806152,4,22,25,21,7,32,14,25,18,34,24.25,8.75,22,3.54838709677419,9
P-STP,153,1.6523449517018691,0.774317570165321,4.431005110732538,8,0.7946099558860669,tawa,0.0080488481820705,0,0,0,0.0441298917568693,0.0358034970857619,0,0,0,0,0,0,0,0,0,0.00582847626977519,0.628365251179573,0,0,7.605,1.23353995127517,32.0103617355907,123.639610306789,0.869788423988383,0.0879822370247016,0,0,0.0879822370247016,0.0879822370247016,0.0938107132944768,0.628365251179573,0.414447666754548,0.226469812813077,0.24252138876904,1657.57177734375,101337.6796875,33.192741394043,tawa_P-STP,848.712463378906,0.40330582857132,1.41670942306519,38006.27734375,0.173573032021523,1242.59887695312,NA,5.61184406280518,0.183018460869789,54.7943382263184,64,19,24,9,39,19,NA,54,20,20,28,18.375,30.9166666666667,4.98655913978495,25
P-RP,1012,1.5056831021676442,0.7260033745254574,3.64967998517526,8,0.7240805148825237,tawa,0,0,0,0,2.7754648903691e-4,0,0,0.00388565084651679,0,0.00471829031362753,0,0,0,0,0,0.00416319733555371,0.904524007771302,0,0,1.0575,1.23353995127517,8.88148764918124,63.5410196624968,0.353102760252288,2.7754648903691e-4,0.00388565084651679,0.00471829031362753,0.00416319733555371,0.00888148764918124,0.0130446849847349,0.904524007771302,0.243410648392198,0.113073273589879,0.355898712709671,1890.91357421875,83003.484375,58.6058235168457,tawa_P-RP,483.023162841797,0.402332037687302,0.885785102844238,53701.96484375,0.124647609889507,1223.94592285156,NA,2.27742290496826,0.13245165348053,54.8068542480469,42,15,14,19,30,18,NA,55,14,14,25.5,12.5,25.3333333333333,4.08602150537634,17
FRD1,139,1.4962971979387805,0.7278091196107862,3.6738923749762313,8,0.7195668490541102,sewa,0.0455944055944056,0,0,0,0.0763636363636364,0.327552447552448,0,0.0360839160839161,0,0.0195804195804196,0,0,0,0.151048951048951,0.217062937062937,0,0.126713286713287,0,0,30.1628571428571,2.17560217560218,89.8834498834499,60,0.869782793857989,0.449510489510489,0.0360839160839161,0.0195804195804196,0.485594405594406,0.505174825174825,0.656223776223776,0.343776223776224,0.956498813604007,0.929343527550751,0.806687909739488,56.1112060546875,135492.0625,2.03275394439697,sewa_FRD1,130.527221679688,0.401117503643036,0.116962738335133,22016.70703125,0.0361604541540146,1179.60620117188,NA,1.36604571342468,0.100000001490116,52.759220123291,9,11,8,6,2,11,NA,28,7,6,14.25,3.125,11.5833333333333,1.86827956989247,2
HFW1,142,1.492970541201448,0.746379686570125,3.9429018380915135,7,0.7672350863302937,sewa,0.0191453940066593,0,0,0,0.0160932297447281,0.0213651498335183,0,0,0,8.3240843507214e-4,0,0,0,0.0238623751387347,0,5.5493895671476e-4,0.918146503884573,0,0,2.41363636363636,3.39129362436799,27.3769885312616,155.065441938127,0.28327307654375,0.0566037735849057,0,8.3240843507214e-4,0.0566037735849057,0.0574361820199778,0.0818534961154273,0.918146503884573,0.625049439683586,0.427949901120633,0.538298621682613,1690.01232910156,97799.8984375,53.003589630127,sewa_HFW1,161.760589599609,0.454377353191376,1.64166378974915,211000,0.0540319159626961,5487.25439453125,1.45321491800132e-5,10.6546955108643,0.238535284996033,48.6684150695801,13,44,28,65,11,56,20,9,34,25,35.75,9.625,30.25,4.87903225806452,24
NRP1,115,1.4877084942685985,0.7349716446124763,3.7731811697574886,7,0.7645309291340305,sewa,0.0208739215140551,0,0,0,0.0133593097689953,0.0217088783746173,0,0,0,0,0,0,0,0.00445310325633176,0.00250487058168661,0,0.93543000278319,0.00166991372112441,0,1.77545454545455,3.40167609858676,25.4197977548938,121.453219851998,0.257641045194856,0.0559421096576677,0,0,0.0559421096576677,0.0559421096576677,0.0603952129139995,0.937934873364876,0.737903757415952,0.518391562294001,0.591359130292885,1750.91271972656,125898.234375,43.7139587402344,sewa_NRP1,169.665130615234,0.421798408031464,3.71784400939941,209619.359375,0.0599999986588955,8254.640625,1.61099592332903e-6,17.3865814208984,0.770943105220795,50.0327835083008,15,25,49,63,14,60,16,12,53,47,37.5,15.625,35.4166666666667,5.71236559139785,32
P-PDP,662,1.483414175607658,0.7427779958196803,3.8876922803967138,7,0.7623240858925657,tawa,0.157792567942318,0,0,0,0.00665557404326123,0.0135884636716583,0,0.00388241819190239,0,0.00665557404326123,0,0,0,0,0,0.00138657792567942,0.444814198557959,0,0,7.70625,2.46502742343009,34.6644481419856,63.9918566334224,1.04372647807231,0.178036605657238,0.00388241819190239,0.00665557404326123,0.18191902384914,0.188574597892402,0.189961175818081,0.444814198557959,0.379614978902954,0.307621308016878,0.282703749753812,881.924499511719,84868,25.6767234802246,tawa_P-PDP,490,0.40330582857132,0.899999976158142,52797.484375,0.119999997317791,1219.30004882812,NA,1.58000004291534,0.129999995231628,54.7943382263184,45,18,18,18,27,17,NA,53,11,11,24.75,12.625,24.9166666666667,4.01881720430108,15
P-RWSR,415,1.4796759560334816,0.7132994629118885,3.487959981367843,12,0.5954654095998818,tawa,0.1834582292534,0,0,0,0.0333055786844296,0.325284485151263,0,0.0249791840133222,0,0.0169303358312517,0,0,0,0.0657785179017485,0.0543991118512351,0.00222037191229531,0.103247293921732,0.190396891479323,0,23.49,2.77546489036914,60.9677120917754,61.5737865166653,0.987507120855633,0.542048293089092,0.0249791840133222,0.0169303358312517,0.567027477102415,0.583957812933666,0.65195670274771,0.157646405772967,0.797891963109354,0.752569169960474,0.697173324182178,43.0559883117676,66338.4765625,2.66921520233154,tawa_P-RWSR,324.967834472656,0.266131937503815,0.0448603369295597,9925.279296875,0.0448603369295597,46.2225151062012,2.30000001266717e-8,0.203086614608765,0.0448603369295597,58.5467872619629,24,2,3,2,8,2,6,72,2,3,19.5,4.75,16.1666666666667,2.60752688172043,7
RHF1,28,1.4777236536615048,0.6887755102040816,3.2131147540983607,8,0.7106348623139245,sewa,0.0950517193178641,0,0,0,0.0760413754542913,0.451216102879508,0,0.025440313111546,0,0.0100642996924797,0,0,0,0.127760693318423,0.0891808778305843,0,0.125244618395303,0,0,31.6125,2.48501226974808,58.9879787531451,65.2437961412556,0.665342623784773,0.622309197651663,0.025440313111546,0.0100642996924797,0.647749510763209,0.657813810455689,0.785574503774112,0.214425496225888,0.967474321833026,0.946273373716092,0.847479037960124,62.356086730957,137418.390625,2.05790114402771,sewa_RHF1,126.280250549316,0.408043593168259,0.129595130681992,23465.3359375,0.0377650074660778,1204.71276855469,2.90999992103025e-7,1.54453122615814,0.100500844419003,52.5020904541016,8,21,9,7,3,13,10,27,8,7,17.25,3.375,13.75,2.21774193548387,3
P-CUP,619,1.45135609054999,0.7405294380169172,3.854001750168479,7,0.7458494891218816,tawa,0,0,0,0,0.0300500834724541,0.0180856983861992,0,0,0,0,0,0,0,0,0,0.00584307178631052,0.774346132442961,0,0,4.365,1.23662894948371,24.1142645149323,327.738636073762,0.658118963299413,0.0481357818586533,0,0,0.0481357818586533,0.0481357818586533,0.0539788536449638,0.774346132442961,0.448048523206751,0.218486286919831,0.331496356440858,2166.70922851562,107747.171875,43.3325996398926,tawa_P-CUP,1099.23828125,0.42291185259819,3.05934238433838,59674.01953125,0.40920951962471,1832.01318359375,2.67069990513846e-5,8.46603012084961,0.709764182567596,54.6388206481934,71,27,44,22,55,33,25,47,27,45,33.5,26.875,40.25,6.49193548387097,41
P-PCNA2,125,1.414749457927542,0.690816,3.2343200165597183,8,0.680350675684138,tawa,0.0117024240735581,0,0,0,0.037057676232934,0.031763722485372,0,0,0,0,0,0,0,0,0,0.00724435775982168,0.803845082195598,0,0,4.725,1.85752763072351,31.763722485372,153.58830001499,0.629904159426822,0.080523822791864,0,0,0.080523822791864,0.080523822791864,0.0877681805516857,0.803845082195598,0.508767303889255,0.252340145023072,0.411390769776174,1916.34228515625,110701.6875,44.7434196472168,tawa_P-PCNA2,908.64306640625,0.407174855470657,1.93756806850433,52793.92578125,0.264837741851807,1379.16491699219,NA,6.61343955993652,0.264660060405731,54.7384910583496,66,20,32,15,46,22,NA,48,23,29,28.25,21.625,33.25,5.36290322580645,29
P-CCP,1079,1.4143210318657748,0.6729757842233696,3.057877526363481,8,0.6801446462992384,tawa,0.0421870663336109,0,0,0,0.106300305301138,0.0630030530113794,0,0.00138773244518457,0,0.00249791840133222,0,0,0,0.0335831251734666,0.0152650568970303,0,0.735775742436858,0,0,8.073,3.08384987818793,43.2047367934129,146.448587726669,0.635768718484221,0.211490424646128,0.00138773244518457,0.00249791840133222,0.212878157091313,0.215376075492645,0.248959200666112,0.751040799333888,0.820759694012134,0.630704299657083,0.673775227637718,754.403198242188,71848.015625,29.4804725646973,tawa_P-CCP,584.676391601562,0.462247550487518,2.60417318344116,97831.171875,0.100000001490116,1871.1279296875,4.55969675385859e-5,11.5483951568604,0.314018338918686,55.4027557373047,53,51,42,32,20,35,35,66,37,32,47.25,18.375,43.75,7.05645161290323,48
P-OB,239,1.402611781799769,0.7031389506486231,3.368579347761986,9,0.638356131761556,tawa,0.390785456563975,0,0,0,0.0155426033860672,0.0185956147654732,0,0,0,0,0,0,0,0,0,0.00555092978073827,0.0982514571190675,0,0,19.9414285714286,2.15869491473155,59.9500416319734,60,0.945345125934432,0.424923674715515,0,0,0.424923674715515,0.424923674715515,0.430474604496253,0.0982514571190675,0.526308848740604,0.521297639456679,0.362199892085671,0,84868,0.836609601974487,tawa_P-OB,490,0.40330582857132,0.899999916553497,52797.4765625,0.119999997317791,1219.30004882812,NA,1.57999992370605,0.129999995231628,54.7943382263184,44,17,16,16,26,16,NA,52,9,10,23.5,12,23.6666666666667,3.81720430107527,12
G-SB,251,1.3813366149835429,0.7243377089252552,3.6276271088846666,6,0.7709386436666441,tawa,0.205156639866925,0,0,0,0.00304962572775159,0.0235652897144441,0,0,0,0.00166343221513723,0,0,0,0,0,0.0110895481009149,0.377599112836152,0,0,13.23,1.84825801681915,41.4933924775899,63.5410196624968,1.07989502670375,0.231771555309121,0,0.00166343221513723,0.231771555309121,0.233434987524258,0.244524535625173,0.377599112836152,0.429400131839156,0.35174686882004,0.383154908307793,1100.23974609375,84449.6171875,19.1958599090576,tawa_G-SB,477.463409423828,0.402159839868546,0.88596647977829,53839.296875,0.120935566723347,1206.67492675781,NA,1.78083479404449,0.130311861634254,54.8090705871582,41,14,15,20,28,14,NA,56,12,12,24,12,24,3.87096774193548,13
DSP1,104,1.379666101026056,0.7194896449704142,3.5649307844429794,6,0.7700063120751686,sewa,0.0171983356449376,0,0,0,0.254646324549237,0.049375866851595,0,0.0158113730929265,0,0.0105409153952843,0,0,0,0.0260748959778086,0.0205270457697642,0.0346740638002774,0.379472954230236,0,0,14.72,2.77392510402219,65.5570966250578,80.9186588439132,1.12984110131756,0.32122052704577,0.0158113730929265,0.0105409153952843,0.337031900138696,0.347572815533981,0.408321775312067,0.4,0.719541139240506,0.639636075949367,0.598075399268281,234.136138916016,122888.9921875,12.351824760437,sewa_DSP1,1013.68402099609,0.43645179271698,5.77377843856812,43595.5703125,0.121693804860115,10111.7255859375,3.30266593664419e-5,9.79586124420166,1.18407166004181,50.5200805664062,70,32,58,12,29,63,29,17,31,55,35.75,26.5,41.5,6.69354838709677,44
P-DPV,341,1.358343402689744,0.6727152329271334,3.0554431510628794,10,0.5899210443178425,tawa,0.236915367483296,0,0,0,0.0141982182628062,0.00807349665924276,0,0,0,0,0,0,0,0,0,0.00194877505567929,0.0520601336302895,0,0,28.14,0.927988121752042,39.2538975501114,60,0.762523717563079,0.259187082405345,0,0,0.259187082405345,0.259187082405345,0.261135857461025,0.0520601336302895,0.304691618344755,0.301792303637322,0.179585659624741,0,84868,0.393925249576569,tawa_P-DPV,490,0.40330582857132,0.899999976158142,52797.48046875,0.119999997317791,1219.30004882812,NA,1.58000004291534,0.129999995231628,54.7943382263184,43,16,17,17,25,15,NA,51,10,9,23,11.75,23.1666666666667,3.73655913978495,10
P-TE1,129,1.3548004425719435,0.5991226488792741,2.4945285564383153,10,0.5883823562890784,tawa,0.189616879511383,0,0,0,0.0191560244308717,0.315657967795669,0,0.0313714602998334,0,0.0341476957245974,0,0,0,0.0238756246529706,0.128817323709051,0,0.152692948362021,0.104664075513604,0,19.899,3.08470602751558,84.7677216361281,60.7082039324994,1.08675382034965,0.524430871737923,0.0313714602998334,0.0341476957245974,0.555802332037757,0.589950027762354,0.613825652415325,0.281510272071072,0.873549578059072,0.783095991561181,0.720034921677382,55.7790756225586,68533.9609375,3.73581743240356,tawa_P-TE1,305.893402099609,0.282026529312134,0.0483367294073105,10854.7177734375,0.0462525449693203,46.674732208252,2.30000001266717e-8,0.344650417566299,0.0504209101200104,58.3983917236328,22,3,4,3,9,4,7,71,4,4,20.5,4.875,16.9166666666667,2.72849462365591,8
FGL1,27,1.3207345904911372,0.7215363511659808,3.5911330049261085,5,0.8206185403534265,sewa,0,0,0,0,0.00334261838440111,0.00835654596100279,0,0.00724233983286908,0,0.00807799442896936,0,0,0,0.00194986072423398,0.00473537604456825,0.00139275766016713,0.953760445682451,0.011142061281337,0,1.635,1.85701021355617,15.5988857938719,216.925824035673,0.22670904567165,0.0116991643454039,0.00724233983286908,0.00807799442896936,0.018941504178273,0.0270194986072423,0.0303621169916435,0.958495821727019,0.604614370468029,0.450362557679631,0.551969321334661,1180.5966796875,56383.08984375,49.78955078125,sewa_FGL1,414.876281738281,0.457268536090851,5.4626784324646,244781.21875,0.375022143125534,11932.498046875,0.027448171749711,21.7037334442139,1.10559916496277,50.936710357666,36,46,57,73,54,65,54,18,56,52,46.25,24.875,47.4166666666667,7.64784946236559,55
SWD1,43,1.2896740274149474,0.6284478096268253,2.6914119359534205,7,0.6627613448858619,sewa,0.0395763656633222,0,0,0,0.0270345596432553,0.0256410256410256,0,0,0,0.00418060200668896,0,0,0,0.00808249721293199,0.012263099219621,0.00139353400222965,0.881828316610925,0,0,1.425,7.43218134522482,51.0962467484207,110.045836713325,0.402652467179144,0.0922519509476031,0,0.00418060200668896,0.0922519509476031,0.0964325529542921,0.105908584169454,0.894091415830546,0.860869565217391,0.7133069828722,0.68740967016996,1405.32141113281,204164.5625,30.4090557098389,sewa_SWD1,40.0300979614258,0.419935673475266,1.83664298057556,90487.125,0.0480549298226833,2410.13037109375,3.67102217069259e-7,5.44535207748413,0.457568317651749,52.3298377990723,2,24,30,31,10,44,12,24,19,39,27.75,10.125,25.25,4.07258064516129,16
P-GP,176,1.2868000224328573,0.6377840909090908,2.76078431372549,8,0.6188200036598968,tawa,0,0,0,0,8.3194675540765e-4,0.00249584026622296,0,0,0,0,0,0,0,0,0,0.00471436494731004,0.710205213533001,0,0,0.522,1.5406421396438,6.19338140136809,354.123583406904,0.638724254285938,0.00332778702163062,0,0,0.00332778702163062,0.00332778702163062,0.00804215196894065,0.710205213533001,0.308148734177215,0.147811181434599,0.174062714500898,3156.25708007812,74638.7734375,43.076042175293,tawa_P-GP,1313.63781738281,0.462815433740616,5.24815368652344,80270.5625,0.549712181091309,2413.89404296875,3.20275939884596e-5,13.4843721389771,1.81047415733337,54.4302825927734,74,52,55,26,62,45,28,41,42,62,45,31.625,51.0833333333333,8.23924731182796,62
MPO1,74,1.2823465936262928,0.693571950328707,3.2634088200238374,5,0.7967667368335338,sewa,0.0391280044717719,0,0,0,0.0494689770821688,0.477361654555618,0,0.0346562325321409,0,0.00111794298490777,0,0,0,0.03381777529346,0.0201229737283399,0,0.306316377864729,0.0380100614868642,0,25.5825,2.48431774423949,76.4859325507732,64.6352549156242,0.853373570161449,0.565958636109558,0.0346562325321409,0.00111794298490777,0.600614868641699,0.601732811626607,0.635550586920067,0.326439351593069,0.909150843881857,0.856276371308017,0.790414772404138,544.084716796875,104551.6796875,10.7518844604492,sewa_MPO1,109.320831298828,0.383472383022308,0.215926453471184,39256.890625,0.201687082648277,4715.0087890625,4.72254413352857e-7,3.7944118976593,0.887447714805603,54.8398132324219,7,9,11,10,42,55,13,59,16,49,34.75,13.625,32.25,5.20161290322581,26
P-WWP,158,1.2212260981580345,0.6113603589168402,2.5730777159348586,7,0.6275860675020924,tawa,0.053873923910025,0,0,0,0.0430435990002777,0.144404332129964,0,0.00194390447098028,0,0.00222160510969175,0,0,0,0.00971952235490142,0.00138850319355735,0,0.743404609830603,0,0,9.19,2.77700638711469,42.7658983615662,101.928795980134,0.578097311715793,0.241321855040267,0.00194390447098028,0.00222160510969175,0.243265759511247,0.245487364620939,0.25520688697584,0.74479311302416,0.82201713909031,0.635728411338167,0.67607661271167,1124.80737304688,68550.7421875,30.7639217376709,tawa_P-WWP,146.668090820312,0.445561438798904,2.09745788574219,101786.8828125,0.115418270230293,1265.80700683594,4.88962614326738e-5,9.16707992553711,0.406251639127731,55.6429214477539,11,37,35,35,24,20,37,69,30,38,39,13.5,35,5.64516129032258,31
P-SCP2,188,1.1797578391631982,0.6293005885015845,2.6976034193252945,7,0.6062755979436866,tawa,0.0439621591541458,0,0,0,0.0511964385086255,0.0322760155815248,0,0.00445186421814135,0,0,0,0,0,0.00222593210907067,0,0.00139120756816917,0.864496382860323,0,0,4.383,3.09157237370927,46.373585605639,89.7729619034375,0.396716521593527,0.127434613244296,0.00445186421814135,0,0.131886477462437,0.131886477462437,0.135503617139677,0.864496382860323,0.645220830586684,0.51641397495056,0.603709677722362,1460.72155761719,55137.203125,35.6471786499023,tawa_P-SCP2,306.759735107422,0.608240246772766,2.58870410919189,188665.421875,0.213079795241356,1478.04626464844,6.05348795943428e-5,17.0813236236572,1.78223860263824,54.8431205749512,23,69,41,56,43,26,41,61,52,61,52,21,48.6666666666667,7.8494623655914,56
P-MKP2,188,1.1777744596425839,0.6360909913988231,2.747939667236822,6,0.6573284416071792,tawa,0.00388565084651679,0,0,0,0.0019428254232584,0.00360810435747988,0,0,0,0,0,0,0,0,0,0,0.98834304746045,0.00222037191229531,0,3.06,0.308384987818793,3.33055786844296,0,0.069159696281661,0.00943658062725507,0,0,0.00943658062725507,0.00943658062725507,0.00943658062725507,0.98834304746045,0.242124686964545,0.153947541847898,0.359781674818789,1151.49658203125,65988.3671875,69.3052444458008,tawa_P-MKP2,375.81787109375,0.553490579128265,5.09002304077148,231000,0.56921911239624,1697.95031738281,5.92558499192819e-5,33.8298492431641,3.42867040634155,54.0700950622559,30,61,53,70,63,29,40,34,71,71,48.75,27.125,50.5833333333333,8.15860215053764,61
TMF1,26,1.1773699448656585,0.665680473372781,2.9911504424778763,5,0.7315410776455578,sewa,0.0391014975041597,0,0,0,0.252079866888519,0.489462007764836,0,0.0346644481419856,0,0,0,0,0,2.7731558513588e-4,0.0607321131447587,0,0.123682750970605,0,0,29.41,2.77315585135885,37.4376039933444,70.0731971348758,0.594885744384987,0.780643372157515,0.0346644481419856,0,0.815307820299501,0.815307820299501,0.815585135884637,0.184414864115363,0.988272499670576,0.963895111345368,0.854171628122399,45.1375465393066,116052,2.6757972240448,sewa_TMF1,297.000030517578,0.376994639635086,0.0700000002980232,67000,0.150000020861626,2809.18017578125,NA,0.839999973773956,0.25,56.6521224975586,21,6,5,23,33,49,NA,70,6,26,32.75,10.625,28.9166666666667,4.66397849462366,22
P-WBC,488,1.1457275944563394,0.6097067320612739,2.5621758870742153,8,0.5509785062439342,tawa,0.00278706800445931,0,0,0,0.00975473801560758,0.0156075808249721,0,0,0,0.00139353400222965,0,0,0,0,0,0,0.967391304347826,0.00306577480490524,0,1.36285714285714,2.16771955902391,18.5804533630621,180.493720118159,0.153861732366836,0.028149386845039,0,0.00139353400222965,0.028149386845039,0.0295429208472687,0.0295429208472687,0.967391304347826,0.68759066332586,0.471185546617434,0.583752539568411,1816.97033691406,64678.7578125,43.9511833190918,tawa_P-WBC,328.800567626953,0.457469791173935,1.98890578746796,102453.0703125,0.115317523479462,1888.19128417969,4.37265625805594e-5,10.7983999252319,0.294595569372177,55.2278633117676,25,47,34,37,23,36,33,65,35,31,45.75,14.125,39.9166666666667,6.43817204301075,39
G-CLP3,350,1.1297405027874712,0.6095183673469388,2.5609399172136973,7,0.5805717716904502,tawa,0.0255059606321042,0,0,0,0.00194067091766011,0.00304962572775159,0,0,0,0.00388134183532021,0,0,0,0.00332686443027447,0,0,0.962295536456889,0,0,3.06,1.23217201121277,11.8288513076425,449.558446992749,0.160578900887913,0.0304962572775159,0,0.00388134183532021,0.0304962572775159,0.0343775991128362,0.0377044635431106,0.962295536456889,0.454449571522742,0.264601186552406,0.503881892560439,1536.13793945312,56407.65625,52.5802116394043,tawa_G-CLP3,508.200531005859,0.436744540929794,1.32943391799927,121348.5,0.300474256277084,1381.04321289062,NA,14.1710348129272,0.402395099401474,54.3919296264648,48,33,23,41,49,23,NA,37,43,37,34,19.625,35.75,5.76612903225806,35
P-UWT,242,1.1075120153917182,0.6445939485007854,2.8136830979148653,5,0.688135905607397,tawa,0,0,0,0,0,0,0,0,0,0,0,0,0,0,0,0.00361613351877608,0.970514603616134,0.0258692628650904,0,1.17,0.309071240921032,2.78164116828929,NA,0.143921922780764,0,0,0,0,0,0.00361613351877608,0.970514603616134,0.0970720126615669,0.0261144816671063,0.265200580279865,2291.3662109375,62460.62109375,77.654899597168,tawa_P-UWT,332.173950195312,0.488122791051865,6.70876598358154,202982.90625,0.704766690731049,2309.98706054688,4.46326266683172e-5,32.8105812072754,3.25052094459534,53.4902153015137,27,58,62,61,70,42,34,30,69,69,49.75,28.5,52.1666666666667,8.41397849462366,64
P-BLP,42,1.106986070358284,0.5442176870748299,2.1940298507462686,7,0.5688783065835263,tawa,0.0355244755244755,0,0,0,0.00531468531468531,0.085034965034965,0,0.0013986013986014,0,0,0,0,0,0.00167832167832168,5.5944055944055e-4,0,0.861538461538461,0.00895104895104895,0,4.61,2.7972027972028,41.7715617715618,87.6678844812631,0.438935627421133,0.125874125874126,0.0013986013986014,0,0.127272727272727,0.127272727272727,0.128951048951049,0.862097902097902,0.581751054852321,0.410337552742616,0.539703698175439,1538.92529296875,60285.33203125,48.6904983520508,tawa_P-BLP,77.8189849853516,0.447197616100311,1.50571441650391,98904.296875,0.137524455785751,1681.01196289062,7.82310235081241e-6,8.47578048706055,0.377753078937531,55.6214866638184,6,39,26,34,32,28,18,68,28,35,40.75,12.375,35.4166666666667,5.71236559139785,33
BRF1,7,1.0789922078775833,0.653061224489796,2.882352941176471,4,0.7783283537314115,sewa,0.00726866088901314,0,0,0,0.0162147050601062,0.00922560805143975,0,0.0103438635728264,0,0.0134190662566396,0,0,0,0.0958904109589041,0.0125803746155997,0.0757618115739447,0.74811294380766,0.0111825552138664,0,6.12,3.72751840462212,56.099151989563,119.115628718017,0.659534712947891,0.0327089740005591,0.0103438635728264,0.0134190662566396,0.0430528375733855,0.0564719038300252,0.228124126362874,0.76069331842326,0.550178029803508,0.421337201635237,0.516446503303058,1120.31274414062,59065.57421875,46.226863861084,sewa_BRF1,404.630401611328,0.448966652154922,5.27032279968262,234674.75,0.331727117300034,10776.34375,0.0540226623415947,22.1714859008789,1.23164892196655,51.1714897155762,34,40,56,71,52,64,55,19,57,56,45,24.75,46.5,7.5,53
DRP2,782,1.055397192282053,0.6226182455635428,2.6498366395410304,6,0.5890283882449638,sewa,0.00695410292072323,0,0,0,0.00305980528511822,0.00278164116828929,0,0,0,0,0,0,0,0,0,0.0169680111265647,0.941307371349096,0.0289290681502086,0,1.20375,2.47256992736826,17.9879462216041,160.061345159392,0.264031684693312,0.0127955493741307,0,0,0.0127955493741307,0.0127955493741307,0.0297635605006954,0.941307371349096,0.492946605141727,0.202373104812129,0.480328032761791,4354.4560546875,118235.390625,59.3070182800293,sewa_DRP2,911.598510742188,0.466822147369385,13.446385383606,122068.125,0.151335477828979,8737.9150390625,4.98075678478926e-5,28.1381950378418,0.948038101196289,47.9612007141113,67,53,71,42,34,61,38,8,65,50,46.75,27.75,49.6666666666667,8.01075268817204,59
G-CBP1,366,1.01733793727226,0.5205440592433337,2.08569738112291,6,0.5677871135853745,tawa,0.00389321468298109,0,0,0,0.00723025583982202,0.0158509454949944,0,0.00778642936596218,0,0,0,0,0,0.00444938820912125,0,0,0.960789766407119,0,0,12.69,0.308985292300087,8.89877641824249,0,0.16542605434556,0.0269744160177976,0.00778642936596218,0,0.0347608453837597,0.0347608453837597,0.039210233592881,0.960789766407119,0.517332278898115,0.303281929616449,0.521033096566113,2397.47265625,50224.0078125,50.4276390075684,tawa_G-CBP1,587.589111328125,0.608240246772766,1.56479895114899,118649.421875,0.178760036826134,2027.71643066406,NA,10.187313079834,0.166952699422836,54.8431205749512,54,68,27,40,40,38,NA,60,32,19,49.5,17.5,44.6666666666667,7.20430107526882,50
HCN1,31,1.0114856011251054,0.5681581685744017,2.3156626506024094,5,0.628471339783057,sewa,0,0,0,0,0.0144324174299195,0.00943658062725507,0,0.00555092978073827,0,0.00249791840133222,0,0,0,0.0108243130724396,0,0.00749375520399667,0.852900360810436,0.0968637246738829,0,2.715,1.85030992691276,19.0581922472014,137.360679774998,0.512087570660738,0.0238689980571746,0.00555092978073827,0.00249791840133222,0.0294199278379128,0.0319178462392451,0.0502359145156814,0.852900360810436,0.264205669083718,0.162162162162162,0.304928179877132,843.696472167969,61698.06640625,65.3861236572266,sewa_HCN1,378.768341064453,0.590599179267883,10.3587408065796,216355.859375,0.611116945743561,15795.01953125,0.0035276566632092,16.4953022003174,1.39366972446442,50.2934112548828,31,67,67,67,65,67,53,15,50,58,49.75,27.625,51.5833333333333,8.31989247311828,63
DOS1,6,1.0114042647073518,0.6111111111111112,2.571428571428571,4,0.7295739585136225,sewa,0.0499168053244592,0,0,0,0.0257903494176373,0.370493621741542,0,0.0293954520244038,0,0.0183028286189684,0,0,0,0.149750415973378,0.10648918469218,0,0.246256239600666,0.0036051026067665,0,26.11125,2.46502742343009,67.6650027731559,60.8852549156242,0.887477075537887,0.446200776483638,0.0293954520244038,0.0183028286189684,0.475596228508042,0.493899057127011,0.643649473100388,0.352745424292845,0.977185810365291,0.93393116180931,0.819565816953254,508.240600585938,126155.4609375,8.84261417388916,sewa_DOS1,140.527191162109,0.372566968202591,0.0799999982118607,16832.884765625,0.0300590991973877,1092.77941894531,NA,0.752304911613464,0.100000001490116,53.7619857788086,10,5,6,5,1,8,NA,32,5,5,12.5,2.75,10.1666666666667,1.63978494623656,1
G-IP,89,1.004260795807255,0.5552329251357152,2.2483678682940678,6,0.5604886219688412,tawa,0,0,0,0,0,0,0,0,0,0,0,0,0,0,0,0,1,0,0,0,0,0,0,0,0,0,0,0,0,0,1,0.276166622726074,0.166359082520432,0.379667036932631,1004.78826904297,56664.47265625,65.0485916137695,tawa_G-IP,566.400939941406,0.494505017995834,4.73277187347412,193194.796875,0.801757395267487,3622.73120117188,9.17967554414645e-6,22.3684864044189,1.51410579681396,54.423583984375,52,60,52,58,72,51,19,40,58,59,52.25,29.375,54.4166666666667,8.77688172043011,67
IRP1,511,0.9919775463834115,0.5781074674193191,2.370271864929878,5,0.6163503038667413,sewa,0.0169256381798002,0,0,0,0.00221975582685905,0.0346836847946726,0,0.0013873473917869,0,0,0,0,0,0.00499445061043285,0,0.00471698113207547,0.907047724750278,0.0280244173140955,0,2.6325,2.46639536317672,26.267110617832,80.6705851807515,0.366213899034523,0.0538290788013319,0.0013873473917869,0,0.0552164261931188,0.0552164261931188,0.0649278579356271,0.907047724750278,0.777939042089985,0.508642301095131,0.5995804710262,2392.12036132812,131548.046875,42.1786499023438,sewa_IRP1,502.174499511719,0.450740844011307,1.02703893184662,85297.265625,0.0732424408197403,3786.73120117188,3.76666466763709e-5,4.51454877853394,0.135660201311111,47.1795845031738,47,43,19,27,15,52,31,7,17,15,29.75,12,27.8333333333333,4.48924731182796,19
JBP1,137,0.9907412712691765,0.47972720976077565,1.9220686123911928,7,0.5091402970225294,sewa,0.0152608213096559,0,0,0,0.0882352941176471,0.0357935627081021,0,0.00499445061043285,0,0.00166481687014428,0,0,0,0.0815760266370699,0.00554938956714761,0.0013873473917869,0.729467258601554,0.0360710321864595,0,4.640625,4.93279072635343,68.1650018497965,87.4730697086622,0.716277208081371,0.139289678135405,0.00499445061043285,0.00166481687014428,0.144284128745838,0.145948945615982,0.228912319644839,0.735016648168701,0.855842785544711,0.657214455288842,0.662095095062286,1637.70617675781,134804.484375,30.1078224182129,sewa_JBP1,435.225891113281,0.436911106109619,1.74630010128021,209990.46875,0.0599999986588955,18145.111328125,3.04511631838977e-5,8.50245666503906,0.284368067979813,49.5427093505859,38,34,29,64,13,68,26,11,29,30,35.5,13.75,32.8333333333333,5.29569892473118,28
PHN1,208,0.990527660187082,0.5147466715976332,2.060779270267696,5,0.615449438921826,sewa,0.00556328233657858,0,0,0,0,0,0,0.0386648122392211,0,0,0,0,0,0,0,0.00166898470097357,0.954102920723227,0,0,2.475,1.85442744552619,17.060732498841,91.1339203004914,0.186252453481337,0.00556328233657858,0.0386648122392211,0,0.0442280945757997,0.0442280945757997,0.0458970792767733,0.954102920723227,0.497694030834102,0.168533403610489,0.501300648690283,4215.4912109375,111462.4375,61.7296104431152,sewa_PHN1,857.042541503906,0.444061040878296,8.24829959869385,88047.4609375,0.103112496435642,5936.1103515625,1.93612831935752e-5,20.8353939056396,0.970369040966034,48.8975410461426,65,36,64,29,21,58,23,10,55,51,39.75,25.125,43.25,6.9758064516129,47
G-TNC1,745,0.9654629391662138,0.44546461871086884,1.8033114454758414,9,0.43940111954176386,tawa,0.0370061213132999,0,0,0,0,0.00500834724540901,0,0,0,0.00194769059543684,0,0,0,0.00417362270450751,0,0.00166944908180301,0.950194769059544,0,0,5.37,0.927471712112781,14.4685587089594,270.880074906351,0.197941357927201,0.042014468558709,0,0.00194769059543684,0.042014468558709,0.0439621591541458,0.0498052309404563,0.950194769059544,0.394962415930371,0.278649610971911,0.46306651919097,1538.07104492188,51703.21484375,58.9044036865234,tawa_G-TNC1,621.366943359375,0.439851135015488,2.29667091369629,135471.671875,0.42327031493187,1646.5146484375,1.10000000219657e-8,15.626371383667,0.694644570350647,54.3919258117676,57,35,37,45,57,27,2,36,45,44,35.75,24.375,40.0833333333333,6.46505376344086,40
B-TP,93,0.9355618561597459,0.4899988437969708,1.960779868510542,6,0.5221470137187636,tawa,0.0246947835738069,0,0,0,0.0271920088790233,0.0221975582685905,0,0,0,0,0,0,0,0,0,0.0330188679245283,0.38873473917869,0,0,8.685,1.23319768158836,27.5619681834998,61.7705098312484,0.95184288473616,0.0740843507214206,0,0,0.0740843507214206,0.0740843507214206,0.107103218645949,0.38873473917869,0.332630191166777,0.188398154251813,0.240234441073352,1109.68823242188,83733.1953125,19.2890548706055,tawa_B-TP,292.051727294922,0.401354283094406,0.179999992251396,86991.640625,0.169998183846474,880.153076171875,2.63999993421749e-7,12.1992015838623,0.200029149651527,55.1841239929199,20,12,10,28,38,5,9,64,40,22,30.25,11.25,27.6666666666667,4.46236559139785,18
G-KP1,40,0.9352649419016507,0.5275,2.1164021164021163,5,0.5811127814723613,tawa,0,0,0,0,0,0,0,0,0,0,0,0,0,0,0,0,1,0,0,0,0,0,0,0,0,0,0,0,0,0,1,0.233641160949868,0.0507915567282322,0.425164714314309,2005.31677246094,75941.5390625,62.2908210754395,tawa_G-KP1,498.831390380859,0.418147355318069,1.09033143520355,90453.4609375,0.197648614645004,1133.50427246094,NA,8.4035816192627,0.191570580005646,54.6106338500977,46,23,21,30,41,9,NA,46,26,21,26,16.125,28.0833333333333,4.52956989247312,20
P-RT,83,0.9321458734307512,0.5251850776600379,2.1060837664322842,5,0.579174795268108,tawa,0,0,0,0,0.0117416829745597,0.00838691641039978,0,0,0,0.00167738328207996,0,0,0,0.0120212468549063,0.088621750069891,0.00223651104277327,0.847917249091417,0.0273972602739726,0,1.935,1.86375920231106,13.3258782965241,202.525179859257,0.573023897433204,0.0201285993849595,0,0.00167738328207996,0.0201285993849595,0.0218059826670394,0.036063740564719,0.936538999161308,0.393459915611814,0.204905063291139,0.422282432967713,841.888061523438,65154.90234375,58.1634292602539,tawa_P-RT,352.390533447266,0.445954859256744,4.18606376647949,98766.8359375,0.0899999961256981,1427.6357421875,2.1284876856952e-4,10.5133934020996,0.803740620613098,55.0323066711426,28,38,51,33,17,25,44,62,33,48,39.5,18,38.3333333333333,6.18279569892473,37
TCC1,32,0.9162607129048043,0.537109375,2.160337552742616,4,0.6609423933345737,sewa,0.00471305794288883,0,0,0,0.021624618796784,0.0779040754089271,0,0,0,0.00471305794288883,0,0,0,0,0.00582201275298032,5.5447740504574e-4,0.884668699750485,0,0,3.95,2.77238702522872,29.7569540707883,105.341816631183,0.380576553156932,0.1042417521486,0,0.00471305794288883,0.1042417521486,0.108954810091489,0.109509287496535,0.890490712503465,0.658932102834542,0.379696769940672,0.585335786907333,2001.05615234375,83163.5078125,44.2534637451172,sewa_TCC1,164.920318603516,0.422573685646057,3.36676144599915,122758.921875,0.312171965837479,4344.30126953125,0.00216043926775455,12.094988822937,0.651664614677429,53.773567199707,14,26,47,43,50,54,50,33,39,43,38,19.25,38.1666666666667,6.15591397849462,36
P-OV1,69,0.9134812918422195,0.43394244906532253,1.7666048237476812,6,0.5098236161329038,tawa,0.149875104079933,0,0,0,0.0152650568970303,0.28864834859839,0,0.0824313072439634,0,0.0338606716625035,0,0,0,0.111573688592839,0.231473771856786,0,0.086872051068554,0,0,18.42,3.70061985382552,75.5851605143862,65.5901699437495,0.812201336214067,0.453788509575354,0.0824313072439634,0.0338606716625035,0.536219816819317,0.570080488481821,0.68165417707466,0.31834582292534,0.969141500725307,0.92113939074245,0.807126899832128,14.4591150283813,68914.484375,1.92624938488007,tawa_P-OV1,288.067657470703,0.29457825422287,0.042827632278204,13317.3076171875,0.042827632278204,42.7952499389648,2.07378914041101e-8,0.222414538264275,0.042827632278204,58.6349792480469,19,4,2,4,6,1,5,73,3,2,20.25,3.625,15.9166666666667,2.56720430107527,5
SVP1,21,0.8324075743474854,0.526077097505669,2.1100478468899526,4,0.6004551397547642,sewa,0.00749167591564928,0,0,0,0.0785238623751387,0.00887902330743618,0,0.0105438401775805,0,0.00527192008879023,0,0,0,0.0480022197558269,0.277469478357381,0,0.563817980022198,0,0,7.35428571428571,2.15809594277963,42.8227894931558,174.092120325269,0.970945227683147,0.0948945615982242,0.0105438401775805,0.00527192008879023,0.105438401775805,0.110710321864595,0.158712541620422,0.841287458379578,0.800844104457927,0.718543919810076,0.688744390497843,165.687530517578,156339.53125,24.3085651397705,sewa_SVP1,59.0307579040527,0.425449162721634,3.68738079071045,141925.578125,0.0550398677587509,2970.31860351562,7.89621424246434e-7,11.6246871948242,1.18197548389435,51.3523216247559,5,28,48,47,12,50,15,20,38,54,34,14.875,32.5833333333333,5.25537634408602,27
BGP1,260,0.8182128896268901,0.3726331360946745,1.5939636878094787,6,0.45665330848197017,sewa,0,0,0,0,0,0,0,0.00363331470095025,0,0,0,0,0,0,0.00558971492453885,0.00251537171604248,0.988261598658469,0,0,0.495,1.24215887211974,4.65809577044904,496.416847772038,0.0719682596383672,0,0.00363331470095025,0,0.00363331470095025,0.00363331470095025,0.00614868641699273,0.993851313583007,0.654363300817295,0.294621671500132,0.53296147786643,3211.52905273438,145577.15625,53.5740013122559,sewa_BGP1,1216.28515625,0.449933677911758,3.222980260849,103760.0078125,0.0901646688580513,6233.92236328125,2.00530939764576e-5,7.49799251556396,0.147402912378311,47.1617393493652,73,42,46,39,18,59,24,5,24,17,32.5,19.25,34.5,5.56451612903226,30
TMP1,29,0.8167753243474006,0.530321046373365,2.1291139240506327,4,0.5891788549782347,sewa,0,0,0,0,0.0525876460767947,0,0,0,0,0.00333889816360601,0,0,0,0.00890372843628269,0,0.00751252086811352,0.765720645520312,0.161936560934891,0,2.6,2.78241513633834,20.3116304952699,121.054544367288,0.689210274789738,0.0525876460767947,0,0.00333889816360601,0.0525876460767947,0.0559265442404007,0.0723427935447969,0.765720645520312,0.231387534589537,0.184741072605086,0.256631297979666,601.125,90758.0546875,61.5197715759277,sewa_TMP1,649.541931152344,0.618502259254456,10.5675497055054,177338,1.44930899143219,102787.578125,0.0017424087272957,77.1113052368164,2.62782454490662,50.5100021362305,60,74,68,53,74,74,49,16,74,66,59.5,33.5,62,10,74
P-JCP,27,0.7743112444987517,0.44993141289437577,1.817955112219451,4,0.5585474962714554,tawa,0.00554785020804438,0,0,0,0.0244105409153953,0.0163661581137309,0,0,0,0,0,0,0,0,0,0,0.953675450762829,0,0,7.515,0.61642780089382,14.8867313915858,134.164078649987,0.187547475254437,0.0463245492371706,0,0,0.0463245492371706,0.0463245492371706,0.0463245492371706,0.953675450762829,0.386441572144553,0.161698760221577,0.493610657243521,2232.93505859375,83236.4296875,55.8121910095215,tawa_P-JCP,634.412841796875,0.402061611413956,1.0671272277832,48109.97265625,0.159438356757164,1288.61511230469,NA,5.96436977386475,0.160521924495697,54.8103294372559,59,13,20,13,37,21,NA,57,21,18,28,16.75,29.8333333333333,4.81182795698925,23
G-SERA,236,0.7622410054441767,0.4378411376041368,1.7788565953369533,5,0.4736069652363103,tawa,0.00418994413407821,0,0,0,0,0.00893854748603352,0,0,0,0.00391061452513967,0,0,0,0,0.0111731843575419,0,0.971787709497207,0,0,2.745,0.620732464307883,5.77281191806332,240,0.147412885754317,0.0131284916201117,0,0.00391061452513967,0.0131284916201117,0.0170391061452514,0.0170391061452514,0.982960893854749,0.251943602582685,0.137699301620767,0.383892599934988,1671.48645019531,54134.1015625,62.9800224304199,tawa_G-SERA,396.326629638672,0.470816373825073,2.36002206802368,161581.40625,0.526777803897858,2161.30004882812,1.10000009101441e-8,15.5524253845215,0.579131722450256,54.5822982788086,33,54,39,52,60,40,4,45,44,42,45.75,21.75,45,7.25806451612903,51
G-WLP1,142,0.7552912721175449,0.4829398928783971,1.934011126031076,5,0.4692888531346007,tawa,0.0185801442041043,0,0,0,0.00221852468108708,0.00194120909595119,0,0,0,0,0,0,0,0.00970604547975596,0,0,0.967554076539102,0,0,2.6325,1.23251371171504,10.7228692919209,167.936717991775,0.143144248557497,0.0227398779811425,0,0,0.0227398779811425,0.0227398779811425,0.0324459234608985,0.967554076539102,0.293023869181063,0.178557299221944,0.394618919023472,2490.78002929688,45439.90234375,64.9634094238281,tawa_G-WLP1,254.996734619141,0.455983400344849,1.8938285112381,181321.890625,0.229666352272034,994.98388671875,NA,19.7520904541016,0.228734329342842,54.7617721557617,17,45,31,54,44,6,NA,50,54,24,38.75,14.5,35.5,5.7258064516129,34
RWP1,134,0.7253778679320653,0.35263978614390734,1.544735030970406,7,0.3727704839219923,sewa,0.358590063835693,0,0,0,0.0566194837635304,0.331112961421038,0,0.00444074382459062,0,0.00388565084651679,0,0,0,0.080488481820705,0,0,0.164862614487927,0,0,67.7025,1.23353995127517,18.7806457581645,60,0.447645948305346,0.746322509020261,0.00444074382459062,0.00388565084651679,0.750763252844852,0.754648903691368,0.835137385512073,0.164862614487927,0.954119973632169,0.935266974291365,0.837658462914575,150.305770874023,110551.0625,5.94601106643677,sewa_RWP1,33.2607307434082,0.388611227273941,0.325540512800217,31236.001953125,0.0399999991059303,1392.998046875,2.96507892016962e-7,2.83782172203064,0.131086364388466,52.3770713806152,1,10,12,8,5,24,11,26,15,13,18.75,3.875,15.0833333333333,2.43279569892473,4
LWP2,57,0.7185820163130562,0.3921206525084642,1.6450632911392407,5,0.4464801100815867,sewa,0.0225438352351795,0,0,0,0.00222655162816588,0.0100194823267465,0,0.0514890064013359,0,0,0,0,0,0.00361814639576955,0.0155858613971611,0.00667965488449764,0.760367381018647,0.127470080712497,0,2.83909090909091,3.40167609858676,39.1501994619167,104.54967192121,0.761476538693267,0.0347898691900918,0.0514890064013359,0,0.0862788755914278,0.0862788755914278,0.096576676871695,0.775953242415808,0.490705339485827,0.270665787738958,0.468231997054086,3207.26416015625,119529.4296875,47.3494758605957,sewa_LWP2,829.928588867188,0.45876532793045,8.62626552581787,161416.890625,0.104161031544209,5886.00048828125,1.68681781360647e-5,29.9912567138672,0.510938048362732,46.7134284973145,63,50,65,51,22,57,22,2,66,41,43.75,23.875,45.0833333333333,7.2715053763440896,52
P-MCP,286,0.7178961877938042,0.40610787813585014,1.683807484869694,4,0.5178526350016066,tawa,0.00527045769764216,0,0,0,0,0,0,0.00360610263522885,0,0,0,0,0,5.5478502080443e-4,0,0.0013869625520111,0.931484049930652,0.0194174757281553,0,0.8775,1.23285560178764,5.36292186777624,382.063658303758,0.316519437380385,0.00527045769764216,0.00360610263522885,0,0.00887656033287101,0.00887656033287101,0.0108183079056865,0.931484049930652,0.0947923533289387,0.050098879367172,0.243300378080447,3751.208984375,45579.37890625,76.7912139892578,tawa_P-MCP,622.016418457031,0.48784914612770103,6.61827993392944,149535.59375,0.677077293395996,2009.36328125,4.67551908513997e-5,32.9899673461914,3.42342042922974,53.4935989379883,58,57,60,48,69,37,36,31,70,70,48.75,32.125,53.9166666666667,8.69623655913978,65
DWP1,23,0.6915021980540986,0.4045368620037808,1.6793650793650796,4,0.498813395948233,sewa,0,0,0,0,0,0,0,0.00473537604456825,0,0.00139275766016713,0,0,0,0,0,0.00334261838440111,0.928133704735376,0.0623955431754875,0,3.06,0.309501702259362,5.94243268337976,NA,0.286450690283474,0,0.00473537604456825,0.00139275766016713,0.00473537604456825,0.00612813370473538,0.00947075208913649,0.928133704735376,0.13529179291266,0.0599394019233303,0.222804275918018,930.53076171875,58974.82421875,78.0552749633789,sewa_DWP1,383.815063476562,0.590599179267883,17.1782054901123,203994.34375,0.449401527643204,14441.2890625,0.00227422104217112,27.6312503814697,2.80875825881958,50.1496849060059,32,66,74,62,59,66,52,13,64,68,52.25,29.125,54.25,8.75,66
TRN1,13,0.6870920273799715,0.37869822485207094,1.6095238095238094,4,0.4956321302677144,sewa,0.0438670019558536,0,0,0,0.0737636211232188,0.347024308466052,0,0.0231908354288907,0,0,0,0,0,0.0335289186923722,0,0,0.477228276054764,0.00139703827884884,0,20.9925,2.48362360684238,91.7388469777405,84.1768894816041,0.701782047827933,0.464654931545124,0.0231908354288907,0,0.487845766974015,0.487845766974015,0.521374685666387,0.477228276054764,0.96123417721519,0.888844936708861,0.779343557938981,109.919250488281,94875.0078125,9.26653003692627,sewa_TRN1,147.000015258789,0.383397102355957,0.0900000035762787,41000,0.430000007152557,1700.31005859375,NA,2.25000023841858,0.25,55.4303436279297,12,8,7,11,58,30,NA,67,13,27,29.5,13,28.3333333333333,4.56989247311828,21
MWP1,395,0.6698325808479823,0.31160390962986695,1.4526520617836824,6,0.3738406813815064,sewa,0,0,0,0,0.00167084377610693,0.0133667502088555,0,0,0,0,0,0,0,0,0.00891116680590365,0.00194931773879142,0.97270955165692,0.00139236981342244,0,2.745,0.618831028187753,5.29100529100529,678.822509939086,0.147363580615223,0.0150375939849624,0,0,0.0150375939849624,0.0150375939849624,0.0169869117237538,0.981620718462824,0.235992089650626,0.132102834541859,0.347996468702707,1261.38916015625,84471.46875,71.2711334228516,sewa_MWP1,457.703979492188,0.617654740810394,15.7420930862427,255325.109375,0.731558263301849,64798.23046875,0.00218713539652526,72.096305847168,3.43148708343506,45.0192375183105,39,73,73,74,71,72,51,1,73,72,54.75,31.875,57.75,9.31451612903226,72
RVP1,612,0.6597799220615346,0.3213561023537955,1.4735268429707846,5,0.40994431469784937,sewa,0.00361915367483296,0,0,0,0.017260579064588,0.0119710467706013,0,0.00584632516703786,0,0,0,0,0,0.00946547884187082,0.00417594654788419,0.00139198218262806,0.937360801781737,0.0089086859688196,0,5.34,0.927988121752042,14.8478099480327,62.3606797749979,0.274463776812554,0.0328507795100223,0.00584632516703786,0,0.0386971046770601,0.0386971046770601,0.049554565701559,0.941536748329621,0.530450830477195,0.237279198523596,0.484490867173421,6025.02001953125,89371.9453125,60.4018630981445,sewa_RVP1,825.08837890625,0.45811727643013,5.1115026473999,190407.9375,0.0938615426421165,4095.90356445312,7.0469477577717e-6,27.614294052124,0.215508133172989,46.9168472290039,62,49,54,57,19,53,17,3,63,23,42,19.75,41.1666666666667,6.63978494623656,43
G-JP,492,0.6194343141402103,0.3389021085332805,1.5126352888244559,6,0.3457128731721349,tawa,0,0,0,0,0,0,0,0,0,0,0,0,0,0,0,0,1,0,0,0,0,0,0,0,0,0,0,0,0,0,1,0.347837552742616,0.104166666666667,0.463820879295002,2645.55200195312,83815.203125,59.6759452819824,tawa_G-JP,1001.32403564453,0.431182593107224,2.32011675834656,102115.65625,0.359885811805725,1860.50744628906,NA,11.4721212387085,0.395248234272003,54.3919334411621,69,29,38,36,53,34,NA,39,36,36,34.5,24.5,39.3333333333333,6.34408602150538,38
WDG1,11,0.6001660731596457,0.31404958677685935,1.4578313253012045,4,0.4329283087286118,sewa,0,0,0,0,0.17913769123783,0.0250347705146036,0,0,0,0,0,0,0,0.00166898470097357,0.00556328233657858,0.00556328233657858,0.739082058414465,0.0439499304589708,0,17.1,1.23628496368413,33.9360222531294,153.651247353789,0.718190328050487,0.204172461752434,0,0,0.204172461752434,0.204172461752434,0.211404728789986,0.744645340751043,0.5042194092827,0.394119198312236,0.475482156960799,1065.21337890625,81032.1328125,48.7468643188477,sewa_WDG1,406.666198730469,0.609399795532227,11.2420034408569,150237.453125,0.586072564125061,32010.640625,9.7819615621119e-4,24.1096210479736,2.197589635849,52.1801376342773,35,71,69,49,64,71,46,22,60,63,56,28.875,56.5833333333333,9.12634408602151,71
G-SP,162,0.5498267952483205,0.28204541990550236,1.3928457700881014,4,0.3966161954263117,tawa,0,0,0,0,0,0,0,0.00444074382459062,0,0.0247016375242853,0,0,0,0,0.0413544268665001,0.00555092978073827,0.923952262003886,0,0,2.25,1.54192493909396,17.2078823202886,323.442522779138,0.321428996499989,0,0.00444074382459062,0.0247016375242853,0.00444074382459062,0.0291423813488759,0.0346933111296142,0.965306688870386,0.19280442804428,0.115972588297312,0.353427771170263,2579.30346679688,50860.62890625,65.2118453979492,tawa_G-SP,593.278503417969,0.474477261304855,2.7154393196106,200000,0.633449196815491,2521.01000976562,1.10000000219657e-8,15.8833637237549,0.509427785873413,54.5709762573242,55,55,43,59,68,46,1,44,47,40,48,25.75,49.1666666666667,7.93010752688172,57
G-OTP,301,0.5443372682958134,0.24154258783015636,1.3184655907562903,6,0.3038004138637708,tawa,0.00139314572304263,0,0,0,0,0,0,0,0,0,0,0,0,0,0,0,0.998606854276957,0,0,0.45,0.309587938453918,0.743011052289403,0,0.0105537671804829,0.00139314572304263,0,0,0.00139314572304263,0.00139314572304263,0.00139314572304263,0.998606854276957,0.204431548404115,0.127934581904511,0.362159219513816,1768.31066894531,53518.640625,68.1248321533203,tawa_G-OTP,552.407531738281,0.457472681999207,2.13337802886963,186417.328125,0.323993682861328,1182.8310546875,NA,16.5126819610596,0.358697980642319,54.7592277526855,51,48,36,55,51,12,NA,49,51,33,40,21.375,40.9166666666667,6.5994623655914,42
G-FP1,564,0.5384031331593607,0.2464601881193097,1.3270698962861598,6,0.3004885099847254,tawa,0.00194120909595119,0,0,0,0,0.0036051026067665,0,0,0,0,0,0,0,0,0,0,0.994453688297282,0,0,0.6,0.924385283786282,2.12608615270845,103.030878498449,0.0343418959132763,0.00554631170271769,0,0,0.00554631170271769,0.00554631170271769,0.00554631170271769,0.994453688297282,0.314914941316102,0.143610708162996,0.448632432607688,2293.82299804688,63875.41015625,59.9904937744141,tawa_G-FP1,924.361877441406,0.435139745473862,3.17654252052307,138523.59375,0.531384408473969,2063.740234375,1.47599994306802e-5,16.3977928161621,0.74531078338623,54.3919296264648,68,31,45,46,61,39,21,38,48,46,39,27.5,44.3333333333333,7.1505376344086,49
LTP1,9,0.5297061990576545,0.345679012345679,1.5283018867924527,3,0.482159360969681,sewa,0,0,0,0,0.0150964495387196,0.00642996924797316,0,0.013139502376293,0,0,0,0,0,0.0120212468549063,0.00251607492311993,0.00335476656415991,0.932625104836455,0.0148168856583729,0,2.685,1.86375920231106,14.5373217780263,213.360256007139,0.29239011923539,0.0215264187866928,0.013139502376293,0,0.0346659211629858,0.0346659211629858,0.050041934582052,0.935141179759575,0.456043231843944,0.214841175695268,0.457082776052088,3254.85913085938,109735.8125,61.2742919921875,sewa_LTP1,714.459106445312,0.433680832386017,6.94327354431152,49303.7421875,0.126274555921555,9034.18359375,3.15569777740166e-5,15.78759765625,1.23337316513062,50.2606964111328,61,30,63,14,31,62,27,14,46,57,38,26.5,43,6.93548387096774,46
P-LCC,94,0.5110287514547215,0.23268447261204162,1.303244837758112,5,0.3175200158431995,tawa,0.00222407561857103,0,0,0,0.0394773422296358,0.018348623853211,0,0.0252988601612455,0,0.010286349735891,0,0,0,0.0108423686405338,0.0642201834862385,0,0.79427300528218,0.0350291909924937,0,2.8725,3.70679269761839,43.2768047446947,103.874441191211,0.715149521973098,0.0600500417014178,0.0252988601612455,0.010286349735891,0.0853489018626633,0.0956352515985543,0.106477620239088,0.858493188768418,0.570166183065154,0.435373252439989,0.547250189398045,785.470642089844,71365.0546875,39.4885215759277,tawa_P-LCC,331.553253173828,0.581049025058746,3.76707291603088,221882.171875,0.24142861366272,1718.23034667969,7.42125994293019e-5,30.4342269897461,2.52501773834229,54.4378318786621,26,63,50,68,45,31,42,42,67,65,50.75,23.25,49.3333333333333,7.95698924731183,58
MGP1,71,0.4964990594637003,0.24876016663360456,1.3311328228148933,5,0.3084922106207871,sewa,0.00195476123987713,0,0,0,0,0.00502652890254119,0,0.00390952247975426,0,0.00726054174811505,0,0,0,0,0.0801452108349623,0.00865679977659872,0.426137950293214,0.466908684724937,0,1.728,1.55139780942629,15.4519221818859,375.173068960293,1.01839979877466,0.00698129014241832,0.00390952247975426,0.00726054174811505,0.0108908126221726,0.0181513543702876,0.0268081541468864,0.506283161128177,0.354647330257086,0.256954515491101,0.295900378001025,411.950897216797,87185.8125,20.1097774505615,sewa_MGP1,282.753356933594,0.449755549430847,1.11299884319305,69731.9296875,0.0800251364707947,2687.87915039062,3.44363870681264e-5,6.57991886138916,0.120313055813313,47.1751403808594,18,41,22,24,16,48,30,6,22,8,29.25,8,24.8333333333333,4.00537634408602,14
P-UCC,83,0.49166546506801284,0.2020612570764988,1.2532290340185557,6,0.274403720762719,tawa,0.0197606456999722,0,0,0,0.0576120233787921,0.0233787920957417,0,0.021987197328138,0,0.0381296966323407,0,0,0,0.0807124965210131,0.153075424436404,0.00473142220985249,0.572502087392151,0.0281102143055942,0,3.79285714285714,6.49410891548381,73.6617496984878,87.0648565838383,1.05212316783333,0.100751461174506,0.021987197328138,0.0381296966323407,0.122738658502644,0.16086835513498501,0.24631227386585,0.725577511828555,0.741693037974684,0.625395569620253,0.627943521877358,271.770721435547,85166.6015625,23.0533409118652,tawa_P-UCC,422.661315917969,0.581086874008179,2.58398723602295,211801.71875,0.158824577927589,2258.69213867188,5.45794791833032e-5,16.4874706268311,1.15235447883606,54.4381332397461,37,64,40,66,36,41,39,43,49,53,49.25,20.75,46.6666666666667,7.52688172043011,54
G-WP2,276,0.45465907677114825,0.20586536441923975,1.259232320560717,6,0.2537500622039572,tawa,0.0128563443264394,0,0,0,0.00894354387926216,0,0,0.0511458915595305,0,0,0,0,0,0.00810508664058133,0,0,0.901341531581889,0.0176076020122974,0,8.7,0.931619154089808,23.1041550214272,206.433169770932,0.368402613791035,0.0217998882057015,0.0511458915595305,0,0.072945779765232,0.072945779765232,0.0810508664058133,0.901341531581889,0.432396781427252,0.254320010552698,0.481270807385861,1565.41174316406,60150.65234375,52.4127922058105,tawa_G-WP2,532.73974609375,0.558541238307953,1.97591626644135,200000,0.287159442901611,1162.81689453125,1.10000000219657e-8,12.8251132965088,0.264510303735733,54.8134460449219,49,62,33,60,48,10,3,58,41,28,42.75,19.75,41.6666666666667,6.72043010752688,45
MSR1,173,0.4504538282564128,0.24197266864913636,1.319213646581743,5,0.27988269990182485,sewa,0,0,0,0,0,0,0,0,0,0,0,0,0,0,0.00138773244518457,0,0.998612267554815,0,0,0,0,0,0,0.0105181654328358,0,0,0,0,0,0,1,0.28558249868213,0.117422245651028,0.409976961369342,2159.53466796875,78423.8203125,63.8536148071289,sewa_MSR1,460.897857666016,0.608748614788055,14.8145694732666,241070.03125,0.414546281099319,31055.521484375,6.9454126060009e-4,30.5758380889893,3.44046878814697,47.0186233520508,40,70,72,72,56,70,45,4,68,73,53,30.125,55.4166666666667,8.93817204301075,69
P-GW1,239,0.4309654864801313,0.26169009646189667,1.3544447869489957,3,0.3922816911165334,tawa,0,0,0,0,0.00166389351081531,0,0,0,0,0,0,0,0,0.00970604547975596,0,0,0.930393788130893,0.0582362728785358,0,0.9225,1.23251371171504,7.210205213533,333.069758011279,0.283606293130444,0.00166389351081531,0,0,0.00166389351081531,0.00166389351081531,0.0113699389905713,0.930393788130893,0.120152993932999,0.078739118965972,0.197816134919076,356.407592773438,92236.40625,77.2014617919922,tawa_P-GW1,54.7982215881348,0.489999115467072,5.96682024002075,229366.953125,0.614851295948029,2564.59130859375,7.96850508777425e-5,25.6795444488525,4.56250810623169,53.1598777770996,3,59,59,69,66,47,43,29,62,74,49.25,25.25,49.6666666666667,8.01075268817204,60
P-WP,143,0.316251429316789,0.13272042642672,1.1530307301945304,5,0.1964980611389308,tawa,0.00528364849833148,0,0,0,0,0,0,0.00361512791991101,0,0,0,0,0,0,0,0.00194660734149055,0.840656284760845,0,0,1.17,0.92695587690026,5.93251761216166,320.416305603426,0.478192695529747,0.00528364849833148,0.00361512791991101,0,0.00889877641824249,0.00889877641824249,0.010845383759733,0.840656284760845,0.259957794777104,0.127407016618307,0.24333229110864,4567.5498046875,54801.02734375,59.9913787841797,tawa_P-WP,1120.3955078125,0.480819702148438,6.67470836639404,103616.203125,0.631382167339325,2366.2431640625,3.98693628085312e-5,22.69455909729,2.69100499153137,54.1286392211914,72,56,61,38,67,43,32,35,59,67,48.25,33.375,54.4166666666667,8.77688172043011,68
PGP1,37,0.21028341228613337,0.1022644265887509,1.1139137510170871,3,0.19140821057178242,sewa,0,0,0,0,0.137309292649098,0.0252427184466019,0,0,0,0.00332871012482663,0,0,0,0.0496532593619972,0.0013869625520111,0.00748959778085992,0.673231622746186,0.102357836338419,0,5.16857142857143,4.31499460625674,56.3106796116505,90.3270846283276,0.843445992872593,0.1625520110957,0,0.00332871012482663,0.1625520110957,0.165880721220527,0.223023578363384,0.674618585298197,0.622726074347482,0.496308990245188,0.556337393721259,1551.3125,90742.4296875,32.4371681213379,sewa_PGP1,536.419372558594,0.613836705684662,9.15058994293213,151363.625,1.19676470756531,76122.3359375,0.00104272714816034,51.0757904052734,2.32429313659668,52.3134689331055,50,72,66,50,73,73,47,23,72,64,60,31.625,61.0833333333333,9.85215053763441,73
WCP2,1,0,0,1,2,0,sewa,0.0365921787709497,0,0,0,0.117597765363128,0.023463687150838,0,0.00251396648044693,0,0.00363128491620112,0,0,0,0.00167597765363129,0.00223463687150838,0.00865921787709497,0.798603351955307,0.00502793296089385,0,12.51,1.55183116076971,35.7541899441341,101.222889556006,0.538075481771118,0.177653631284916,0.00251396648044693,0.00363128491620112,0.180167597765363,0.183798882681564,0.194134078212291,0.800837988826816,0.516277843679979,0.369315935152234,0.513010250831886,1364.03552246094,54790.89453125,51.4249038696289,sewa_WCP2,612.625427246094,0.585625767707825,13.1953067779541,123758.4140625,0.276528239250183,19582.31640625,0.00115555350203067,25.2269229888916,1.65935790538788,51.8477516174316,56,65,70,44,47,69,48,21,61,60,54,29.125,55.4166666666667,8.93817204301075,70
