city,site,season,species,count,lat,long,days.active
tawa,P-RWSR,Fall20,Black bear,1,46.9255981445312,-122.268463134766,36
tawa,P-RWSR,Winter19,Bobcat,3,46.9255981445312,-122.268463134766,35
tawa,P-RWSR,Summer19,Bobcat,1,46.9255981445312,-122.268463134766,36
tawa,P-OLT,Spring20,Bobcat,2,46.9126510620117,-122.272743225098,51
tawa,P-OLT,Summer20,Bobcat,5,46.9126510620117,-122.272743225098,44
tawa,P-OLT,Fall19,Bobcat,4,46.9126510620117,-122.272743225098,38
tawa,P-OLT,Fall20,Bobcat,2,46.9126510620117,-122.272743225098,36
tawa,P-OV1,Winter19,Bobcat,4,46.8688468933105,-122.341804504395,NA
tawa,P-TE1,Spring20,Bobcat,1,46.9221954345703,-122.279510498047,50
tawa,G-FP1,Winter19,Coyote,4,47.2466049194336,-122.480010986328,36
tawa,G-CBP1,Winter19,Coyote,7,47.1883201599121,-122.426826477051,35
tawa,P-OB,Winter20,Coyote,1,47.3131904602051,-122.530456542969,37
tawa,P-OB,Fall19,Coyote,1,47.3131904602051,-122.530456542969,36
tawa,P-RP,Spring19,Coyote,7,47.2971992492676,-122.512252807617,38
tawa,P-RP,Spring20,Coyote,8,47.2971992492676,-122.512252807617,51
tawa,P-RP,Winter19,Coyote,13,47.2971992492676,-122.512252807617,37
tawa,P-RP,Winter20,Coyote,25,47.2971992492676,-122.512252807617,35
tawa,P-RP,Summer19,Coyote,8,47.2971992492676,-122.512252807617,36
tawa,P-RP,Fall19,Coyote,11,47.2971992492676,-122.512252807617,36
tawa,P-RP,Fall20,Coyote,14,47.2971992492676,-122.512252807617,37
tawa,P-STP,Spring19,Coyote,2,47.2853088378906,-122.491737365723,38
tawa,P-STP,Summer19,Coyote,9,47.2853088378906,-122.491737365723,37
tawa,P-STP,Fall19,Coyote,5,47.2853088378906,-122.491737365723,36
tawa,P-DPV,Winter19,Coyote,9,47.3165092468262,-122.543640136719,36
tawa,P-DPV,Summer19,Coyote,4,47.3165092468262,-122.543640136719,36
tawa,P-PDP,Spring19,Coyote,2,47.3060722351074,-122.518348693848,37
tawa,P-PCNA2,Spring19,Coyote,1,47.2768325805664,-122.484329223633,38
tawa,P-PCNA2,Winter20,Coyote,3,47.2768325805664,-122.484329223633,37
tawa,P-PCNA2,Fall19,Coyote,7,47.2768325805664,-122.484329223633,36
tawa,P-CUP,Spring19,Coyote,19,47.2729530334473,-122.471321105957,38
tawa,P-CUP,Spring20,Coyote,4,47.2729530334473,-122.471321105957,44
tawa,P-CUP,Winter19,Coyote,8,47.2729530334473,-122.471321105957,37
tawa,P-CUP,Winter20,Coyote,28,47.2729530334473,-122.471321105957,38
tawa,P-CUP,Summer19,Coyote,1,47.2729530334473,-122.471321105957,37
tawa,P-CUP,Summer20,Coyote,1,47.2729530334473,-122.471321105957,41
tawa,P-CUP,Fall19,Coyote,2,47.2729530334473,-122.471321105957,36
tawa,P-CUP,Fall20,Coyote,9,47.2729530334473,-122.471321105957,37
tawa,P-GP,Spring19,Coyote,4,47.269889831543,-122.457450866699,38
tawa,P-GP,Spring20,Coyote,1,47.269889831543,-122.457450866699,46
tawa,P-GP,Winter20,Coyote,1,47.269889831543,-122.457450866699,37
tawa,P-GP,Summer19,Coyote,5,47.269889831543,-122.457450866699,37
tawa,P-GP,Summer20,Coyote,1,47.269889831543,-122.457450866699,29
tawa,P-GP,Fall20,Coyote,1,47.269889831543,-122.457450866699,22
tawa,P-GW1,Winter19,Coyote,6,47.247974395752,-122.410003662109,NA
tawa,P-MKP2,Fall19,Coyote,2,47.2350921630859,-122.424713134766,47
tawa,P-LCC,Spring19,Coyote,1,47.2329521179199,-122.39436340332,10
tawa,P-LCC,Winter19,Coyote,110,47.2329521179199,-122.39436340332,36
tawa,P-UCC,Spring19,Coyote,3,47.227725982666,-122.381828308105,30
tawa,P-UCC,Summer19,Coyote,1,47.227725982666,-122.381828308105,29
tawa,P-SCP2,Winter19,Coyote,2,47.2210693359375,-122.397392272949,35
tawa,P-SCP2,Winter20,Coyote,8,47.2210693359375,-122.397392272949,37
tawa,P-SCP2,Summer19,Coyote,1,47.2210693359375,-122.397392272949,42
tawa,P-SCP2,Summer20,Coyote,2,47.2210693359375,-122.397392272949,36
tawa,P-SCP2,Fall19,Coyote,4,47.2210693359375,-122.397392272949,47
tawa,P-RT,Fall19,Coyote,4,47.2034492492676,-122.31005859375,38
tawa,P-CCP,Spring19,Coyote,2,47.1814193725586,-122.320220947266,15
tawa,P-CCP,Spring20,Coyote,2,47.1814193725586,-122.320220947266,27
tawa,P-CCP,Winter19,Coyote,7,47.1814193725586,-122.320220947266,35
tawa,P-CCP,Winter20,Coyote,8,47.1814193725586,-122.320220947266,36
tawa,P-CCP,Summer19,Coyote,5,47.1814193725586,-122.320220947266,36
tawa,P-CCP,Summer20,Coyote,10,47.1814193725586,-122.320220947266,46
tawa,P-CCP,Fall19,Coyote,6,47.1814193725586,-122.320220947266,22
tawa,P-CCP,Fall20,Coyote,5,47.1814193725586,-122.320220947266,46
tawa,P-WBC,Spring20,Coyote,12,47.1692008972168,-122.300270080566,27
tawa,P-WBC,Winter19,Coyote,3,47.1692008972168,-122.300270080566,35
tawa,P-WBC,Winter20,Coyote,4,47.1692008972168,-122.300270080566,36
tawa,P-WBC,Summer19,Coyote,1,47.1692008972168,-122.300270080566,36
tawa,P-WBC,Summer20,Coyote,9,47.1692008972168,-122.300270080566,44
tawa,P-WBC,Fall20,Coyote,36,47.1692008972168,-122.300270080566,46
tawa,P-WWP,Spring19,Coyote,4,47.1728096008301,-122.276657104492,35
tawa,P-WWP,Winter19,Coyote,1,47.1728096008301,-122.276657104492,35
tawa,P-WWP,Fall19,Coyote,1,47.1728096008301,-122.276657104492,38
tawa,P-BLP,Spring19,Coyote,1,47.1616821289062,-122.282829284668,35
tawa,P-TE1,Winter19,Coyote,2,46.9221992492676,-122.280296325684,35
tawa,P-TE1,Fall19,Coyote,1,46.9221992492676,-122.280296325684,38
tawa,P-RWSR,Spring19,Coyote,46,46.9255981445312,-122.268463134766,36
tawa,P-RWSR,Spring20,Coyote,71,46.9255981445312,-122.268463134766,47
tawa,P-RWSR,Winter19,Coyote,27,46.9255981445312,-122.268463134766,35
tawa,P-RWSR,Winter20,Coyote,16,46.9255981445312,-122.268463134766,36
tawa,P-RWSR,Summer19,Coyote,5,46.9255981445312,-122.268463134766,36
tawa,P-RWSR,Summer20,Coyote,13,46.9255981445312,-122.268463134766,42
tawa,P-RWSR,Fall19,Coyote,20,46.9255981445312,-122.268463134766,38
tawa,P-RWSR,Fall20,Coyote,29,46.9255981445312,-122.268463134766,36
tawa,P-OLT,Spring19,Coyote,7,46.9126510620117,-122.272743225098,36
tawa,P-OLT,Spring20,Coyote,15,46.9126510620117,-122.272743225098,51
tawa,P-OLT,Winter20,Coyote,6,46.9126510620117,-122.272743225098,36
tawa,P-OLT,Summer19,Coyote,2,46.9126510620117,-122.272743225098,36
tawa,P-OLT,Summer20,Coyote,22,46.9126510620117,-122.272743225098,44
tawa,P-OLT,Fall19,Coyote,6,46.9126510620117,-122.272743225098,38
tawa,P-OLT,Fall20,Coyote,10,46.9126510620117,-122.272743225098,36
tawa,P-OV1,Winter19,Coyote,1,46.8688468933105,-122.341804504395,NA
tawa,G-SB,Winter19,Coyote,20,47.2981910705566,-122.529968261719,35
tawa,G-SB,Summer19,Coyote,8,47.2981910705566,-122.529968261719,36
tawa,G-SB,Fall19,Coyote,1,47.2981910705566,-122.529968261719,35
tawa,G-SB,Fall20,Coyote,2,47.2981910705566,-122.529968261719,38
tawa,G-VP,Spring19,Coyote,1,47.2799301147461,-122.520011901855,37
tawa,G-VP,Spring20,Coyote,4,47.2799301147461,-122.520011901855,45
tawa,G-VP,Winter19,Coyote,6,47.2799301147461,-122.520011901855,36
tawa,G-VP,Winter20,Coyote,3,47.2799301147461,-122.520011901855,37
tawa,G-VP,Summer19,Coyote,4,47.2799301147461,-122.520011901855,36
tawa,G-VP,Summer20,Coyote,2,47.2799301147461,-122.520011901855,28
tawa,G-VP,Fall19,Coyote,1,47.2799301147461,-122.520011901855,17
tawa,G-VP,Fall20,Coyote,5,47.2799301147461,-122.520011901855,38
tawa,G-KP1,Spring19,Coyote,2,47.2698554992676,-122.508392333984,36
tawa,G-JP,Summer19,Coyote,1,47.2573394775391,-122.489799499512,36
tawa,G-TNC1,Spring19,Coyote,27,47.2403259277344,-122.490310668945,38
tawa,G-TNC1,Spring20,Coyote,8,47.2403259277344,-122.490310668945,46
tawa,G-TNC1,Winter20,Coyote,10,47.2403259277344,-122.490310668945,37
tawa,G-TNC1,Summer19,Coyote,2,47.2403259277344,-122.490310668945,35
tawa,G-TNC1,Summer20,Coyote,2,47.2403259277344,-122.490310668945,28
tawa,G-TNC1,Fall20,Coyote,3,47.2403259277344,-122.490310668945,39
tawa,G-WP2,Spring19,Coyote,2,47.198356628418,-122.458473205566,37
tawa,G-WP2,Summer20,Coyote,3,47.198356628418,-122.458473205566,31
tawa,G-WP2,Fall19,Coyote,7,47.198356628418,-122.458473205566,36
tawa,G-OTP,Spring19,Coyote,1,47.1878776550293,-122.476829528809,33
tawa,G-OTP,Winter19,Coyote,4,47.1878776550293,-122.476829528809,36
tawa,G-OTP,Summer19,Coyote,1,47.1878776550293,-122.476829528809,36
tawa,G-WLP1,Winter19,Coyote,1,47.1792602539062,-122.47248840332,NA
tawa,G-CLP3,Spring20,Coyote,2,47.2462463378906,-122.510543823242,46
tawa,G-CLP3,Summer20,Coyote,2,47.2462463378906,-122.510543823242,44
tawa,G-CLP3,Fall19,Coyote,5,47.2462463378906,-122.510543823242,36
tawa,G-CLP3,Fall20,Coyote,2,47.2462463378906,-122.510543823242,39
tawa,P-GW1,Summer19,Coyote,3,47.2470703125,-122.409233093262,NA
tawa,P-GW1,Spring20,Coyote,10,47.249397277832,-122.412261962891,44
tawa,P-GW1,Winter20,Coyote,2,47.249397277832,-122.412261962891,37
tawa,P-GW1,Fall19,Coyote,30,47.249397277832,-122.412261962891,47
tawa,P-MKP2,Winter20,Coyote,10,47.2352294921875,-122.423698425293,38
tawa,P-MKP2,Fall20,Coyote,5,47.2352294921875,-122.423698425293,30
tawa,P-TE1,Spring20,Coyote,1,46.9221954345703,-122.279510498047,50
tawa,P-TE1,Winter20,Coyote,1,46.9221954345703,-122.279510498047,36
tawa,P-TE1,Summer19,Coyote,3,46.9221954345703,-122.279510498047,36
tawa,P-OV1,Summer19,Coyote,12,46.8700981140137,-122.343276977539,23
tawa,G-IP,Winter20,Coyote,1,47.2356605529785,-122.463050842285,37
tawa,G-SERA,Spring20,Coyote,5,47.2027893066406,-122.491188049316,50
tawa,G-SERA,Winter20,Coyote,10,47.2027893066406,-122.491188049316,37
tawa,G-SERA,Summer19,Coyote,2,47.2027893066406,-122.491188049316,36
tawa,G-SERA,Fall19,Coyote,3,47.2027893066406,-122.491188049316,35
tawa,G-CBP1,Spring19,Coyote,14,47.1883010864258,-122.426826477051,37
tawa,B-TP,Summer19,Coyote,1,47.2525100708008,-122.552337646484,35
tawa,G-KP1,Spring20,Coyote,1,47.2690620422363,-122.507987976074,45
tawa,P-OB,Winter19,Douglas squirrel,1,47.3131904602051,-122.530456542969,33
tawa,P-OB,Summer19,Douglas squirrel,21,47.3131904602051,-122.530456542969,36
tawa,P-OB,Summer20,Douglas squirrel,2,47.3131904602051,-122.530456542969,31
tawa,P-OB,Fall19,Douglas squirrel,33,47.3131904602051,-122.530456542969,36
tawa,P-DPV,Winter19,Douglas squirrel,2,47.3165092468262,-122.543640136719,36
tawa,P-DPV,Summer19,Douglas squirrel,1,47.3165092468262,-122.543640136719,36
tawa,P-DPV,Summer20,Douglas squirrel,6,47.3165092468262,-122.543640136719,31
tawa,P-DPV,Fall20,Douglas squirrel,1,47.3165092468262,-122.543640136719,37
tawa,P-PDP,Spring19,Douglas squirrel,2,47.3060722351074,-122.518348693848,37
tawa,P-PDP,Spring20,Douglas squirrel,3,47.3060722351074,-122.518348693848,49
tawa,P-PDP,Winter20,Douglas squirrel,15,47.3060722351074,-122.518348693848,37
tawa,P-PDP,Summer19,Douglas squirrel,102,47.3060722351074,-122.518348693848,36
tawa,P-PDP,Summer20,Douglas squirrel,2,47.3060722351074,-122.518348693848,30
tawa,P-PDP,Fall19,Douglas squirrel,33,47.3060722351074,-122.518348693848,36
tawa,P-BLP,Spring19,Douglas squirrel,3,47.1616821289062,-122.282829284668,35
tawa,P-BLP,Summer19,Douglas squirrel,3,47.1616821289062,-122.282829284668,36
tawa,P-TE1,Spring19,Douglas squirrel,3,46.9221992492676,-122.280296325684,23
tawa,P-RWSR,Winter20,Douglas squirrel,2,46.9255981445312,-122.268463134766,36
tawa,P-RWSR,Fall19,Douglas squirrel,1,46.9255981445312,-122.268463134766,38
tawa,P-OLT,Spring19,Douglas squirrel,3,46.9126510620117,-122.272743225098,36
tawa,P-OLT,Spring20,Douglas squirrel,7,46.9126510620117,-122.272743225098,51
tawa,P-OLT,Winter19,Douglas squirrel,1,46.9126510620117,-122.272743225098,35
tawa,P-OLT,Summer19,Douglas squirrel,5,46.9126510620117,-122.272743225098,36
tawa,P-OLT,Fall19,Douglas squirrel,3,46.9126510620117,-122.272743225098,38
tawa,G-SB,Spring19,Douglas squirrel,15,47.2981910705566,-122.529968261719,37
tawa,G-SB,Winter19,Douglas squirrel,1,47.2981910705566,-122.529968261719,35
tawa,G-SB,Summer19,Douglas squirrel,5,47.2981910705566,-122.529968261719,36
tawa,G-SB,Fall19,Douglas squirrel,203,47.2981910705566,-122.529968261719,35
tawa,G-SB,Fall20,Douglas squirrel,1,47.2981910705566,-122.529968261719,38
tawa,G-TNC1,Spring20,Douglas squirrel,1,47.2403259277344,-122.490310668945,46
tawa,G-TNC1,Summer19,Douglas squirrel,2,47.2403259277344,-122.490310668945,35
tawa,G-TNC1,Summer20,Douglas squirrel,2,47.2403259277344,-122.490310668945,28
tawa,G-TNC1,Fall19,Douglas squirrel,1,47.2403259277344,-122.490310668945,36
tawa,G-CLP3,Spring19,Douglas squirrel,3,47.2462463378906,-122.510543823242,38
tawa,G-CLP3,Spring20,Douglas squirrel,1,47.2462463378906,-122.510543823242,46
tawa,G-CLP3,Winter19,Douglas squirrel,17,47.2462463378906,-122.510543823242,36
tawa,G-CLP3,Summer20,Douglas squirrel,3,47.2462463378906,-122.510543823242,44
tawa,G-CLP3,Fall20,Douglas squirrel,2,47.2462463378906,-122.510543823242,39
tawa,P-TE1,Summer19,Douglas squirrel,1,46.9221954345703,-122.279510498047,36
tawa,G-FP1,Spring20,Eastern cottontail rabbit,26,47.2466049194336,-122.480010986328,40
tawa,P-OB,Summer20,Eastern cottontail rabbit,1,47.3131904602051,-122.530456542969,31
tawa,P-RP,Spring20,Eastern cottontail rabbit,118,47.2971992492676,-122.512252807617,51
tawa,P-RP,Summer19,Eastern cottontail rabbit,35,47.2971992492676,-122.512252807617,36
tawa,P-RP,Fall19,Eastern cottontail rabbit,4,47.2971992492676,-122.512252807617,36
tawa,P-RP,Fall20,Eastern cottontail rabbit,14,47.2971992492676,-122.512252807617,37
tawa,P-DPV,Fall19,Eastern cottontail rabbit,1,47.3165092468262,-122.543640136719,35
tawa,P-PCNA2,Summer20,Eastern cottontail rabbit,5,47.2768325805664,-122.484329223633,48
tawa,P-GP,Fall19,Eastern cottontail rabbit,1,47.269889831543,-122.457450866699,35
tawa,P-MCP,Fall20,Eastern cottontail rabbit,1,47.2536430358887,-122.444404602051,36
tawa,P-UCC,Winter19,Eastern cottontail rabbit,27,47.227725982666,-122.381828308105,36
tawa,P-UCC,Summer19,Eastern cottontail rabbit,94,47.227725982666,-122.381828308105,29
tawa,P-SCP2,Spring20,Eastern cottontail rabbit,6,47.2210693359375,-122.397392272949,27
tawa,P-SCP2,Summer19,Eastern cottontail rabbit,25,47.2210693359375,-122.397392272949,42
tawa,P-SCP2,Summer20,Eastern cottontail rabbit,50,47.2210693359375,-122.397392272949,36
tawa,P-SCP2,Fall20,Eastern cottontail rabbit,9,47.2210693359375,-122.397392272949,36
tawa,P-CCP,Spring20,Eastern cottontail rabbit,38,47.1814193725586,-122.320220947266,27
tawa,P-CCP,Summer19,Eastern cottontail rabbit,33,47.1814193725586,-122.320220947266,36
tawa,P-CCP,Summer20,Eastern cottontail rabbit,12,47.1814193725586,-122.320220947266,46
tawa,P-CCP,Fall19,Eastern cottontail rabbit,13,47.1814193725586,-122.320220947266,22
tawa,P-CCP,Fall20,Eastern cottontail rabbit,18,47.1814193725586,-122.320220947266,46
tawa,P-WBC,Spring20,Eastern cottontail rabbit,6,47.1692008972168,-122.300270080566,27
tawa,P-WBC,Summer19,Eastern cottontail rabbit,2,47.1692008972168,-122.300270080566,36
tawa,P-RWSR,Spring20,Eastern cottontail rabbit,1,46.9255981445312,-122.268463134766,47
tawa,G-VP,Spring20,Eastern cottontail rabbit,9,47.2799301147461,-122.520011901855,45
tawa,G-TNC1,Summer20,Eastern cottontail rabbit,22,47.2403259277344,-122.490310668945,28
tawa,G-OTP,Summer19,Eastern cottontail rabbit,2,47.1878776550293,-122.476829528809,36
tawa,G-CLP3,Winter19,Eastern cottontail rabbit,15,47.2462463378906,-122.510543823242,36
tawa,G-CLP3,Winter20,Eastern cottontail rabbit,12,47.2462463378906,-122.510543823242,38
tawa,G-CLP3,Summer19,Eastern cottontail rabbit,27,47.2462463378906,-122.510543823242,28
tawa,G-CLP3,Summer20,Eastern cottontail rabbit,101,47.2462463378906,-122.510543823242,44
tawa,G-CLP3,Fall20,Eastern cottontail rabbit,23,47.2462463378906,-122.510543823242,39
tawa,P-GW1,Summer19,Eastern cottontail rabbit,7,47.2470703125,-122.409233093262,NA
tawa,P-GW1,Spring20,Eastern cottontail rabbit,9,47.249397277832,-122.412261962891,44
tawa,P-UWT,Summer20,Eastern cottontail rabbit,4,47.2428779602051,-122.440170288086,29
tawa,P-TE1,Spring20,Eastern cottontail rabbit,19,46.9221954345703,-122.279510498047,50
tawa,G-IP,Winter20,Eastern cottontail rabbit,3,47.2356605529785,-122.463050842285,37
tawa,G-SERA,Spring20,Eastern cottontail rabbit,8,47.2027893066406,-122.491188049316,50
tawa,G-SERA,Summer19,Eastern cottontail rabbit,1,47.2027893066406,-122.491188049316,36
tawa,G-CBP1,Summer19,Eastern cottontail rabbit,10,47.1883010864258,-122.426826477051,36
tawa,B-TP,Summer19,Eastern cottontail rabbit,96,47.2525100708008,-122.552337646484,35
tawa,B-TP,Fall19,Eastern cottontail rabbit,4,47.2525100708008,-122.552337646484,35
tawa,G-FP1,Spring19,Eastern gray squirrel,146,47.2466049194336,-122.480010986328,37
tawa,G-FP1,Spring20,Eastern gray squirrel,575,47.2466049194336,-122.480010986328,40
tawa,G-FP1,Winter19,Eastern gray squirrel,110,47.2466049194336,-122.480010986328,36
tawa,G-CBP1,Winter19,Eastern gray squirrel,37,47.1883201599121,-122.426826477051,35
tawa,P-OB,Spring19,Eastern gray squirrel,19,47.3131904602051,-122.530456542969,37
tawa,P-OB,Spring20,Eastern gray squirrel,15,47.3131904602051,-122.530456542969,49
tawa,P-OB,Winter19,Eastern gray squirrel,4,47.3131904602051,-122.530456542969,33
tawa,P-OB,Winter20,Eastern gray squirrel,14,47.3131904602051,-122.530456542969,37
tawa,P-OB,Summer19,Eastern gray squirrel,7,47.3131904602051,-122.530456542969,36
tawa,P-OB,Summer20,Eastern gray squirrel,16,47.3131904602051,-122.530456542969,31
tawa,P-OB,Fall19,Eastern gray squirrel,34,47.3131904602051,-122.530456542969,36
tawa,P-OB,Fall20,Eastern gray squirrel,17,47.3131904602051,-122.530456542969,37
tawa,P-RP,Spring19,Eastern gray squirrel,150,47.2971992492676,-122.512252807617,38
tawa,P-RP,Spring20,Eastern gray squirrel,52,47.2971992492676,-122.512252807617,51
tawa,P-RP,Winter19,Eastern gray squirrel,85,47.2971992492676,-122.512252807617,37
tawa,P-RP,Winter20,Eastern gray squirrel,6,47.2971992492676,-122.512252807617,35
tawa,P-RP,Summer19,Eastern gray squirrel,17,47.2971992492676,-122.512252807617,36
tawa,P-RP,Summer20,Eastern gray squirrel,27,47.2971992492676,-122.512252807617,50
tawa,P-RP,Fall19,Eastern gray squirrel,121,47.2971992492676,-122.512252807617,36
tawa,P-RP,Fall20,Eastern gray squirrel,177,47.2971992492676,-122.512252807617,37
tawa,P-STP,Spring19,Eastern gray squirrel,3,47.2853088378906,-122.491737365723,38
tawa,P-STP,Winter20,Eastern gray squirrel,1,47.2853088378906,-122.491737365723,37
tawa,P-STP,Summer19,Eastern gray squirrel,4,47.2853088378906,-122.491737365723,37
tawa,P-STP,Fall19,Eastern gray squirrel,9,47.2853088378906,-122.491737365723,36
tawa,P-STP,Fall20,Eastern gray squirrel,1,47.2853088378906,-122.491737365723,23
tawa,P-DPV,Spring19,Eastern gray squirrel,28,47.3165092468262,-122.543640136719,37
tawa,P-DPV,Spring20,Eastern gray squirrel,14,47.3165092468262,-122.543640136719,51
tawa,P-DPV,Winter19,Eastern gray squirrel,11,47.3165092468262,-122.543640136719,36
tawa,P-DPV,Winter20,Eastern gray squirrel,3,47.3165092468262,-122.543640136719,37
tawa,P-DPV,Summer19,Eastern gray squirrel,5,47.3165092468262,-122.543640136719,36
tawa,P-DPV,Summer20,Eastern gray squirrel,56,47.3165092468262,-122.543640136719,31
tawa,P-DPV,Fall19,Eastern gray squirrel,19,47.3165092468262,-122.543640136719,35
tawa,P-DPV,Fall20,Eastern gray squirrel,45,47.3165092468262,-122.543640136719,37
tawa,P-PDP,Spring19,Eastern gray squirrel,83,47.3060722351074,-122.518348693848,37
tawa,P-PDP,Spring20,Eastern gray squirrel,51,47.3060722351074,-122.518348693848,49
tawa,P-PDP,Winter19,Eastern gray squirrel,163,47.3060722351074,-122.518348693848,36
tawa,P-PDP,Winter20,Eastern gray squirrel,59,47.3060722351074,-122.518348693848,37
tawa,P-PDP,Summer19,Eastern gray squirrel,18,47.3060722351074,-122.518348693848,36
tawa,P-PDP,Summer20,Eastern gray squirrel,26,47.3060722351074,-122.518348693848,30
tawa,P-PDP,Fall19,Eastern gray squirrel,35,47.3060722351074,-122.518348693848,36
tawa,P-JCP,Winter19,Eastern gray squirrel,72,47.2857666015625,-122.504890441895,15
tawa,P-PCNA2,Spring19,Eastern gray squirrel,5,47.2768325805664,-122.484329223633,38
tawa,P-PCNA2,Winter19,Eastern gray squirrel,1,47.2768325805664,-122.484329223633,36
tawa,P-PCNA2,Winter20,Eastern gray squirrel,2,47.2768325805664,-122.484329223633,37
tawa,P-PCNA2,Summer20,Eastern gray squirrel,1,47.2768325805664,-122.484329223633,48
tawa,P-PCNA2,Fall19,Eastern gray squirrel,1,47.2768325805664,-122.484329223633,36
tawa,P-PCNA2,Fall20,Eastern gray squirrel,1,47.2768325805664,-122.484329223633,36
tawa,P-CUP,Spring19,Eastern gray squirrel,7,47.2729530334473,-122.471321105957,38
tawa,P-CUP,Spring20,Eastern gray squirrel,1,47.2729530334473,-122.471321105957,44
tawa,P-CUP,Winter19,Eastern gray squirrel,1,47.2729530334473,-122.471321105957,37
tawa,P-CUP,Winter20,Eastern gray squirrel,4,47.2729530334473,-122.471321105957,38
tawa,P-CUP,Summer19,Eastern gray squirrel,10,47.2729530334473,-122.471321105957,37
tawa,P-CUP,Fall19,Eastern gray squirrel,9,47.2729530334473,-122.471321105957,36
tawa,P-GP,Spring19,Eastern gray squirrel,13,47.269889831543,-122.457450866699,38
tawa,P-GP,Spring20,Eastern gray squirrel,4,47.269889831543,-122.457450866699,46
tawa,P-GP,Winter19,Eastern gray squirrel,2,47.269889831543,-122.457450866699,37
tawa,P-GP,Summer19,Eastern gray squirrel,10,47.269889831543,-122.457450866699,37
tawa,P-GP,Fall19,Eastern gray squirrel,34,47.269889831543,-122.457450866699,35
tawa,P-GP,Fall20,Eastern gray squirrel,1,47.269889831543,-122.457450866699,22
tawa,P-WP,Spring19,Eastern gray squirrel,61,47.2620391845703,-122.449630737305,16
tawa,P-WP,Winter19,Eastern gray squirrel,119,47.2620391845703,-122.449630737305,37
tawa,P-MCP,Spring19,Eastern gray squirrel,34,47.2536430358887,-122.444404602051,38
tawa,P-MCP,Spring20,Eastern gray squirrel,41,47.2536430358887,-122.444404602051,44
tawa,P-MCP,Winter19,Eastern gray squirrel,13,47.2536430358887,-122.444404602051,37
tawa,P-MCP,Winter20,Eastern gray squirrel,18,47.2536430358887,-122.444404602051,37
tawa,P-MCP,Summer19,Eastern gray squirrel,20,47.2536430358887,-122.444404602051,37
tawa,P-MCP,Fall19,Eastern gray squirrel,156,47.2536430358887,-122.444404602051,46
tawa,P-MCP,Fall20,Eastern gray squirrel,86,47.2536430358887,-122.444404602051,36
tawa,P-MKP2,Spring19,Eastern gray squirrel,27,47.2350921630859,-122.424713134766,33
tawa,P-MKP2,Winter19,Eastern gray squirrel,14,47.2350921630859,-122.424713134766,36
tawa,P-MKP2,Summer19,Eastern gray squirrel,25,47.2350921630859,-122.424713134766,20
tawa,P-MKP2,Fall19,Eastern gray squirrel,4,47.2350921630859,-122.424713134766,47
tawa,P-LCC,Spring19,Eastern gray squirrel,5,47.2329521179199,-122.39436340332,10
tawa,P-LCC,Winter19,Eastern gray squirrel,1,47.2329521179199,-122.39436340332,36
tawa,P-SCP2,Spring19,Eastern gray squirrel,15,47.2210693359375,-122.397392272949,24
tawa,P-SCP2,Spring20,Eastern gray squirrel,10,47.2210693359375,-122.397392272949,27
tawa,P-SCP2,Winter19,Eastern gray squirrel,10,47.2210693359375,-122.397392272949,35
tawa,P-SCP2,Summer19,Eastern gray squirrel,22,47.2210693359375,-122.397392272949,42
tawa,P-SCP2,Summer20,Eastern gray squirrel,11,47.2210693359375,-122.397392272949,36
tawa,P-SCP2,Fall19,Eastern gray squirrel,38,47.2210693359375,-122.397392272949,47
tawa,P-RT,Spring19,Eastern gray squirrel,7,47.2034492492676,-122.31005859375,35
tawa,P-RT,Winter19,Eastern gray squirrel,45,47.2034492492676,-122.31005859375,35
tawa,P-RT,Fall19,Eastern gray squirrel,21,47.2034492492676,-122.31005859375,38
tawa,P-CCP,Spring19,Eastern gray squirrel,77,47.1814193725586,-122.320220947266,15
tawa,P-CCP,Spring20,Eastern gray squirrel,71,47.1814193725586,-122.320220947266,27
tawa,P-CCP,Winter19,Eastern gray squirrel,45,47.1814193725586,-122.320220947266,35
tawa,P-CCP,Winter20,Eastern gray squirrel,42,47.1814193725586,-122.320220947266,36
tawa,P-CCP,Summer19,Eastern gray squirrel,122,47.1814193725586,-122.320220947266,36
tawa,P-CCP,Summer20,Eastern gray squirrel,309,47.1814193725586,-122.320220947266,46
tawa,P-CCP,Fall19,Eastern gray squirrel,81,47.1814193725586,-122.320220947266,22
tawa,P-CCP,Fall20,Eastern gray squirrel,41,47.1814193725586,-122.320220947266,46
tawa,P-WBC,Spring19,Eastern gray squirrel,94,47.1692008972168,-122.300270080566,35
tawa,P-WBC,Spring20,Eastern gray squirrel,1,47.1692008972168,-122.300270080566,27
tawa,P-WBC,Winter19,Eastern gray squirrel,130,47.1692008972168,-122.300270080566,35
tawa,P-WBC,Winter20,Eastern gray squirrel,13,47.1692008972168,-122.300270080566,36
tawa,P-WBC,Summer19,Eastern gray squirrel,50,47.1692008972168,-122.300270080566,36
tawa,P-WBC,Fall19,Eastern gray squirrel,151,47.1692008972168,-122.300270080566,38
tawa,P-WBC,Fall20,Eastern gray squirrel,1,47.1692008972168,-122.300270080566,46
tawa,P-WWP,Spring19,Eastern gray squirrel,15,47.1728096008301,-122.276657104492,35
tawa,P-WWP,Spring20,Eastern gray squirrel,1,47.1728096008301,-122.276657104492,19
tawa,P-WWP,Winter19,Eastern gray squirrel,9,47.1728096008301,-122.276657104492,35
tawa,P-WWP,Winter20,Eastern gray squirrel,6,47.1728096008301,-122.276657104492,10
tawa,P-WWP,Summer19,Eastern gray squirrel,20,47.1728096008301,-122.276657104492,36
tawa,P-WWP,Fall19,Eastern gray squirrel,59,47.1728096008301,-122.276657104492,38
tawa,P-BLP,Spring19,Eastern gray squirrel,15,47.1616821289062,-122.282829284668,35
tawa,P-BLP,Spring20,Eastern gray squirrel,6,47.1616821289062,-122.282829284668,26
tawa,P-BLP,Winter19,Eastern gray squirrel,1,47.1616821289062,-122.282829284668,35
tawa,P-BLP,Winter20,Eastern gray squirrel,2,47.1616821289062,-122.282829284668,36
tawa,P-BLP,Summer19,Eastern gray squirrel,14,47.1616821289062,-122.282829284668,36
tawa,P-BLP,Fall19,Eastern gray squirrel,1,47.1616821289062,-122.282829284668,17
tawa,P-TE1,Fall19,Eastern gray squirrel,1,46.9221992492676,-122.280296325684,38
tawa,G-SB,Spring19,Eastern gray squirrel,15,47.2981910705566,-122.529968261719,37
tawa,G-SB,Spring20,Eastern gray squirrel,8,47.2981910705566,-122.529968261719,51
tawa,G-SB,Winter19,Eastern gray squirrel,15,47.2981910705566,-122.529968261719,35
tawa,G-SB,Winter20,Eastern gray squirrel,49,47.2981910705566,-122.529968261719,37
tawa,G-SB,Summer20,Eastern gray squirrel,4,47.2981910705566,-122.529968261719,44
tawa,G-SB,Fall19,Eastern gray squirrel,12,47.2981910705566,-122.529968261719,35
tawa,G-SB,Fall20,Eastern gray squirrel,5,47.2981910705566,-122.529968261719,38
tawa,G-VP,Fall19,Eastern gray squirrel,1,47.2799301147461,-122.520011901855,17
tawa,G-VP,Fall20,Eastern gray squirrel,3,47.2799301147461,-122.520011901855,38
tawa,G-JP,Spring19,Eastern gray squirrel,65,47.2573394775391,-122.489799499512,10
tawa,G-JP,Winter19,Eastern gray squirrel,401,47.2573394775391,-122.489799499512,36
tawa,G-JP,Winter20,Eastern gray squirrel,103,47.2573394775391,-122.489799499512,37
tawa,G-JP,Summer19,Eastern gray squirrel,244,47.2573394775391,-122.489799499512,36
tawa,G-JP,Summer20,Eastern gray squirrel,80,47.2573394775391,-122.489799499512,30
tawa,G-JP,Fall19,Eastern gray squirrel,82,47.2573394775391,-122.489799499512,15
tawa,G-TNC1,Winter19,Eastern gray squirrel,1,47.2383918762207,-122.49153137207,NA
tawa,G-TNC1,Spring19,Eastern gray squirrel,27,47.2403259277344,-122.490310668945,38
tawa,G-TNC1,Spring20,Eastern gray squirrel,124,47.2403259277344,-122.490310668945,46
tawa,G-TNC1,Winter20,Eastern gray squirrel,54,47.2403259277344,-122.490310668945,37
tawa,G-TNC1,Summer19,Eastern gray squirrel,91,47.2403259277344,-122.490310668945,35
tawa,G-TNC1,Summer20,Eastern gray squirrel,163,47.2403259277344,-122.490310668945,28
tawa,G-TNC1,Fall19,Eastern gray squirrel,307,47.2403259277344,-122.490310668945,36
tawa,G-TNC1,Fall20,Eastern gray squirrel,334,47.2403259277344,-122.490310668945,39
tawa,G-SP,Winter19,Eastern gray squirrel,76,47.2108535766602,-122.480819702148,15
tawa,G-SP,Summer19,Eastern gray squirrel,127,47.2108535766602,-122.480819702148,36
tawa,G-WP2,Spring19,Eastern gray squirrel,104,47.198356628418,-122.458473205566,37
tawa,G-WP2,Spring20,Eastern gray squirrel,64,47.198356628418,-122.458473205566,50
tawa,G-WP2,Winter19,Eastern gray squirrel,30,47.198356628418,-122.458473205566,36
tawa,G-WP2,Summer20,Eastern gray squirrel,129,47.198356628418,-122.458473205566,31
tawa,G-WP2,Fall19,Eastern gray squirrel,47,47.198356628418,-122.458473205566,36
tawa,G-OTP,Spring19,Eastern gray squirrel,93,47.1878776550293,-122.476829528809,33
tawa,G-OTP,Winter19,Eastern gray squirrel,173,47.1878776550293,-122.476829528809,36
tawa,G-OTP,Summer19,Eastern gray squirrel,84,47.1878776550293,-122.476829528809,36
tawa,G-OTP,Fall19,Eastern gray squirrel,222,47.1878776550293,-122.476829528809,36
tawa,G-WLP1,Winter19,Eastern gray squirrel,2,47.1792602539062,-122.47248840332,NA
tawa,G-WLP1,Spring19,Eastern gray squirrel,3,47.1776504516602,-122.471542358398,37
tawa,G-WLP1,Spring20,Eastern gray squirrel,4,47.1776504516602,-122.471542358398,23
tawa,G-WLP1,Summer19,Eastern gray squirrel,7,47.1776504516602,-122.471542358398,36
tawa,G-WLP1,Fall19,Eastern gray squirrel,52,47.1776504516602,-122.471542358398,36
tawa,G-WLP1,Fall20,Eastern gray squirrel,24,47.1776504516602,-122.471542358398,31
tawa,G-CLP3,Spring19,Eastern gray squirrel,23,47.2462463378906,-122.510543823242,38
tawa,G-CLP3,Spring20,Eastern gray squirrel,14,47.2462463378906,-122.510543823242,46
tawa,G-CLP3,Winter19,Eastern gray squirrel,3,47.2462463378906,-122.510543823242,36
tawa,G-CLP3,Winter20,Eastern gray squirrel,7,47.2462463378906,-122.510543823242,38
tawa,G-CLP3,Summer19,Eastern gray squirrel,3,47.2462463378906,-122.510543823242,28
tawa,G-CLP3,Summer20,Eastern gray squirrel,13,47.2462463378906,-122.510543823242,44
tawa,G-CLP3,Fall19,Eastern gray squirrel,21,47.2462463378906,-122.510543823242,36
tawa,G-CLP3,Fall20,Eastern gray squirrel,125,47.2462463378906,-122.510543823242,39
tawa,P-MKP2,Spring20,Eastern gray squirrel,12,47.2352294921875,-122.423698425293,21
tawa,P-MKP2,Winter20,Eastern gray squirrel,4,47.2352294921875,-122.423698425293,38
tawa,P-MKP2,Summer20,Eastern gray squirrel,6,47.2352294921875,-122.423698425293,29
tawa,P-MKP2,Fall20,Eastern gray squirrel,31,47.2352294921875,-122.423698425293,30
tawa,P-UWT,Spring20,Eastern gray squirrel,8,47.2428779602051,-122.440170288086,49
tawa,P-UWT,Winter20,Eastern gray squirrel,3,47.2428779602051,-122.440170288086,37
tawa,P-UWT,Summer20,Eastern gray squirrel,54,47.2428779602051,-122.440170288086,29
tawa,P-UWT,Fall19,Eastern gray squirrel,31,47.2428779602051,-122.440170288086,47
tawa,P-UWT,Fall20,Eastern gray squirrel,48,47.2428779602051,-122.440170288086,30
tawa,G-IP,Spring20,Eastern gray squirrel,21,47.2356605529785,-122.463050842285,40
tawa,G-IP,Winter20,Eastern gray squirrel,13,47.2356605529785,-122.463050842285,37
tawa,G-IP,Fall19,Eastern gray squirrel,22,47.2356605529785,-122.463050842285,36
tawa,G-IP,Fall20,Eastern gray squirrel,21,47.2356605529785,-122.463050842285,21
tawa,G-SERA,Spring20,Eastern gray squirrel,118,47.2027893066406,-122.491188049316,50
tawa,G-SERA,Winter20,Eastern gray squirrel,31,47.2027893066406,-122.491188049316,37
tawa,G-SERA,Summer19,Eastern gray squirrel,9,47.2027893066406,-122.491188049316,36
tawa,G-SERA,Fall19,Eastern gray squirrel,111,47.2027893066406,-122.491188049316,35
tawa,G-CBP1,Spring19,Eastern gray squirrel,36,47.1883010864258,-122.426826477051,37
tawa,G-CBP1,Spring20,Eastern gray squirrel,5,47.1883010864258,-122.426826477051,42
tawa,G-CBP1,Summer19,Eastern gray squirrel,6,47.1883010864258,-122.426826477051,36
tawa,G-CBP1,Summer20,Eastern gray squirrel,8,47.1883010864258,-122.426826477051,36
tawa,G-CBP1,Fall19,Eastern gray squirrel,5,47.1883010864258,-122.426826477051,36
tawa,B-TP,Summer19,Eastern gray squirrel,20,47.2525100708008,-122.552337646484,35
tawa,B-TP,Fall19,Eastern gray squirrel,3,47.2525100708008,-122.552337646484,35
tawa,P-GP,Fall19,Elk,1,47.269889831543,-122.457450866699,35
tawa,P-TE1,Winter19,Elk,5,46.9221992492676,-122.280296325684,35
tawa,P-TE1,Fall19,Elk,5,46.9221992492676,-122.280296325684,38
tawa,P-RWSR,Spring19,Elk,16,46.9255981445312,-122.268463134766,36
tawa,P-RWSR,Spring20,Elk,29,46.9255981445312,-122.268463134766,47
tawa,P-RWSR,Winter19,Elk,12,46.9255981445312,-122.268463134766,35
tawa,P-RWSR,Winter20,Elk,21,46.9255981445312,-122.268463134766,36
tawa,P-RWSR,Summer19,Elk,11,46.9255981445312,-122.268463134766,36
tawa,P-RWSR,Summer20,Elk,13,46.9255981445312,-122.268463134766,42
tawa,P-RWSR,Fall19,Elk,35,46.9255981445312,-122.268463134766,38
tawa,P-RWSR,Fall20,Elk,19,46.9255981445312,-122.268463134766,36
tawa,P-OLT,Spring20,Elk,3,46.9126510620117,-122.272743225098,51
tawa,P-TE1,Spring20,Elk,2,46.9221954345703,-122.279510498047,50
tawa,P-TE1,Winter20,Elk,4,46.9221954345703,-122.279510498047,36
tawa,P-TE1,Fall20,Elk,1,46.9221954345703,-122.279510498047,36
tawa,P-OV1,Winter20,Elk,5,46.8700981140137,-122.343276977539,36
tawa,P-OV1,Summer19,Elk,118,46.8700981140137,-122.343276977539,23
tawa,P-OV1,Fall19,Elk,41,46.8700981140137,-122.343276977539,17
tawa,G-JP,Summer19,Fox squirrel,1,47.2573394775391,-122.489799499512,36
tawa,P-OLT,Summer20,Mountain lion,2,46.9126510620117,-122.272743225098,44
tawa,P-OB,Spring19,Black-tailed deer,2,47.3131904602051,-122.530456542969,37
tawa,P-OB,Spring20,Black-tailed deer,9,47.3131904602051,-122.530456542969,49
tawa,P-OB,Winter19,Black-tailed deer,8,47.3131904602051,-122.530456542969,33
tawa,P-OB,Winter20,Black-tailed deer,22,47.3131904602051,-122.530456542969,37
tawa,P-OB,Summer19,Black-tailed deer,2,47.3131904602051,-122.530456542969,36
tawa,P-OB,Summer20,Black-tailed deer,3,47.3131904602051,-122.530456542969,31
tawa,P-OB,Fall19,Black-tailed deer,6,47.3131904602051,-122.530456542969,36
tawa,P-OB,Fall20,Black-tailed deer,18,47.3131904602051,-122.530456542969,37
tawa,P-RP,Spring19,Black-tailed deer,28,47.2971992492676,-122.512252807617,38
tawa,P-RP,Spring20,Black-tailed deer,28,47.2971992492676,-122.512252807617,51
tawa,P-RP,Winter19,Black-tailed deer,11,47.2971992492676,-122.512252807617,37
tawa,P-RP,Winter20,Black-tailed deer,6,47.2971992492676,-122.512252807617,35
tawa,P-RP,Summer19,Black-tailed deer,21,47.2971992492676,-122.512252807617,36
tawa,P-RP,Summer20,Black-tailed deer,26,47.2971992492676,-122.512252807617,50
tawa,P-RP,Fall19,Black-tailed deer,14,47.2971992492676,-122.512252807617,36
tawa,P-RP,Fall20,Black-tailed deer,103,47.2971992492676,-122.512252807617,37
tawa,P-STP,Spring19,Black-tailed deer,37,47.2853088378906,-122.491737365723,38
tawa,P-STP,Winter19,Black-tailed deer,5,47.2853088378906,-122.491737365723,15
tawa,P-STP,Winter20,Black-tailed deer,10,47.2853088378906,-122.491737365723,37
tawa,P-STP,Summer19,Black-tailed deer,18,47.2853088378906,-122.491737365723,37
tawa,P-STP,Fall19,Black-tailed deer,7,47.2853088378906,-122.491737365723,36
tawa,P-STP,Fall20,Black-tailed deer,5,47.2853088378906,-122.491737365723,23
tawa,P-DPV,Spring19,Black-tailed deer,7,47.3165092468262,-122.543640136719,37
tawa,P-DPV,Spring20,Black-tailed deer,20,47.3165092468262,-122.543640136719,51
tawa,P-DPV,Winter19,Black-tailed deer,11,47.3165092468262,-122.543640136719,36
tawa,P-DPV,Winter20,Black-tailed deer,11,47.3165092468262,-122.543640136719,37
tawa,P-DPV,Summer19,Black-tailed deer,14,47.3165092468262,-122.543640136719,36
tawa,P-DPV,Summer20,Black-tailed deer,29,47.3165092468262,-122.543640136719,31
tawa,P-DPV,Fall19,Black-tailed deer,55,47.3165092468262,-122.543640136719,35
tawa,P-DPV,Fall20,Black-tailed deer,26,47.3165092468262,-122.543640136719,37
tawa,P-PDP,Spring19,Black-tailed deer,40,47.3060722351074,-122.518348693848,37
tawa,P-PDP,Spring20,Black-tailed deer,23,47.3060722351074,-122.518348693848,49
tawa,P-PDP,Winter19,Black-tailed deer,62,47.3060722351074,-122.518348693848,36
tawa,P-PDP,Winter20,Black-tailed deer,4,47.3060722351074,-122.518348693848,37
tawa,P-PDP,Summer19,Black-tailed deer,23,47.3060722351074,-122.518348693848,36
tawa,P-PDP,Summer20,Black-tailed deer,5,47.3060722351074,-122.518348693848,30
tawa,P-PDP,Fall19,Black-tailed deer,93,47.3060722351074,-122.518348693848,36
tawa,P-JCP,Winter19,Black-tailed deer,3,47.2857666015625,-122.504890441895,15
tawa,P-PCNA2,Spring19,Black-tailed deer,65,47.2768325805664,-122.484329223633,38
tawa,P-PCNA2,Winter19,Black-tailed deer,2,47.2768325805664,-122.484329223633,36
tawa,P-PCNA2,Winter20,Black-tailed deer,9,47.2768325805664,-122.484329223633,37
tawa,P-PCNA2,Summer19,Black-tailed deer,13,47.2768325805664,-122.484329223633,37
tawa,P-PCNA2,Summer20,Black-tailed deer,1,47.2768325805664,-122.484329223633,48
tawa,P-PCNA2,Fall19,Black-tailed deer,2,47.2768325805664,-122.484329223633,36
tawa,P-PCNA2,Fall20,Black-tailed deer,7,47.2768325805664,-122.484329223633,36
tawa,P-CUP,Spring19,Black-tailed deer,29,47.2729530334473,-122.471321105957,38
tawa,P-CUP,Spring20,Black-tailed deer,21,47.2729530334473,-122.471321105957,44
tawa,P-CUP,Winter19,Black-tailed deer,14,47.2729530334473,-122.471321105957,37
tawa,P-CUP,Winter20,Black-tailed deer,19,47.2729530334473,-122.471321105957,38
tawa,P-CUP,Summer19,Black-tailed deer,130,47.2729530334473,-122.471321105957,37
tawa,P-CUP,Summer20,Black-tailed deer,26,47.2729530334473,-122.471321105957,41
tawa,P-CUP,Fall19,Black-tailed deer,22,47.2729530334473,-122.471321105957,36
tawa,P-CUP,Fall20,Black-tailed deer,24,47.2729530334473,-122.471321105957,37
tawa,P-GP,Spring19,Black-tailed deer,15,47.269889831543,-122.457450866699,38
tawa,P-GP,Spring20,Black-tailed deer,38,47.269889831543,-122.457450866699,46
tawa,P-GP,Winter19,Black-tailed deer,11,47.269889831543,-122.457450866699,37
tawa,P-GP,Winter20,Black-tailed deer,9,47.269889831543,-122.457450866699,37
tawa,P-GP,Summer19,Black-tailed deer,3,47.269889831543,-122.457450866699,37
tawa,P-GP,Summer20,Black-tailed deer,36,47.269889831543,-122.457450866699,29
tawa,P-GP,Fall19,Black-tailed deer,142,47.269889831543,-122.457450866699,35
tawa,P-GP,Fall20,Black-tailed deer,77,47.269889831543,-122.457450866699,22
tawa,P-WP,Winter19,Black-tailed deer,15,47.2620391845703,-122.449630737305,37
tawa,P-MKP2,Summer19,Black-tailed deer,1,47.2350921630859,-122.424713134766,20
tawa,P-LCC,Winter19,Black-tailed deer,3,47.2329521179199,-122.39436340332,36
tawa,P-UCC,Summer19,Black-tailed deer,3,47.227725982666,-122.381828308105,29
tawa,P-SCP2,Spring20,Black-tailed deer,23,47.2210693359375,-122.397392272949,27
tawa,P-SCP2,Winter20,Black-tailed deer,3,47.2210693359375,-122.397392272949,37
tawa,P-SCP2,Fall19,Black-tailed deer,1,47.2210693359375,-122.397392272949,47
tawa,P-SCP2,Fall20,Black-tailed deer,12,47.2210693359375,-122.397392272949,36
tawa,P-CCP,Spring19,Black-tailed deer,8,47.1814193725586,-122.320220947266,15
tawa,P-CCP,Spring20,Black-tailed deer,3,47.1814193725586,-122.320220947266,27
tawa,P-CCP,Winter20,Black-tailed deer,2,47.1814193725586,-122.320220947266,36
tawa,P-CCP,Summer19,Black-tailed deer,19,47.1814193725586,-122.320220947266,36
tawa,P-CCP,Summer20,Black-tailed deer,7,47.1814193725586,-122.320220947266,46
tawa,P-CCP,Fall19,Black-tailed deer,8,47.1814193725586,-122.320220947266,22
tawa,P-CCP,Fall20,Black-tailed deer,12,47.1814193725586,-122.320220947266,46
tawa,P-WBC,Spring20,Black-tailed deer,1,47.1692008972168,-122.300270080566,27
tawa,P-WBC,Winter20,Black-tailed deer,4,47.1692008972168,-122.300270080566,36
tawa,P-WBC,Summer20,Black-tailed deer,1,47.1692008972168,-122.300270080566,44
tawa,P-WBC,Fall20,Black-tailed deer,6,47.1692008972168,-122.300270080566,46
tawa,P-WWP,Spring19,Black-tailed deer,9,47.1728096008301,-122.276657104492,35
tawa,P-WWP,Spring20,Black-tailed deer,1,47.1728096008301,-122.276657104492,19
tawa,P-WWP,Winter19,Black-tailed deer,2,47.1728096008301,-122.276657104492,35
tawa,P-WWP,Summer19,Black-tailed deer,9,47.1728096008301,-122.276657104492,36
tawa,P-WWP,Fall19,Black-tailed deer,4,47.1728096008301,-122.276657104492,38
tawa,P-BLP,Summer19,Black-tailed deer,1,47.1616821289062,-122.282829284668,36
tawa,P-TE1,Spring19,Black-tailed deer,5,46.9221992492676,-122.280296325684,23
tawa,P-TE1,Winter19,Black-tailed deer,14,46.9221992492676,-122.280296325684,35
tawa,P-TE1,Fall19,Black-tailed deer,18,46.9221992492676,-122.280296325684,38
tawa,P-RWSR,Spring19,Black-tailed deer,17,46.9255981445312,-122.268463134766,36
tawa,P-RWSR,Spring20,Black-tailed deer,31,46.9255981445312,-122.268463134766,47
tawa,P-RWSR,Winter19,Black-tailed deer,8,46.9255981445312,-122.268463134766,35
tawa,P-RWSR,Winter20,Black-tailed deer,4,46.9255981445312,-122.268463134766,36
tawa,P-RWSR,Summer19,Black-tailed deer,41,46.9255981445312,-122.268463134766,36
tawa,P-RWSR,Summer20,Black-tailed deer,29,46.9255981445312,-122.268463134766,42
tawa,P-RWSR,Fall19,Black-tailed deer,5,46.9255981445312,-122.268463134766,38
tawa,P-RWSR,Fall20,Black-tailed deer,19,46.9255981445312,-122.268463134766,36
tawa,P-OLT,Spring19,Black-tailed deer,12,46.9126510620117,-122.272743225098,36
tawa,P-OLT,Spring20,Black-tailed deer,40,46.9126510620117,-122.272743225098,51
tawa,P-OLT,Winter20,Black-tailed deer,3,46.9126510620117,-122.272743225098,36
tawa,P-OLT,Summer19,Black-tailed deer,5,46.9126510620117,-122.272743225098,36
tawa,P-OLT,Summer20,Black-tailed deer,39,46.9126510620117,-122.272743225098,44
tawa,P-OLT,Fall19,Black-tailed deer,8,46.9126510620117,-122.272743225098,38
tawa,P-OLT,Fall20,Black-tailed deer,30,46.9126510620117,-122.272743225098,36
tawa,G-SB,Spring19,Black-tailed deer,7,47.2981910705566,-122.529968261719,37
tawa,G-SB,Spring20,Black-tailed deer,5,47.2981910705566,-122.529968261719,51
tawa,G-SB,Winter19,Black-tailed deer,5,47.2981910705566,-122.529968261719,35
tawa,G-SB,Winter20,Black-tailed deer,4,47.2981910705566,-122.529968261719,37
tawa,G-SB,Summer19,Black-tailed deer,18,47.2981910705566,-122.529968261719,36
tawa,G-SB,Summer20,Black-tailed deer,11,47.2981910705566,-122.529968261719,44
tawa,G-SB,Fall19,Black-tailed deer,11,47.2981910705566,-122.529968261719,35
tawa,G-SB,Fall20,Black-tailed deer,76,47.2981910705566,-122.529968261719,38
tawa,G-VP,Spring19,Black-tailed deer,2,47.2799301147461,-122.520011901855,37
tawa,G-VP,Spring20,Black-tailed deer,2,47.2799301147461,-122.520011901855,45
tawa,G-VP,Winter19,Black-tailed deer,2,47.2799301147461,-122.520011901855,36
tawa,G-VP,Summer19,Black-tailed deer,4,47.2799301147461,-122.520011901855,36
tawa,G-VP,Summer20,Black-tailed deer,1,47.2799301147461,-122.520011901855,28
tawa,G-VP,Fall20,Black-tailed deer,5,47.2799301147461,-122.520011901855,38
tawa,G-KP1,Spring19,Black-tailed deer,7,47.2698554992676,-122.508392333984,36
tawa,G-TNC1,Spring19,Black-tailed deer,10,47.2403259277344,-122.490310668945,38
tawa,G-TNC1,Spring20,Black-tailed deer,96,47.2403259277344,-122.490310668945,46
tawa,G-TNC1,Winter20,Black-tailed deer,5,47.2403259277344,-122.490310668945,37
tawa,G-TNC1,Summer19,Black-tailed deer,2,47.2403259277344,-122.490310668945,35
tawa,G-TNC1,Summer20,Black-tailed deer,11,47.2403259277344,-122.490310668945,28
tawa,G-TNC1,Fall19,Black-tailed deer,8,47.2403259277344,-122.490310668945,36
tawa,G-TNC1,Fall20,Black-tailed deer,16,47.2403259277344,-122.490310668945,39
tawa,P-MKP2,Fall20,Black-tailed deer,6,47.2352294921875,-122.423698425293,30
tawa,P-TE1,Spring20,Black-tailed deer,21,46.9221954345703,-122.279510498047,50
tawa,P-TE1,Winter20,Black-tailed deer,4,46.9221954345703,-122.279510498047,36
tawa,P-TE1,Summer19,Black-tailed deer,69,46.9221954345703,-122.279510498047,36
tawa,P-TE1,Fall20,Black-tailed deer,143,46.9221954345703,-122.279510498047,36
tawa,P-OV1,Summer19,Black-tailed deer,4,46.8700981140137,-122.343276977539,23
tawa,B-TP,Summer19,Black-tailed deer,3,47.2525100708008,-122.552337646484,35
tawa,B-TP,Fall19,Black-tailed deer,3,47.2525100708008,-122.552337646484,35
tawa,G-KP1,Spring20,Black-tailed deer,77,47.2690620422363,-122.507987976074,45
tawa,G-KP1,Fall20,Black-tailed deer,2,47.2690620422363,-122.507987976074,38
tawa,G-FP1,Spring20,Eastern cottontail rabbit,12,47.2466049194336,-122.480010986328,40
tawa,P-RP,Spring20,Eastern cottontail rabbit,42,47.2971992492676,-122.512252807617,51
tawa,P-RP,Winter19,Eastern cottontail rabbit,15,47.2971992492676,-122.512252807617,37
tawa,P-RP,Summer19,Eastern cottontail rabbit,6,47.2971992492676,-122.512252807617,36
tawa,P-RP,Fall20,Eastern cottontail rabbit,11,47.2971992492676,-122.512252807617,37
tawa,P-STP,Winter20,Eastern cottontail rabbit,2,47.2853088378906,-122.491737365723,37
tawa,P-STP,Summer19,Eastern cottontail rabbit,2,47.2853088378906,-122.491737365723,37
tawa,P-STP,Fall19,Eastern cottontail rabbit,4,47.2853088378906,-122.491737365723,36
tawa,P-DPV,Winter19,Eastern cottontail rabbit,5,47.3165092468262,-122.543640136719,36
tawa,P-DPV,Summer20,Eastern cottontail rabbit,1,47.3165092468262,-122.543640136719,31
tawa,P-MCP,Winter19,Eastern cottontail rabbit,33,47.2536430358887,-122.444404602051,37
tawa,P-MCP,Fall20,Eastern cottontail rabbit,1,47.2536430358887,-122.444404602051,36
tawa,P-GW1,Winter19,Eastern cottontail rabbit,30,47.247974395752,-122.410003662109,NA
tawa,P-UCC,Winter19,Eastern cottontail rabbit,2,47.227725982666,-122.381828308105,36
tawa,P-SCP2,Winter19,Eastern cottontail rabbit,3,47.2210693359375,-122.397392272949,35
tawa,P-SCP2,Winter20,Eastern cottontail rabbit,3,47.2210693359375,-122.397392272949,37
tawa,P-SCP2,Summer19,Eastern cottontail rabbit,2,47.2210693359375,-122.397392272949,42
tawa,P-SCP2,Summer20,Eastern cottontail rabbit,29,47.2210693359375,-122.397392272949,36
tawa,P-SCP2,Fall19,Eastern cottontail rabbit,28,47.2210693359375,-122.397392272949,47
tawa,P-CCP,Winter19,Eastern cottontail rabbit,19,47.1814193725586,-122.320220947266,35
tawa,P-CCP,Winter20,Eastern cottontail rabbit,4,47.1814193725586,-122.320220947266,36
tawa,P-WBC,Spring20,Eastern cottontail rabbit,7,47.1692008972168,-122.300270080566,27
tawa,P-WBC,Summer19,Eastern cottontail rabbit,1,47.1692008972168,-122.300270080566,36
tawa,P-RWSR,Winter20,Eastern cottontail rabbit,3,46.9255981445312,-122.268463134766,36
tawa,P-OLT,Fall19,Eastern cottontail rabbit,2,46.9126510620117,-122.272743225098,38
tawa,G-VP,Spring20,Eastern cottontail rabbit,13,47.2799301147461,-122.520011901855,45
tawa,G-VP,Winter19,Eastern cottontail rabbit,1,47.2799301147461,-122.520011901855,36
tawa,G-VP,Winter20,Eastern cottontail rabbit,15,47.2799301147461,-122.520011901855,37
tawa,G-TNC1,Fall19,Eastern cottontail rabbit,4,47.2403259277344,-122.490310668945,36
tawa,G-TNC1,Fall20,Eastern cottontail rabbit,1,47.2403259277344,-122.490310668945,39
tawa,G-WP2,Spring19,Eastern cottontail rabbit,1,47.198356628418,-122.458473205566,37
tawa,G-OTP,Spring19,Eastern cottontail rabbit,4,47.1878776550293,-122.476829528809,33
tawa,G-OTP,Winter19,Eastern cottontail rabbit,9,47.1878776550293,-122.476829528809,36
tawa,G-OTP,Summer19,Eastern cottontail rabbit,2,47.1878776550293,-122.476829528809,36
tawa,G-CLP3,Spring19,Eastern cottontail rabbit,10,47.2462463378906,-122.510543823242,38
tawa,G-CLP3,Spring20,Eastern cottontail rabbit,57,47.2462463378906,-122.510543823242,46
tawa,G-CLP3,Summer20,Eastern cottontail rabbit,5,47.2462463378906,-122.510543823242,44
tawa,G-CLP3,Fall19,Eastern cottontail rabbit,20,47.2462463378906,-122.510543823242,36
tawa,G-CLP3,Fall20,Eastern cottontail rabbit,10,47.2462463378906,-122.510543823242,39
tawa,P-GW1,Summer19,Eastern cottontail rabbit,1,47.2470703125,-122.409233093262,NA
tawa,P-GW1,Spring20,Eastern cottontail rabbit,32,47.249397277832,-122.412261962891,44
tawa,P-GW1,Winter20,Eastern cottontail rabbit,22,47.249397277832,-122.412261962891,37
tawa,P-GW1,Fall19,Eastern cottontail rabbit,313,47.249397277832,-122.412261962891,47
tawa,P-UWT,Spring20,Eastern cottontail rabbit,2,47.2428779602051,-122.440170288086,49
tawa,P-UWT,Winter20,Eastern cottontail rabbit,16,47.2428779602051,-122.440170288086,37
tawa,P-UWT,Summer20,Eastern cottontail rabbit,37,47.2428779602051,-122.440170288086,29
tawa,P-UWT,Fall20,Eastern cottontail rabbit,50,47.2428779602051,-122.440170288086,30
tawa,P-TE1,Winter20,Eastern cottontail rabbit,5,46.9221954345703,-122.279510498047,36
tawa,G-IP,Fall20,Eastern cottontail rabbit,4,47.2356605529785,-122.463050842285,21
tawa,G-SERA,Spring20,Eastern cottontail rabbit,24,47.2027893066406,-122.491188049316,50
tawa,G-SERA,Winter20,Eastern cottontail rabbit,42,47.2027893066406,-122.491188049316,37
tawa,G-SERA,Fall19,Eastern cottontail rabbit,28,47.2027893066406,-122.491188049316,35
tawa,G-CBP1,Spring19,Eastern cottontail rabbit,1,47.1883010864258,-122.426826477051,37
tawa,B-TP,Summer19,Eastern cottontail rabbit,3,47.2525100708008,-122.552337646484,35
tawa,G-FP1,Spring20,Raccoon,67,47.2466049194336,-122.480010986328,40
tawa,P-OB,Spring19,Raccoon,3,47.3131904602051,-122.530456542969,37
tawa,P-OB,Spring20,Raccoon,9,47.3131904602051,-122.530456542969,49
tawa,P-OB,Winter19,Raccoon,1,47.3131904602051,-122.530456542969,33
tawa,P-OB,Winter20,Raccoon,18,47.3131904602051,-122.530456542969,37
tawa,P-OB,Summer19,Raccoon,10,47.3131904602051,-122.530456542969,36
tawa,P-OB,Summer20,Raccoon,1,47.3131904602051,-122.530456542969,31
tawa,P-OB,Fall19,Raccoon,3,47.3131904602051,-122.530456542969,36
tawa,P-OB,Fall20,Raccoon,5,47.3131904602051,-122.530456542969,37
tawa,P-RP,Spring19,Raccoon,50,47.2971992492676,-122.512252807617,38
tawa,P-RP,Spring20,Raccoon,25,47.2971992492676,-122.512252807617,51
tawa,P-RP,Winter20,Raccoon,27,47.2971992492676,-122.512252807617,35
tawa,P-RP,Summer19,Raccoon,38,47.2971992492676,-122.512252807617,36
tawa,P-RP,Summer20,Raccoon,10,47.2971992492676,-122.512252807617,50
tawa,P-RP,Fall19,Raccoon,40,47.2971992492676,-122.512252807617,36
tawa,P-RP,Fall20,Raccoon,74,47.2971992492676,-122.512252807617,37
tawa,P-STP,Spring19,Raccoon,10,47.2853088378906,-122.491737365723,38
tawa,P-STP,Winter20,Raccoon,7,47.2853088378906,-122.491737365723,37
tawa,P-STP,Summer19,Raccoon,5,47.2853088378906,-122.491737365723,37
tawa,P-STP,Fall19,Raccoon,8,47.2853088378906,-122.491737365723,36
tawa,P-STP,Fall20,Raccoon,6,47.2853088378906,-122.491737365723,23
tawa,P-DPV,Spring19,Raccoon,6,47.3165092468262,-122.543640136719,37
tawa,P-DPV,Spring20,Raccoon,33,47.3165092468262,-122.543640136719,51
tawa,P-DPV,Winter20,Raccoon,1,47.3165092468262,-122.543640136719,37
tawa,P-DPV,Summer20,Raccoon,6,47.3165092468262,-122.543640136719,31
tawa,P-DPV,Fall20,Raccoon,9,47.3165092468262,-122.543640136719,37
tawa,P-PDP,Spring19,Raccoon,25,47.3060722351074,-122.518348693848,37
tawa,P-PDP,Spring20,Raccoon,44,47.3060722351074,-122.518348693848,49
tawa,P-PDP,Winter19,Raccoon,22,47.3060722351074,-122.518348693848,36
tawa,P-PDP,Winter20,Raccoon,33,47.3060722351074,-122.518348693848,37
tawa,P-PDP,Summer19,Raccoon,12,47.3060722351074,-122.518348693848,36
tawa,P-PDP,Summer20,Raccoon,8,47.3060722351074,-122.518348693848,30
tawa,P-PDP,Fall19,Raccoon,19,47.3060722351074,-122.518348693848,36
tawa,P-JCP,Winter19,Raccoon,6,47.2857666015625,-122.504890441895,15
tawa,P-PCNA2,Spring19,Raccoon,3,47.2768325805664,-122.484329223633,38
tawa,P-PCNA2,Winter19,Raccoon,19,47.2768325805664,-122.484329223633,36
tawa,P-PCNA2,Winter20,Raccoon,13,47.2768325805664,-122.484329223633,37
tawa,P-PCNA2,Summer19,Raccoon,2,47.2768325805664,-122.484329223633,37
tawa,P-PCNA2,Summer20,Raccoon,1,47.2768325805664,-122.484329223633,48
tawa,P-PCNA2,Fall19,Raccoon,14,47.2768325805664,-122.484329223633,36
tawa,P-PCNA2,Fall20,Raccoon,21,47.2768325805664,-122.484329223633,36
tawa,P-CUP,Spring19,Raccoon,27,47.2729530334473,-122.471321105957,38
tawa,P-CUP,Spring20,Raccoon,22,47.2729530334473,-122.471321105957,44
tawa,P-CUP,Winter19,Raccoon,32,47.2729530334473,-122.471321105957,37
tawa,P-CUP,Winter20,Raccoon,52,47.2729530334473,-122.471321105957,38
tawa,P-CUP,Summer19,Raccoon,106,47.2729530334473,-122.471321105957,37
tawa,P-CUP,Summer20,Raccoon,1,47.2729530334473,-122.471321105957,41
tawa,P-CUP,Fall19,Raccoon,38,47.2729530334473,-122.471321105957,36
tawa,P-CUP,Fall20,Raccoon,23,47.2729530334473,-122.471321105957,37
tawa,P-GP,Spring19,Raccoon,3,47.269889831543,-122.457450866699,38
tawa,P-GP,Spring20,Raccoon,1,47.269889831543,-122.457450866699,46
tawa,P-GP,Winter19,Raccoon,1,47.269889831543,-122.457450866699,37
tawa,P-GP,Summer19,Raccoon,14,47.269889831543,-122.457450866699,37
tawa,P-GP,Fall19,Raccoon,5,47.269889831543,-122.457450866699,35
tawa,P-WP,Winter19,Raccoon,3,47.2620391845703,-122.449630737305,37
tawa,P-MCP,Spring19,Raccoon,17,47.2536430358887,-122.444404602051,38
tawa,P-MCP,Spring20,Raccoon,5,47.2536430358887,-122.444404602051,44
tawa,P-MCP,Winter19,Raccoon,11,47.2536430358887,-122.444404602051,37
tawa,P-MCP,Winter20,Raccoon,2,47.2536430358887,-122.444404602051,37
tawa,P-MCP,Summer19,Raccoon,19,47.2536430358887,-122.444404602051,37
tawa,P-MCP,Fall19,Raccoon,8,47.2536430358887,-122.444404602051,46
tawa,P-MCP,Fall20,Raccoon,4,47.2536430358887,-122.444404602051,36
tawa,P-MKP2,Spring19,Raccoon,7,47.2350921630859,-122.424713134766,33
tawa,P-MKP2,Winter19,Raccoon,7,47.2350921630859,-122.424713134766,36
tawa,P-MKP2,Summer19,Raccoon,5,47.2350921630859,-122.424713134766,20
tawa,P-MKP2,Fall19,Raccoon,31,47.2350921630859,-122.424713134766,47
tawa,P-LCC,Spring19,Raccoon,4,47.2329521179199,-122.39436340332,10
tawa,P-LCC,Winter19,Raccoon,2,47.2329521179199,-122.39436340332,36
tawa,P-UCC,Summer19,Raccoon,3,47.227725982666,-122.381828308105,29
tawa,P-SCP2,Fall20,Raccoon,1,47.2210693359375,-122.397392272949,36
tawa,P-RT,Spring19,Raccoon,12,47.2034492492676,-122.31005859375,35
tawa,P-RT,Winter19,Raccoon,3,47.2034492492676,-122.31005859375,35
tawa,P-RT,Summer19,Raccoon,4,47.2034492492676,-122.31005859375,17
tawa,P-RT,Fall19,Raccoon,1,47.2034492492676,-122.31005859375,38
tawa,P-CCP,Spring19,Raccoon,19,47.1814193725586,-122.320220947266,15
tawa,P-CCP,Spring20,Raccoon,31,47.1814193725586,-122.320220947266,27
tawa,P-CCP,Winter19,Raccoon,39,47.1814193725586,-122.320220947266,35
tawa,P-CCP,Winter20,Raccoon,70,47.1814193725586,-122.320220947266,36
tawa,P-CCP,Summer19,Raccoon,22,47.1814193725586,-122.320220947266,36
tawa,P-CCP,Summer20,Raccoon,42,47.1814193725586,-122.320220947266,46
tawa,P-CCP,Fall19,Raccoon,19,47.1814193725586,-122.320220947266,22
tawa,P-CCP,Fall20,Raccoon,47,47.1814193725586,-122.320220947266,46
tawa,P-WBC,Spring19,Raccoon,33,47.1692008972168,-122.300270080566,35
tawa,P-WBC,Spring20,Raccoon,2,47.1692008972168,-122.300270080566,27
tawa,P-WBC,Winter19,Raccoon,75,47.1692008972168,-122.300270080566,35
tawa,P-WBC,Winter20,Raccoon,32,47.1692008972168,-122.300270080566,36
tawa,P-WBC,Summer19,Raccoon,23,47.1692008972168,-122.300270080566,36
tawa,P-WBC,Summer20,Raccoon,2,47.1692008972168,-122.300270080566,44
tawa,P-WBC,Fall19,Raccoon,80,47.1692008972168,-122.300270080566,38
tawa,P-WBC,Fall20,Raccoon,9,47.1692008972168,-122.300270080566,46
tawa,P-WWP,Spring19,Raccoon,8,47.1728096008301,-122.276657104492,35
tawa,P-WWP,Winter19,Raccoon,1,47.1728096008301,-122.276657104492,35
tawa,P-WWP,Summer19,Raccoon,4,47.1728096008301,-122.276657104492,36
tawa,P-WWP,Fall19,Raccoon,5,47.1728096008301,-122.276657104492,38
tawa,P-BLP,Spring20,Raccoon,1,47.1616821289062,-122.282829284668,26
tawa,P-TE1,Winter19,Raccoon,1,46.9221992492676,-122.280296325684,35
tawa,P-RWSR,Spring19,Raccoon,5,46.9255981445312,-122.268463134766,36
tawa,P-RWSR,Spring20,Raccoon,21,46.9255981445312,-122.268463134766,47
tawa,P-RWSR,Winter19,Raccoon,13,46.9255981445312,-122.268463134766,35
tawa,P-RWSR,Winter20,Raccoon,9,46.9255981445312,-122.268463134766,36
tawa,P-RWSR,Summer19,Raccoon,6,46.9255981445312,-122.268463134766,36
tawa,P-RWSR,Summer20,Raccoon,4,46.9255981445312,-122.268463134766,42
tawa,P-RWSR,Fall19,Raccoon,7,46.9255981445312,-122.268463134766,38
tawa,P-RWSR,Fall20,Raccoon,5,46.9255981445312,-122.268463134766,36
tawa,P-OLT,Spring19,Raccoon,15,46.9126510620117,-122.272743225098,36
tawa,P-OLT,Spring20,Raccoon,6,46.9126510620117,-122.272743225098,51
tawa,P-OLT,Winter19,Raccoon,9,46.9126510620117,-122.272743225098,35
tawa,P-OLT,Winter20,Raccoon,5,46.9126510620117,-122.272743225098,36
tawa,P-OLT,Summer19,Raccoon,15,46.9126510620117,-122.272743225098,36
tawa,P-OLT,Summer20,Raccoon,2,46.9126510620117,-122.272743225098,44
tawa,P-OLT,Fall19,Raccoon,6,46.9126510620117,-122.272743225098,38
tawa,P-OLT,Fall20,Raccoon,3,46.9126510620117,-122.272743225098,36
tawa,P-OV1,Winter19,Raccoon,4,46.8688468933105,-122.341804504395,NA
tawa,G-SB,Spring20,Raccoon,19,47.2981910705566,-122.529968261719,51
tawa,G-SB,Winter19,Raccoon,1,47.2981910705566,-122.529968261719,35
tawa,G-SB,Winter20,Raccoon,3,47.2981910705566,-122.529968261719,37
tawa,G-SB,Fall20,Raccoon,2,47.2981910705566,-122.529968261719,38
tawa,G-VP,Spring19,Raccoon,12,47.2799301147461,-122.520011901855,37
tawa,G-VP,Spring20,Raccoon,7,47.2799301147461,-122.520011901855,45
tawa,G-VP,Winter19,Raccoon,20,47.2799301147461,-122.520011901855,36
tawa,G-VP,Winter20,Raccoon,27,47.2799301147461,-122.520011901855,37
tawa,G-VP,Summer19,Raccoon,10,47.2799301147461,-122.520011901855,36
tawa,G-VP,Summer20,Raccoon,6,47.2799301147461,-122.520011901855,28
tawa,G-VP,Fall19,Raccoon,6,47.2799301147461,-122.520011901855,17
tawa,G-VP,Fall20,Raccoon,2,47.2799301147461,-122.520011901855,38
tawa,G-KP1,Spring19,Raccoon,3,47.2698554992676,-122.508392333984,36
tawa,G-KP1,Winter19,Raccoon,2,47.2698554992676,-122.508392333984,35
tawa,G-JP,Spring19,Raccoon,1,47.2573394775391,-122.489799499512,10
tawa,G-JP,Winter19,Raccoon,18,47.2573394775391,-122.489799499512,36
tawa,G-JP,Winter20,Raccoon,61,47.2573394775391,-122.489799499512,37
tawa,G-JP,Summer19,Raccoon,13,47.2573394775391,-122.489799499512,36
tawa,G-JP,Summer20,Raccoon,5,47.2573394775391,-122.489799499512,30
tawa,G-JP,Fall19,Raccoon,16,47.2573394775391,-122.489799499512,15
tawa,G-TNC1,Spring20,Raccoon,5,47.2403259277344,-122.490310668945,46
tawa,G-TNC1,Winter20,Raccoon,21,47.2403259277344,-122.490310668945,37
tawa,G-TNC1,Summer19,Raccoon,12,47.2403259277344,-122.490310668945,35
tawa,G-TNC1,Fall19,Raccoon,9,47.2403259277344,-122.490310668945,36
tawa,G-TNC1,Fall20,Raccoon,25,47.2403259277344,-122.490310668945,39
tawa,G-SP,Winter19,Raccoon,5,47.2108535766602,-122.480819702148,15
tawa,G-SP,Summer19,Raccoon,11,47.2108535766602,-122.480819702148,36
tawa,G-WP2,Spring19,Raccoon,4,47.198356628418,-122.458473205566,37
tawa,G-WP2,Spring20,Raccoon,6,47.198356628418,-122.458473205566,50
tawa,G-WP2,Winter19,Raccoon,2,47.198356628418,-122.458473205566,36
tawa,G-WP2,Summer20,Raccoon,11,47.198356628418,-122.458473205566,31
tawa,G-WP2,Fall19,Raccoon,1,47.198356628418,-122.458473205566,36
tawa,G-OTP,Spring19,Raccoon,1,47.1878776550293,-122.476829528809,33
tawa,G-OTP,Winter19,Raccoon,2,47.1878776550293,-122.476829528809,36
tawa,G-OTP,Summer19,Raccoon,4,47.1878776550293,-122.476829528809,36
tawa,G-OTP,Fall19,Raccoon,28,47.1878776550293,-122.476829528809,36
tawa,G-WLP1,Winter19,Raccoon,54,47.1792602539062,-122.47248840332,NA
tawa,G-WLP1,Spring19,Raccoon,9,47.1776504516602,-122.471542358398,37
tawa,G-WLP1,Spring20,Raccoon,12,47.1776504516602,-122.471542358398,23
tawa,G-WLP1,Summer19,Raccoon,14,47.1776504516602,-122.471542358398,36
tawa,G-WLP1,Fall19,Raccoon,35,47.1776504516602,-122.471542358398,36
tawa,G-WLP1,Fall20,Raccoon,22,47.1776504516602,-122.471542358398,31
tawa,G-CLP3,Spring20,Raccoon,1,47.2462463378906,-122.510543823242,46
tawa,G-CLP3,Winter20,Raccoon,1,47.2462463378906,-122.510543823242,38
tawa,G-CLP3,Summer20,Raccoon,3,47.2462463378906,-122.510543823242,44
tawa,P-MKP2,Spring20,Raccoon,5,47.2352294921875,-122.423698425293,21
tawa,P-MKP2,Winter20,Raccoon,55,47.2352294921875,-122.423698425293,38
tawa,P-MKP2,Summer20,Raccoon,3,47.2352294921875,-122.423698425293,29
tawa,P-MKP2,Fall20,Raccoon,1,47.2352294921875,-122.423698425293,30
tawa,P-UWT,Spring20,Raccoon,2,47.2428779602051,-122.440170288086,49
tawa,P-UWT,Winter20,Raccoon,5,47.2428779602051,-122.440170288086,37
tawa,P-UWT,Summer19,Raccoon,66,47.2428779602051,-122.440170288086,37
tawa,P-UWT,Summer20,Raccoon,2,47.2428779602051,-122.440170288086,29
tawa,P-UWT,Fall19,Raccoon,12,47.2428779602051,-122.440170288086,47
tawa,P-UWT,Fall20,Raccoon,3,47.2428779602051,-122.440170288086,30
tawa,P-TE1,Summer19,Raccoon,6,46.9221954345703,-122.279510498047,36
tawa,P-OV1,Summer19,Raccoon,2,46.8700981140137,-122.343276977539,23
tawa,G-IP,Winter20,Raccoon,18,47.2356605529785,-122.463050842285,37
tawa,G-IP,Fall19,Raccoon,31,47.2356605529785,-122.463050842285,36
tawa,G-SERA,Spring20,Raccoon,1,47.2027893066406,-122.491188049316,50
tawa,G-CBP1,Spring19,Raccoon,1,47.1883010864258,-122.426826477051,37
tawa,G-CBP1,Spring20,Raccoon,2,47.1883010864258,-122.426826477051,42
tawa,G-CBP1,Summer19,Raccoon,2,47.1883010864258,-122.426826477051,36
tawa,G-CBP1,Summer20,Raccoon,21,47.1883010864258,-122.426826477051,36
tawa,G-CBP1,Fall19,Raccoon,2,47.1883010864258,-122.426826477051,36
tawa,B-TP,Summer19,Raccoon,1,47.2525100708008,-122.552337646484,35
tawa,B-TP,Fall19,Raccoon,3,47.2525100708008,-122.552337646484,35
tawa,G-KP1,Spring20,Raccoon,1,47.2690620422363,-122.507987976074,45
tawa,G-KP1,Fall20,Raccoon,6,47.2690620422363,-122.507987976074,38
tawa,P-RP,Spring20,Striped skunk,8,47.2971992492676,-122.512252807617,51
tawa,P-RP,Winter20,Striped skunk,1,47.2971992492676,-122.512252807617,35
tawa,P-RP,Summer19,Striped skunk,1,47.2971992492676,-122.512252807617,36
tawa,P-RP,Fall19,Striped skunk,6,47.2971992492676,-122.512252807617,36
tawa,P-STP,Spring19,Striped skunk,2,47.2853088378906,-122.491737365723,38
tawa,P-STP,Summer19,Striped skunk,5,47.2853088378906,-122.491737365723,37
tawa,P-STP,Fall19,Striped skunk,1,47.2853088378906,-122.491737365723,36
tawa,P-PCNA2,Summer19,Striped skunk,1,47.2768325805664,-122.484329223633,37
tawa,P-PCNA2,Summer20,Striped skunk,1,47.2768325805664,-122.484329223633,48
tawa,P-CUP,Fall19,Striped skunk,3,47.2729530334473,-122.471321105957,36
tawa,P-CCP,Spring19,Striped skunk,7,47.1814193725586,-122.320220947266,15
tawa,P-CCP,Spring20,Striped skunk,6,47.1814193725586,-122.320220947266,27
tawa,P-CCP,Winter19,Striped skunk,15,47.1814193725586,-122.320220947266,35
tawa,P-CCP,Winter20,Striped skunk,4,47.1814193725586,-122.320220947266,36
tawa,P-CCP,Summer19,Striped skunk,45,47.1814193725586,-122.320220947266,36
tawa,P-CCP,Summer20,Striped skunk,53,47.1814193725586,-122.320220947266,46
tawa,P-CCP,Fall19,Striped skunk,6,47.1814193725586,-122.320220947266,22
tawa,P-CCP,Fall20,Striped skunk,16,47.1814193725586,-122.320220947266,46
tawa,P-WBC,Winter19,Striped skunk,1,47.1692008972168,-122.300270080566,35
tawa,P-RWSR,Fall20,Striped skunk,1,46.9255981445312,-122.268463134766,36
tawa,G-VP,Summer19,Striped skunk,10,47.2799301147461,-122.520011901855,36
tawa,G-VP,Summer20,Striped skunk,22,47.2799301147461,-122.520011901855,28
tawa,G-VP,Fall19,Striped skunk,2,47.2799301147461,-122.520011901855,17
tawa,G-VP,Fall20,Striped skunk,2,47.2799301147461,-122.520011901855,38
tawa,G-FP1,Spring20,Virginia opossum,2,47.2466049194336,-122.480010986328,40
tawa,G-FP1,Winter19,Virginia opossum,9,47.2466049194336,-122.480010986328,36
tawa,G-CBP1,Winter19,Virginia opossum,39,47.1883201599121,-122.426826477051,35
tawa,P-OB,Spring20,Virginia opossum,1,47.3131904602051,-122.530456542969,49
tawa,P-RP,Spring19,Virginia opossum,5,47.2971992492676,-122.512252807617,38
tawa,P-RP,Winter19,Virginia opossum,1,47.2971992492676,-122.512252807617,37
tawa,P-RP,Winter20,Virginia opossum,3,47.2971992492676,-122.512252807617,35
tawa,P-RP,Summer19,Virginia opossum,2,47.2971992492676,-122.512252807617,36
tawa,P-RP,Fall19,Virginia opossum,1,47.2971992492676,-122.512252807617,36
tawa,P-STP,Spring19,Virginia opossum,7,47.2853088378906,-122.491737365723,38
tawa,P-STP,Winter19,Virginia opossum,10,47.2853088378906,-122.491737365723,15
tawa,P-STP,Winter20,Virginia opossum,8,47.2853088378906,-122.491737365723,37
tawa,P-STP,Fall19,Virginia opossum,12,47.2853088378906,-122.491737365723,36
tawa,P-STP,Fall20,Virginia opossum,12,47.2853088378906,-122.491737365723,23
tawa,P-DPV,Spring19,Virginia opossum,1,47.3165092468262,-122.543640136719,37
tawa,P-PDP,Spring19,Virginia opossum,1,47.3060722351074,-122.518348693848,37
tawa,P-PDP,Spring20,Virginia opossum,26,47.3060722351074,-122.518348693848,49
tawa,P-PDP,Winter20,Virginia opossum,3,47.3060722351074,-122.518348693848,37
tawa,P-PDP,Summer19,Virginia opossum,16,47.3060722351074,-122.518348693848,36
tawa,P-PDP,Summer20,Virginia opossum,1,47.3060722351074,-122.518348693848,30
tawa,P-PDP,Fall19,Virginia opossum,20,47.3060722351074,-122.518348693848,36
tawa,P-PCNA2,Summer19,Virginia opossum,1,47.2768325805664,-122.484329223633,37
tawa,P-PCNA2,Fall19,Virginia opossum,11,47.2768325805664,-122.484329223633,36
tawa,P-CUP,Spring19,Virginia opossum,20,47.2729530334473,-122.471321105957,38
tawa,P-CUP,Spring20,Virginia opossum,12,47.2729530334473,-122.471321105957,44
tawa,P-CUP,Winter19,Virginia opossum,26,47.2729530334473,-122.471321105957,37
tawa,P-CUP,Winter20,Virginia opossum,56,47.2729530334473,-122.471321105957,38
tawa,P-CUP,Summer19,Virginia opossum,46,47.2729530334473,-122.471321105957,37
tawa,P-CUP,Fall19,Virginia opossum,4,47.2729530334473,-122.471321105957,36
tawa,P-CUP,Fall20,Virginia opossum,13,47.2729530334473,-122.471321105957,37
tawa,P-GP,Summer19,Virginia opossum,9,47.269889831543,-122.457450866699,37
tawa,P-WP,Winter19,Virginia opossum,1,47.2620391845703,-122.449630737305,37
tawa,P-MKP2,Fall19,Virginia opossum,10,47.2350921630859,-122.424713134766,47
tawa,P-UCC,Summer19,Virginia opossum,2,47.227725982666,-122.381828308105,29
tawa,P-RT,Spring19,Virginia opossum,1,47.2034492492676,-122.31005859375,35
tawa,P-RT,Summer19,Virginia opossum,2,47.2034492492676,-122.31005859375,17
tawa,P-RT,Fall19,Virginia opossum,8,47.2034492492676,-122.31005859375,38
tawa,P-CCP,Spring20,Virginia opossum,4,47.1814193725586,-122.320220947266,27
tawa,P-CCP,Winter19,Virginia opossum,1,47.1814193725586,-122.320220947266,35
tawa,P-CCP,Summer19,Virginia opossum,2,47.1814193725586,-122.320220947266,36
tawa,P-CCP,Fall19,Virginia opossum,6,47.1814193725586,-122.320220947266,22
tawa,P-CCP,Fall20,Virginia opossum,4,47.1814193725586,-122.320220947266,46
tawa,P-WBC,Winter20,Virginia opossum,1,47.1692008972168,-122.300270080566,36
tawa,P-WBC,Fall19,Virginia opossum,1,47.1692008972168,-122.300270080566,38
tawa,P-WWP,Spring19,Virginia opossum,2,47.1728096008301,-122.276657104492,35
tawa,P-WWP,Spring20,Virginia opossum,1,47.1728096008301,-122.276657104492,19
tawa,P-WWP,Winter20,Virginia opossum,1,47.1728096008301,-122.276657104492,10
tawa,P-WWP,Summer19,Virginia opossum,1,47.1728096008301,-122.276657104492,36
tawa,P-WWP,Fall19,Virginia opossum,44,47.1728096008301,-122.276657104492,38
tawa,P-BLP,Spring19,Virginia opossum,1,47.1616821289062,-122.282829284668,35
tawa,P-BLP,Winter19,Virginia opossum,1,47.1616821289062,-122.282829284668,35
tawa,P-BLP,Winter20,Virginia opossum,1,47.1616821289062,-122.282829284668,36
tawa,P-BLP,Summer19,Virginia opossum,6,47.1616821289062,-122.282829284668,36
tawa,P-TE1,Spring19,Virginia opossum,1,46.9221992492676,-122.280296325684,23
tawa,P-TE1,Fall19,Virginia opossum,3,46.9221992492676,-122.280296325684,38
tawa,P-RWSR,Fall19,Virginia opossum,18,46.9255981445312,-122.268463134766,38
tawa,P-OLT,Spring19,Virginia opossum,6,46.9126510620117,-122.272743225098,36
tawa,P-OLT,Spring20,Virginia opossum,9,46.9126510620117,-122.272743225098,51
tawa,P-OLT,Winter20,Virginia opossum,27,46.9126510620117,-122.272743225098,36
tawa,P-OLT,Summer19,Virginia opossum,6,46.9126510620117,-122.272743225098,36
tawa,P-OLT,Summer20,Virginia opossum,3,46.9126510620117,-122.272743225098,44
tawa,P-OLT,Fall19,Virginia opossum,31,46.9126510620117,-122.272743225098,38
tawa,P-OLT,Fall20,Virginia opossum,6,46.9126510620117,-122.272743225098,36
tawa,G-VP,Spring19,Virginia opossum,5,47.2799301147461,-122.520011901855,37
tawa,G-VP,Spring20,Virginia opossum,1,47.2799301147461,-122.520011901855,45
tawa,G-VP,Summer19,Virginia opossum,21,47.2799301147461,-122.520011901855,36
tawa,G-KP1,Spring19,Virginia opossum,1,47.2698554992676,-122.508392333984,36
tawa,G-JP,Winter20,Virginia opossum,4,47.2573394775391,-122.489799499512,37
tawa,G-JP,Summer19,Virginia opossum,12,47.2573394775391,-122.489799499512,36
tawa,G-JP,Summer20,Virginia opossum,2,47.2573394775391,-122.489799499512,30
tawa,G-JP,Fall19,Virginia opossum,1,47.2573394775391,-122.489799499512,15
tawa,G-TNC1,Fall19,Virginia opossum,1,47.2403259277344,-122.490310668945,36
tawa,G-SP,Winter19,Virginia opossum,4,47.2108535766602,-122.480819702148,15
tawa,G-SP,Summer19,Virginia opossum,12,47.2108535766602,-122.480819702148,36
tawa,G-WP2,Summer20,Virginia opossum,2,47.198356628418,-122.458473205566,31
tawa,G-OTP,Winter19,Virginia opossum,1,47.1878776550293,-122.476829528809,36
tawa,G-OTP,Summer19,Virginia opossum,2,47.1878776550293,-122.476829528809,36
tawa,G-WLP1,Fall19,Virginia opossum,2,47.1776504516602,-122.471542358398,36
tawa,G-CLP3,Spring20,Virginia opossum,1,47.2462463378906,-122.510543823242,46
tawa,G-CLP3,Winter20,Virginia opossum,1,47.2462463378906,-122.510543823242,38
tawa,G-CLP3,Summer20,Virginia opossum,5,47.2462463378906,-122.510543823242,44
tawa,G-CLP3,Fall19,Virginia opossum,4,47.2462463378906,-122.510543823242,36
tawa,G-CLP3,Fall20,Virginia opossum,1,47.2462463378906,-122.510543823242,39
tawa,P-MKP2,Winter20,Virginia opossum,1,47.2352294921875,-122.423698425293,38
tawa,P-MKP2,Fall20,Virginia opossum,3,47.2352294921875,-122.423698425293,30
tawa,P-UWT,Summer20,Virginia opossum,3,47.2428779602051,-122.440170288086,29
tawa,P-UWT,Fall20,Virginia opossum,1,47.2428779602051,-122.440170288086,30
tawa,P-TE1,Summer19,Virginia opossum,2,46.9221954345703,-122.279510498047,36
tawa,G-IP,Spring20,Virginia opossum,2,47.2356605529785,-122.463050842285,40
tawa,G-IP,Fall20,Virginia opossum,1,47.2356605529785,-122.463050842285,21
tawa,G-CBP1,Spring19,Virginia opossum,40,47.1883010864258,-122.426826477051,37
tawa,G-CBP1,Spring20,Virginia opossum,49,47.1883010864258,-122.426826477051,42
tawa,G-CBP1,Summer19,Virginia opossum,12,47.1883010864258,-122.426826477051,36
tawa,G-CBP1,Summer20,Virginia opossum,74,47.1883010864258,-122.426826477051,36
tawa,G-CBP1,Fall19,Virginia opossum,109,47.1883010864258,-122.426826477051,36
tawa,P-SCP2,Summer20,Weasel (cannot ID),1,47.2210693359375,-122.397392272949,36
tawa,P-WWP,Fall19,Weasel (cannot ID),1,47.1728096008301,-122.276657104492,38
tawa,P-RWSR,Fall19,Weasel (cannot ID),1,46.9255981445312,-122.268463134766,38
tawa,P-OB,Spring20,Western Chipmunks,1,47.3131904602051,-122.530456542969,49
tawa,P-OB,Summer20,Western Chipmunks,2,47.3131904602051,-122.530456542969,31
tawa,P-DPV,Spring20,Western Chipmunks,1,47.3165092468262,-122.543640136719,51
tawa,P-OLT,Spring20,Western Chipmunks,9,46.9126510620117,-122.272743225098,51
tawa,P-OLT,Summer19,Western Chipmunks,27,46.9126510620117,-122.272743225098,36
tawa,P-OLT,Summer20,Western Chipmunks,19,46.9126510620117,-122.272743225098,44
tawa,P-OLT,Fall19,Western Chipmunks,6,46.9126510620117,-122.272743225098,38
tawa,G-TNC1,Summer19,Western Chipmunks,1,47.2403259277344,-122.490310668945,35
tawa,G-TNC1,Summer20,Western Chipmunks,2,47.2403259277344,-122.490310668945,28
tawa,P-DPV,Winter19,Western gray squirrel,4,47.3165092468262,-122.543640136719,36
sewa,BGP1,Fall20,Coyote,17,47.66616,-122.28327,31
sewa,DRP2,Fall20,Coyote,2,47.64354,-122.36046,31
sewa,DSP1,Fall20,Coyote,2,47.6598,-122.41942,31
sewa,DSP1,Summer20,Coyote,1,47.6598,-122.41942,31
sewa,FGL1,Fall20,Coyote,4,47.48434,-122.26262,31
sewa,FRD1,Fall19,Coyote,1,47.75103,-122.00792,35
sewa,FRD1,Fall20,Coyote,1,47.75103,-122.00792,33
sewa,FRD1,Spring19,Coyote,4,47.75103,-122.00792,30
sewa,FRD1,Summer19,Coyote,3,47.75103,-122.00792,29
sewa,FRD1,Summer20,Coyote,1,47.75103,-122.00792,33
sewa,FRD1,Winter20,Coyote,2,47.75103,-122.00792,32
sewa,HFW1,Fall19,Coyote,2,47.70676,-122.19162,33
sewa,HFW1,Fall20,Coyote,4,47.70676,-122.19162,31
sewa,HFW1,Summer19,Coyote,5,47.70676,-122.19162,34
sewa,HFW1,Summer20,Coyote,4,47.70676,-122.19162,29
sewa,HFW1,Winter20,Coyote,4,47.70676,-122.19162,32
sewa,IRP1,Fall19,Coyote,8,47.69055,-122.28101,31
sewa,IRP1,Fall20,Coyote,12,47.69055,-122.28101,31
sewa,IRP1,Spring19,Coyote,8,47.69055,-122.28101,28
sewa,IRP1,Spring20,Coyote,1,47.69055,-122.28101,30
sewa,IRP1,Summer19,Coyote,296,47.69055,-122.28101,34
sewa,IRP1,Summer20,Coyote,14,47.69055,-122.28101,31
sewa,IRP1,Winter20,Coyote,1,47.69055,-122.28101,31
sewa,JBP1,Fall19,Coyote,2,47.695583,-122.203475,46
sewa,JBP1,Fall20,Coyote,1,47.695583,-122.203475,31
sewa,JBP1,Spring19,Coyote,3,47.695583,-122.203475,30
sewa,JBP1,Spring20,Coyote,2,47.695583,-122.203475,33
sewa,JBP1,Summer19,Coyote,3,47.695583,-122.203475,33
sewa,JBP1,Summer20,Coyote,3,47.695583,-122.203475,33
sewa,JBP1,Winter20,Coyote,6,47.695583,-122.203475,30
sewa,LWP2,Winter20,Coyote,1,47.66921,-122.34483,35
sewa,MBC1,Spring19,Coyote,1,47.70461,-122.08888,33
sewa,MPO1,Summer19,Coyote,12,47.44997,-122.11071,34
sewa,MPO1,Summer20,Coyote,6,47.44997,-122.11071,37
sewa,MPO1,Winter20,Coyote,2,47.44997,-122.11071,34
sewa,MWP1,Fall19,Coyote,1,47.56073,-122.31937,31
sewa,MWP1,Fall20,Coyote,5,47.56073,-122.31937,31
sewa,MWP1,Summer19,Coyote,3,47.56073,-122.31937,21
sewa,NRP1,Fall19,Coyote,1,47.68709,-122.17331,31
sewa,NRP1,Fall20,Coyote,5,47.68709,-122.17331,31
sewa,NRP1,Summer20,Coyote,1,47.68709,-122.17331,31
sewa,NRP1,Winter20,Coyote,2,47.68709,-122.17331,31
sewa,PHN1,Summer20,Coyote,9,47.6723,-122.3598,31
sewa,PHN1,Fall20,Coyote,7,47.6708,-122.3596,31
sewa,PHN1,Summer19,Coyote,4,47.6708,-122.3596,31
sewa,RHF1,Fall20,Coyote,7,47.7406,-122.01764,34
sewa,RHF1,Summer20,Coyote,9,47.7406,-122.01764,33
sewa,RVP1,Fall19,Coyote,2,47.673535,-122.311193,31
sewa,RVP1,Fall20,Coyote,24,47.673535,-122.311193,31
sewa,RVP1,Spring19,Coyote,1,47.673535,-122.311193,32
sewa,RVP1,Summer19,Coyote,9,47.673535,-122.311193,31
sewa,RVP1,Winter20,Coyote,5,47.673535,-122.311193,31
sewa,RWP1,Fall20,Coyote,1,47.711603,-122.043494,31
sewa,RWP1,Spring19,Coyote,1,47.711603,-122.043494,29
sewa,RWP1,Spring20,Coyote,2,47.711603,-122.043494,30
sewa,SVP1,Fall19,Coyote,6,47.70675,-122.15123,31
sewa,SVP1,Fall20,Coyote,1,47.70675,-122.15123,31
sewa,SVP1,Summer20,Coyote,2,47.70675,-122.15123,37
sewa,SVP1,Winter20,Coyote,1,47.70675,-122.15123,35
sewa,SWD1,Fall19,Coyote,4,47.71029,-122.10428,32
sewa,SWD1,Fall20,Coyote,4,47.71029,-122.10428,31
sewa,SWD1,Spring19,Coyote,1,47.71029,-122.10428,28
sewa,SWD1,Summer19,Coyote,3,47.71029,-122.10428,31
sewa,SWD1,Summer20,Coyote,2,47.71029,-122.10428,34
sewa,SWD1,Winter20,Coyote,11,47.71029,-122.10428,33
sewa,TCC1,Fall19,Coyote,3,47.46189,-122.17861,36
sewa,TCC1,Spring19,Coyote,37,47.46189,-122.17861,38
sewa,TMF1,Fall20,Coyote,2,47.42278,-121.94978,30
sewa,TMF1,Summer20,Coyote,8,47.42278,-121.94978,34
sewa,TRN1,Summer19,Coyote,1,47.42001,-122.04184,34
sewa,BGP1,Fall19,Virginia opossum,1,47.66681,-122.28342,32
sewa,BGP1,Fall20,Virginia opossum,18,47.66616,-122.28327,31
sewa,DOS1,Fall19,Virginia opossum,1,47.74577,-121.96749,36
sewa,DOS1,Spring20,Virginia opossum,1,47.74577,-121.96749,37
sewa,DOS1,Summer20,Virginia opossum,1,47.74577,-121.96749,31
sewa,DRP2,Summer19,Virginia opossum,2,47.64354,-122.36046,31
sewa,DSP1,Fall19,Virginia opossum,15,47.6598,-122.41942,31
sewa,DSP1,Spring19,Virginia opossum,10,47.6598,-122.41942,27
sewa,DSP1,Summer19,Virginia opossum,7,47.6598,-122.41942,31
sewa,FRD1,Fall20,Virginia opossum,3,47.75103,-122.00792,33
sewa,FRD1,Summer20,Virginia opossum,5,47.75103,-122.00792,33
sewa,HFW1,Fall19,Virginia opossum,6,47.70676,-122.19162,33
sewa,HFW1,Fall20,Virginia opossum,21,47.70676,-122.19162,31
sewa,HFW1,Spring19,Virginia opossum,1,47.70676,-122.19162,30
sewa,HFW1,Summer19,Virginia opossum,2,47.70676,-122.19162,34
sewa,HFW1,Summer20,Virginia opossum,14,47.70676,-122.19162,29
sewa,JBP1,Spring20,Virginia opossum,4,47.695583,-122.203475,33
sewa,JBP1,Summer20,Virginia opossum,2,47.695583,-122.203475,33
sewa,JBP1,Winter20,Virginia opossum,1,47.695583,-122.203475,30
sewa,MBC1,Summer20,Virginia opossum,2,47.70431,-122.08896,30
sewa,MGP1,Spring19,Virginia opossum,1,47.68166,-122.25092,31
sewa,MPO1,Fall19,Virginia opossum,4,47.44997,-122.11071,35
sewa,MPO1,Spring19,Virginia opossum,9,47.44997,-122.11071,30
sewa,MPO1,Winter20,Virginia opossum,6,47.44997,-122.11071,34
sewa,MSR1,Summer20,Virginia opossum,1,47.54984,-122.3086,31
sewa,MWP1,Spring19,Virginia opossum,2,47.5609279,-122.3184906,32
sewa,MWP1,Fall20,Virginia opossum,2,47.56073,-122.31937,31
sewa,NRP1,Fall19,Virginia opossum,6,47.68709,-122.17331,31
sewa,NRP1,Spring19,Virginia opossum,3,47.68709,-122.17331,30
sewa,RHF1,Fall19,Virginia opossum,2,47.7406,-122.01764,36
sewa,RWP1,Fall19,Virginia opossum,5,47.711603,-122.043494,31
sewa,RWP1,Fall20,Virginia opossum,2,47.711603,-122.043494,31
sewa,RWP1,Spring19,Virginia opossum,1,47.711603,-122.043494,29
sewa,RWP1,Spring20,Virginia opossum,4,47.711603,-122.043494,30
sewa,RWP1,Winter20,Virginia opossum,8,47.711603,-122.043494,34
sewa,SWD1,Fall19,Virginia opossum,3,47.71029,-122.10428,32
sewa,TRN1,Fall19,Virginia opossum,2,47.42001,-122.04184,35
sewa,WDG1,Spring20,Virginia opossum,1,47.54149,-122.34569,30
sewa,HCN1,Fall19,River otter,1,47.51622,-122.30736,36
sewa,FRD1,Summer19,Bobcat,1,47.75103,-122.00792,29
sewa,FRD1,Winter20,Bobcat,2,47.75103,-122.00792,32
sewa,JBP1,Spring20,Bobcat,2,47.695583,-122.203475,33
sewa,MBC1,Winter20,Bobcat,2,47.70461,-122.08888,10
sewa,NRP1,Fall19,Bobcat,1,47.68709,-122.17331,31
sewa,NRP1,Spring20,Bobcat,1,47.68709,-122.17331,30
sewa,NRP1,Winter20,Bobcat,1,47.68709,-122.17331,31
sewa,RHF1,Fall19,Bobcat,1,47.7406,-122.01764,36
sewa,RWP1,Fall19,Bobcat,1,47.711603,-122.043494,31
sewa,SWD1,Winter20,Bobcat,1,47.71029,-122.10428,33
sewa,TMF1,Fall19,Bobcat,1,47.42278,-121.94978,35
sewa,DWP1,Summer19,Striped skunk,3,47.53195,-122.32024,35
sewa,DOS1,Spring19,Black-tailed deer,1,47.74577,-121.96749,35
sewa,DOS1,Spring20,Black-tailed deer,1,47.74577,-121.96749,37
sewa,FRD1,Fall19,Black-tailed deer,6,47.75103,-122.00792,35
sewa,FRD1,Fall20,Black-tailed deer,2,47.75103,-122.00792,33
sewa,FRD1,Spring19,Black-tailed deer,4,47.75103,-122.00792,30
sewa,FRD1,Summer19,Black-tailed deer,5,47.75103,-122.00792,29
sewa,FRD1,Summer20,Black-tailed deer,15,47.75103,-122.00792,33
sewa,FRD1,Winter20,Black-tailed deer,12,47.75103,-122.00792,32
sewa,HFW1,Summer20,Black-tailed deer,1,47.70676,-122.19162,29
sewa,JBP1,Fall19,Black-tailed deer,34,47.695583,-122.203475,46
sewa,JBP1,Fall20,Black-tailed deer,19,47.695583,-122.203475,31
sewa,JBP1,Spring19,Black-tailed deer,16,47.695583,-122.203475,30
sewa,JBP1,Spring20,Black-tailed deer,3,47.695583,-122.203475,33
sewa,JBP1,Summer19,Black-tailed deer,21,47.695583,-122.203475,33
sewa,JBP1,Summer20,Black-tailed deer,34,47.695583,-122.203475,33
sewa,JBP1,Winter20,Black-tailed deer,2,47.695583,-122.203475,30
sewa,MBC1,Fall19,Black-tailed deer,8,47.70461,-122.08888,31
sewa,MBC1,Spring19,Black-tailed deer,1,47.70461,-122.08888,33
sewa,MBC1,Summer19,Black-tailed deer,2,47.70461,-122.08888,22
sewa,MBC1,Summer20,Black-tailed deer,1,47.70431,-122.08896,30
sewa,MPO1,Fall19,Black-tailed deer,5,47.44997,-122.11071,35
sewa,MPO1,Fall20,Black-tailed deer,14,47.44997,-122.11071,40
sewa,MPO1,Spring19,Black-tailed deer,78,47.44997,-122.11071,30
sewa,MPO1,Summer19,Black-tailed deer,10,47.44997,-122.11071,34
sewa,MPO1,Summer20,Black-tailed deer,1,47.44997,-122.11071,37
sewa,MPO1,Winter20,Black-tailed deer,3,47.44997,-122.11071,34
sewa,RHF1,Fall19,Black-tailed deer,2,47.7406,-122.01764,36
sewa,RHF1,Summer19,Black-tailed deer,1,47.7406,-122.01764,29
sewa,RHF1,Winter20,Black-tailed deer,3,47.7406,-122.01764,33
sewa,RWP1,Fall19,Black-tailed deer,32,47.711603,-122.043494,31
sewa,RWP1,Fall20,Black-tailed deer,22,47.711603,-122.043494,31
sewa,RWP1,Spring19,Black-tailed deer,20,47.711603,-122.043494,29
sewa,RWP1,Spring20,Black-tailed deer,12,47.711603,-122.043494,30
sewa,RWP1,Summer19,Black-tailed deer,14,47.711603,-122.043494,31
sewa,RWP1,Summer20,Black-tailed deer,17,47.711603,-122.043494,31
sewa,RWP1,Winter20,Black-tailed deer,8,47.711603,-122.043494,34
sewa,SVP1,Fall20,Black-tailed deer,1,47.70675,-122.15123,31
sewa,SWD1,Fall19,Black-tailed deer,2,47.71029,-122.10428,32
sewa,SWD1,Fall20,Black-tailed deer,2,47.71029,-122.10428,31
sewa,SWD1,Spring19,Black-tailed deer,2,47.71029,-122.10428,28
sewa,SWD1,Summer19,Black-tailed deer,2,47.71029,-122.10428,31
sewa,SWD1,Summer20,Black-tailed deer,4,47.71029,-122.10428,34
sewa,TMF1,Fall19,Black-tailed deer,2,47.42278,-121.94978,35
sewa,TMF1,Spring19,Black-tailed deer,1,47.42278,-121.94978,30
sewa,TMF1,Summer19,Black-tailed deer,6,47.42278,-121.94978,34
sewa,TMF1,Summer20,Black-tailed deer,2,47.42278,-121.94978,34
sewa,TRN1,Fall19,Black-tailed deer,10,47.42001,-122.04184,35
sewa,TRN1,Spring19,Black-tailed deer,3,47.42001,-122.04184,30
sewa,TRN1,Summer19,Black-tailed deer,2,47.42001,-122.04184,34
sewa,BGP1,Fall20,Raccoon,14,47.66616,-122.28327,31
sewa,BGP1,Summer20,Raccoon,1,47.66616,-122.28327,37
sewa,BRF1,Spring19,Raccoon,17,47.47522,-122.24035,38
sewa,DRP2,Fall19,Raccoon,94,47.64354,-122.36046,31
sewa,DRP2,Fall20,Raccoon,54,47.64354,-122.36046,31
sewa,DRP2,Spring20,Raccoon,30,47.64354,-122.36046,30
sewa,DRP2,Summer19,Raccoon,53,47.64354,-122.36046,31
sewa,DRP2,Summer20,Raccoon,58,47.64354,-122.36046,31
sewa,DRP2,Winter20,Raccoon,35,47.64354,-122.36046,31
sewa,DSP1,Fall19,Raccoon,7,47.6598,-122.41942,31
sewa,DSP1,Fall20,Raccoon,3,47.6598,-122.41942,31
sewa,DSP1,Spring19,Raccoon,1,47.6598,-122.41942,27
sewa,DSP1,Spring20,Raccoon,4,47.6598,-122.41942,30
sewa,DSP1,Summer19,Raccoon,1,47.6598,-122.41942,31
sewa,DSP1,Summer20,Raccoon,4,47.6598,-122.41942,31
sewa,DSP1,Winter20,Raccoon,2,47.6598,-122.41942,31
sewa,DWP1,Fall19,Raccoon,6,47.53195,-122.32024,36
sewa,FGL1,Fall19,Raccoon,2,47.48434,-122.26262,28
sewa,FGL1,Fall20,Raccoon,4,47.48434,-122.26262,31
sewa,FGL1,Spring19,Raccoon,3,47.48434,-122.26262,39
sewa,FGL1,Winter20,Raccoon,1,47.48434,-122.26262,31
sewa,FRD1,Fall20,Raccoon,1,47.75103,-122.00792,33
sewa,FRD1,Winter20,Raccoon,1,47.75103,-122.00792,32
sewa,HCN1,Fall19,Raccoon,7,47.51622,-122.30736,36
sewa,HCN1,Spring19,Raccoon,26,47.51622,-122.30736,36
sewa,HCN1,Winter20,Raccoon,4,47.51622,-122.30736,35
sewa,HFW1,Fall19,Raccoon,3,47.70676,-122.19162,33
sewa,HFW1,Fall20,Raccoon,17,47.70676,-122.19162,31
sewa,HFW1,Spring19,Raccoon,2,47.70676,-122.19162,30
sewa,HFW1,Summer19,Raccoon,2,47.70676,-122.19162,34
sewa,HFW1,Summer20,Raccoon,15,47.70676,-122.19162,29
sewa,HFW1,Winter20,Raccoon,5,47.70676,-122.19162,32
sewa,IRP1,Fall19,Raccoon,2,47.69055,-122.28101,31
sewa,IRP1,Fall20,Raccoon,5,47.69055,-122.28101,31
sewa,IRP1,Spring20,Raccoon,6,47.69055,-122.28101,30
sewa,IRP1,Summer19,Raccoon,1,47.69055,-122.28101,34
sewa,IRP1,Summer20,Raccoon,4,47.69055,-122.28101,31
sewa,IRP1,Winter20,Raccoon,1,47.69055,-122.28101,31
sewa,JBP1,Fall19,Raccoon,1,47.695583,-122.203475,46
sewa,JBP1,Spring20,Raccoon,1,47.695583,-122.203475,33
sewa,JBP1,Winter20,Raccoon,1,47.695583,-122.203475,30
sewa,LTP1,Spring19,Raccoon,25,47.65483,-122.39368,34
sewa,LWP2,Winter20,Raccoon,1,47.66921,-122.34483,35
sewa,LWP2,Summer20,Raccoon,1,47.66901,-122.334405,35
sewa,MBC1,Fall19,Raccoon,1,47.70461,-122.08888,31
sewa,MBC1,Spring19,Raccoon,1,47.70461,-122.08888,33
sewa,MBC1,Summer20,Raccoon,3,47.70431,-122.08896,30
sewa,MGP1,Fall19,Raccoon,1,47.68166,-122.25092,31
sewa,MSR1,Fall19,Raccoon,6,47.54984,-122.3086,36
sewa,MSR1,Fall20,Raccoon,2,47.54984,-122.3086,31
sewa,MSR1,Spring19,Raccoon,45,47.54984,-122.3086,32
sewa,MSR1,Spring20,Raccoon,2,47.54984,-122.3086,30
sewa,MSR1,Summer19,Raccoon,8,47.54984,-122.3086,36
sewa,MSR1,Summer20,Raccoon,5,47.54984,-122.3086,31
sewa,MSR1,Winter20,Raccoon,6,47.54984,-122.3086,31
sewa,MWP1,Fall19,Raccoon,5,47.56073,-122.31937,31
sewa,MWP1,Fall20,Raccoon,19,47.56073,-122.31937,31
sewa,MWP1,Summer19,Raccoon,4,47.56073,-122.31937,21
sewa,MWP1,Summer20,Raccoon,17,47.56073,-122.31937,28
sewa,MWP1,Winter20,Raccoon,2,47.56073,-122.31937,36
sewa,NRP1,Fall19,Raccoon,6,47.68709,-122.17331,31
sewa,NRP1,Fall20,Raccoon,4,47.68709,-122.17331,31
sewa,NRP1,Spring19,Raccoon,1,47.68709,-122.17331,30
sewa,NRP1,Spring20,Raccoon,6,47.68709,-122.17331,30
sewa,NRP1,Summer20,Raccoon,2,47.68709,-122.17331,31
sewa,NRP1,Winter20,Raccoon,10,47.68709,-122.17331,31
sewa,PGP1,Fall19,Raccoon,15,47.55669,-122.35852,34
sewa,PGP1,Summer20,Raccoon,14,47.55669,-122.35852,31
sewa,PGP1,Winter20,Raccoon,8,47.55669,-122.35852,31
sewa,PHN1,Fall19,Raccoon,3,47.6723,-122.3598,31
sewa,PHN1,Summer20,Raccoon,3,47.6723,-122.3598,31
sewa,PHN1,Winter20,Raccoon,5,47.6723,-122.3598,31
sewa,PHN1,Fall20,Raccoon,22,47.6708,-122.3596,31
sewa,PHN1,Summer19,Raccoon,1,47.6708,-122.3596,31
sewa,RHF1,Fall20,Raccoon,1,47.7406,-122.01764,34
sewa,RVP1,Fall19,Raccoon,4,47.673535,-122.311193,31
sewa,RVP1,Fall20,Raccoon,23,47.673535,-122.311193,31
sewa,RVP1,Spring19,Raccoon,19,47.673535,-122.311193,32
sewa,RVP1,Summer19,Raccoon,6,47.673535,-122.311193,31
sewa,RVP1,Summer20,Raccoon,15,47.673535,-122.311193,35
sewa,RVP1,Winter20,Raccoon,7,47.673535,-122.311193,31
sewa,RWP1,Spring19,Raccoon,1,47.711603,-122.043494,29
sewa,TCC1,Spring19,Raccoon,14,47.46189,-122.17861,38
sewa,TCC1,Winter20,Raccoon,6,47.46189,-122.17861,42
sewa,TMP1,Fall19,Raccoon,64,47.56718,-122.35082,41
sewa,TMP1,Winter20,Raccoon,3,47.56718,-122.35082,32
sewa,WCP2,Spring20,Raccoon,1,47.52699,-122.33736,30
sewa,WDG1,Summer19,Raccoon,3,47.54149,-122.34569,35
sewa,DOS1,Summer20,Black bear,1,47.74577,-121.96749,31
sewa,RHF1,Summer19,Black bear,6,47.7406,-122.01764,29
sewa,RWP1,Fall19,Black bear,1,47.711603,-122.043494,31
sewa,RWP1,Summer19,Black bear,3,47.711603,-122.043494,31
sewa,BGP1,Fall19,Eastern gray squirrel,1,47.66681,-122.28342,32
sewa,BGP1,Spring19,Eastern gray squirrel,2,47.66681,-122.28342,27
sewa,BGP1,Summer19,Eastern gray squirrel,1,47.66681,-122.28342,31
sewa,BGP1,Fall20,Eastern gray squirrel,298,47.66616,-122.28327,31
sewa,BGP1,Spring20,Eastern gray squirrel,2,47.66616,-122.28327,30
sewa,BGP1,Summer20,Eastern gray squirrel,4,47.66616,-122.28327,37
sewa,BGP1,Winter20,Eastern gray squirrel,6,47.66616,-122.28327,28
sewa,BRF1,Spring19,Eastern gray squirrel,2,47.47522,-122.24035,38
sewa,BRF1,Fall20,Eastern gray squirrel,1,47.47647,-122.23516,36
sewa,DRP2,Fall19,Eastern gray squirrel,169,47.64354,-122.36046,31
sewa,DRP2,Fall20,Eastern gray squirrel,61,47.64354,-122.36046,31
sewa,DRP2,Spring20,Eastern gray squirrel,84,47.64354,-122.36046,30
sewa,DRP2,Summer19,Eastern gray squirrel,90,47.64354,-122.36046,31
sewa,DRP2,Summer20,Eastern gray squirrel,64,47.64354,-122.36046,31
sewa,DRP2,Winter20,Eastern gray squirrel,43,47.64354,-122.36046,31
sewa,DSP1,Fall19,Eastern gray squirrel,9,47.6598,-122.41942,31
sewa,DSP1,Fall20,Eastern gray squirrel,1,47.6598,-122.41942,31
sewa,DWP1,Fall19,Eastern gray squirrel,23,47.53195,-122.32024,36
sewa,DWP1,Summer19,Eastern gray squirrel,3,47.53195,-122.32024,35
sewa,FGL1,Spring19,Eastern gray squirrel,2,47.48434,-122.26262,39
sewa,FGL1,Spring20,Eastern gray squirrel,1,47.48434,-122.26262,30
sewa,FGL1,Winter20,Eastern gray squirrel,4,47.48434,-122.26262,31
sewa,FRD1,Fall19,Eastern gray squirrel,52,47.75103,-122.00792,35
sewa,FRD1,Fall20,Eastern gray squirrel,17,47.75103,-122.00792,33
sewa,FRD1,Spring19,Eastern gray squirrel,10,47.75103,-122.00792,30
sewa,FRD1,Winter20,Eastern gray squirrel,3,47.75103,-122.00792,32
sewa,HCN1,Fall19,Eastern gray squirrel,3,47.51622,-122.30736,36
sewa,HFW1,Fall19,Eastern gray squirrel,6,47.70676,-122.19162,33
sewa,HFW1,Fall20,Eastern gray squirrel,23,47.70676,-122.19162,31
sewa,HFW1,Spring19,Eastern gray squirrel,7,47.70676,-122.19162,30
sewa,HFW1,Summer19,Eastern gray squirrel,12,47.70676,-122.19162,34
sewa,HFW1,Summer20,Eastern gray squirrel,20,47.70676,-122.19162,29
sewa,IRP1,Fall19,Eastern gray squirrel,49,47.69055,-122.28101,31
sewa,IRP1,Fall20,Eastern gray squirrel,85,47.69055,-122.28101,31
sewa,IRP1,Spring19,Eastern gray squirrel,58,47.69055,-122.28101,28
sewa,IRP1,Spring20,Eastern gray squirrel,31,47.69055,-122.28101,30
sewa,IRP1,Summer19,Eastern gray squirrel,52,47.69055,-122.28101,34
sewa,IRP1,Summer20,Eastern gray squirrel,46,47.69055,-122.28101,31
sewa,IRP1,Winter20,Eastern gray squirrel,9,47.69055,-122.28101,31
sewa,JBP1,Fall20,Eastern gray squirrel,2,47.695583,-122.203475,31
sewa,JBP1,Spring19,Eastern gray squirrel,1,47.695583,-122.203475,30
sewa,JBP1,Spring20,Eastern gray squirrel,5,47.695583,-122.203475,33
sewa,JBP1,Summer19,Eastern gray squirrel,2,47.695583,-122.203475,33
sewa,JBP1,Summer20,Eastern gray squirrel,2,47.695583,-122.203475,33
sewa,JBP1,Winter20,Eastern gray squirrel,3,47.695583,-122.203475,30
sewa,LTP1,Spring19,Eastern gray squirrel,6,47.65483,-122.39368,34
sewa,LWP2,Summer19,Eastern gray squirrel,7,47.66921,-122.34483,23
sewa,LWP2,Winter20,Eastern gray squirrel,27,47.66921,-122.34483,35
sewa,LWP2,Summer20,Eastern gray squirrel,13,47.66901,-122.334405,35
sewa,MBC1,Fall19,Eastern gray squirrel,2,47.70461,-122.08888,31
sewa,MBC1,Spring19,Eastern gray squirrel,1,47.70461,-122.08888,33
sewa,MGP1,Fall19,Eastern gray squirrel,1,47.68166,-122.25092,31
sewa,MGP1,Fall20,Eastern gray squirrel,3,47.68166,-122.25092,18
sewa,MGP1,Spring19,Eastern gray squirrel,46,47.68166,-122.25092,31
sewa,MGP1,Spring20,Eastern gray squirrel,9,47.68166,-122.25092,30
sewa,MGP1,Summer19,Eastern gray squirrel,5,47.68166,-122.25092,34
sewa,MGP1,Winter20,Eastern gray squirrel,8,47.68166,-122.25092,31
sewa,MPO1,Fall19,Eastern gray squirrel,5,47.44997,-122.11071,35
sewa,MPO1,Fall20,Eastern gray squirrel,4,47.44997,-122.11071,40
sewa,MPO1,Spring19,Eastern gray squirrel,13,47.44997,-122.11071,30
sewa,MPO1,Summer19,Eastern gray squirrel,1,47.44997,-122.11071,34
sewa,MSR1,Fall19,Eastern gray squirrel,63,47.54984,-122.3086,36
sewa,MSR1,Fall20,Eastern gray squirrel,61,47.54984,-122.3086,31
sewa,MSR1,Spring19,Eastern gray squirrel,171,47.54984,-122.3086,32
sewa,MSR1,Spring20,Eastern gray squirrel,33,47.54984,-122.3086,30
sewa,MSR1,Summer19,Eastern gray squirrel,53,47.54984,-122.3086,36
sewa,MSR1,Summer20,Eastern gray squirrel,16,47.54984,-122.3086,31
sewa,MSR1,Winter20,Eastern gray squirrel,24,47.54984,-122.3086,31
sewa,MWP1,Spring19,Eastern gray squirrel,33,47.5609279,-122.3184906,32
sewa,MWP1,Fall19,Eastern gray squirrel,119,47.56073,-122.31937,31
sewa,MWP1,Fall20,Eastern gray squirrel,298,47.56073,-122.31937,31
sewa,MWP1,Summer19,Eastern gray squirrel,16,47.56073,-122.31937,21
sewa,MWP1,Summer20,Eastern gray squirrel,17,47.56073,-122.31937,28
sewa,MWP1,Winter20,Eastern gray squirrel,2,47.56073,-122.31937,36
sewa,NRP1,Fall19,Eastern gray squirrel,3,47.68709,-122.17331,31
sewa,NRP1,Fall20,Eastern gray squirrel,7,47.68709,-122.17331,31
sewa,NRP1,Spring19,Eastern gray squirrel,10,47.68709,-122.17331,30
sewa,NRP1,Spring20,Eastern gray squirrel,3,47.68709,-122.17331,30
sewa,NRP1,Summer20,Eastern gray squirrel,1,47.68709,-122.17331,31
sewa,NRP1,Winter20,Eastern gray squirrel,2,47.68709,-122.17331,31
sewa,PGP1,Spring19,Eastern gray squirrel,3,47.55922,-122.35731,29
sewa,PGP1,Summer19,Eastern gray squirrel,2,47.55922,-122.35731,32
sewa,PHN1,Fall19,Eastern gray squirrel,129,47.6723,-122.3598,31
sewa,PHN1,Spring19,Eastern gray squirrel,25,47.6723,-122.3598,24
sewa,PHN1,Summer19,Eastern gray squirrel,13,47.6723,-122.3598,31
sewa,PHN1,Summer20,Eastern gray squirrel,18,47.6723,-122.3598,31
sewa,PHN1,Winter20,Eastern gray squirrel,6,47.6723,-122.3598,31
sewa,PHN1,Fall20,Eastern gray squirrel,21,47.6708,-122.3596,31
sewa,PHN1,Spring19,Eastern gray squirrel,4,47.6708,-122.3596,24
sewa,RHF1,Spring19,Eastern gray squirrel,1,47.7406,-122.01764,29
sewa,RVP1,Fall19,Eastern gray squirrel,107,47.673535,-122.311193,31
sewa,RVP1,Fall20,Eastern gray squirrel,102,47.673535,-122.311193,31
sewa,RVP1,Spring19,Eastern gray squirrel,152,47.673535,-122.311193,32
sewa,RVP1,Summer19,Eastern gray squirrel,258,47.673535,-122.311193,31
sewa,RVP1,Summer20,Eastern gray squirrel,141,47.673535,-122.311193,35
sewa,RVP1,Winter20,Eastern gray squirrel,50,47.673535,-122.311193,31
sewa,SWD1,Fall19,Eastern gray squirrel,2,47.71029,-122.10428,32
sewa,SWD1,Spring19,Eastern gray squirrel,1,47.71029,-122.10428,28
sewa,SWD1,Summer20,Eastern gray squirrel,1,47.71029,-122.10428,34
sewa,TCC1,Fall19,Eastern gray squirrel,3,47.46189,-122.17861,36
sewa,TCC1,Spring19,Eastern gray squirrel,48,47.46189,-122.17861,38
sewa,TCC1,Summer19,Eastern gray squirrel,2,47.46189,-122.17861,34
sewa,TCC1,Winter20,Eastern gray squirrel,3,47.46189,-122.17861,42
sewa,TMF1,Fall19,Eastern gray squirrel,2,47.42278,-121.94978,35
sewa,TMF1,Spring19,Eastern gray squirrel,1,47.42278,-121.94978,30
sewa,TMF1,Summer19,Eastern gray squirrel,2,47.42278,-121.94978,34
sewa,TMP1,Fall19,Eastern gray squirrel,3,47.56718,-122.35082,41
sewa,WDG1,Fall19,Eastern gray squirrel,7,47.54149,-122.34569,36
sewa,WDG1,Fall20,Eastern gray squirrel,4,47.54149,-122.34569,31
sewa,WDG1,Summer19,Eastern gray squirrel,13,47.54149,-122.34569,35
sewa,WDG1,Summer20,Eastern gray squirrel,1,47.54149,-122.34569,31
sewa,BGP1,Fall20,Eastern cottontail rabbit,14,47.66616,-122.28327,31
sewa,BRF1,Spring19,Eastern cottontail rabbit,2,47.47522,-122.24035,38
sewa,BRF1,Fall20,Eastern cottontail rabbit,1,47.47647,-122.23516,36
sewa,DRP2,Fall19,Eastern cottontail rabbit,178,47.64354,-122.36046,31
sewa,DRP2,Fall20,Eastern cottontail rabbit,29,47.64354,-122.36046,31
sewa,DRP2,Spring20,Eastern cottontail rabbit,40,47.64354,-122.36046,30
sewa,DRP2,Summer19,Eastern cottontail rabbit,12,47.64354,-122.36046,31
sewa,DRP2,Summer20,Eastern cottontail rabbit,3,47.64354,-122.36046,31
sewa,DRP2,Winter20,Eastern cottontail rabbit,62,47.64354,-122.36046,31
sewa,DSP1,Fall19,Eastern cottontail rabbit,5,47.6598,-122.41942,31
sewa,DSP1,Fall20,Eastern cottontail rabbit,9,47.6598,-122.41942,31
sewa,DSP1,Spring19,Eastern cottontail rabbit,3,47.6598,-122.41942,27
sewa,DSP1,Spring20,Eastern cottontail rabbit,5,47.6598,-122.41942,30
sewa,DSP1,Summer19,Eastern cottontail rabbit,16,47.6598,-122.41942,31
sewa,DSP1,Summer20,Eastern cottontail rabbit,12,47.6598,-122.41942,31
sewa,FGL1,Spring20,Eastern cottontail rabbit,5,47.48434,-122.26262,30
sewa,FGL1,Winter20,Eastern cottontail rabbit,4,47.48434,-122.26262,31
sewa,FRD1,Fall19,Eastern cottontail rabbit,19,47.75103,-122.00792,35
sewa,FRD1,Fall20,Eastern cottontail rabbit,5,47.75103,-122.00792,33
sewa,FRD1,Spring19,Eastern cottontail rabbit,11,47.75103,-122.00792,30
sewa,FRD1,Summer19,Eastern cottontail rabbit,9,47.75103,-122.00792,29
sewa,HCN1,Fall19,Eastern cottontail rabbit,2,47.51622,-122.30736,36
sewa,HCN1,Winter20,Eastern cottontail rabbit,8,47.51622,-122.30736,35
sewa,HFW1,Fall19,Eastern cottontail rabbit,5,47.70676,-122.19162,33
sewa,HFW1,Fall20,Eastern cottontail rabbit,1,47.70676,-122.19162,31
sewa,HFW1,Spring19,Eastern cottontail rabbit,1,47.70676,-122.19162,30
sewa,HFW1,Summer19,Eastern cottontail rabbit,2,47.70676,-122.19162,34
sewa,HFW1,Summer20,Eastern cottontail rabbit,1,47.70676,-122.19162,29
sewa,IRP1,Fall19,Eastern cottontail rabbit,14,47.69055,-122.28101,31
sewa,IRP1,Fall20,Eastern cottontail rabbit,4,47.69055,-122.28101,31
sewa,IRP1,Summer20,Eastern cottontail rabbit,5,47.69055,-122.28101,31
sewa,IRP1,Winter20,Eastern cottontail rabbit,14,47.69055,-122.28101,31
sewa,LWP2,Winter20,Eastern cottontail rabbit,20,47.66921,-122.34483,35
sewa,MBC1,Summer20,Eastern cottontail rabbit,3,47.70431,-122.08896,30
sewa,MGP1,Spring19,Eastern cottontail rabbit,7,47.68166,-122.25092,31
sewa,MGP1,Spring20,Eastern cottontail rabbit,2,47.68166,-122.25092,30
sewa,MSR1,Summer20,Eastern cottontail rabbit,1,47.54984,-122.3086,31
sewa,MWP1,Fall19,Eastern cottontail rabbit,1,47.56073,-122.31937,31
sewa,MWP1,Fall20,Eastern cottontail rabbit,11,47.56073,-122.31937,31
sewa,MWP1,Summer19,Eastern cottontail rabbit,1,47.56073,-122.31937,21
sewa,MWP1,Summer20,Eastern cottontail rabbit,13,47.56073,-122.31937,28
sewa,NRP1,Fall20,Eastern cottontail rabbit,4,47.68709,-122.17331,31
sewa,NRP1,Spring19,Eastern cottontail rabbit,56,47.68709,-122.17331,30
sewa,NRP1,Winter20,Eastern cottontail rabbit,1,47.68709,-122.17331,31
sewa,PHN1,Fall19,Eastern cottontail rabbit,4,47.6723,-122.3598,31
sewa,PHN1,Summer20,Eastern cottontail rabbit,1,47.6723,-122.3598,31
sewa,PHN1,Fall20,Eastern cottontail rabbit,6,47.6708,-122.3596,31
sewa,PHN1,Spring19,Eastern cottontail rabbit,15,47.6708,-122.3596,24
sewa,PHN1,Summer19,Eastern cottontail rabbit,3,47.6708,-122.3596,31
sewa,RVP1,Fall19,Eastern cottontail rabbit,3,47.673535,-122.311193,31
sewa,RVP1,Fall20,Eastern cottontail rabbit,1,47.673535,-122.311193,31
sewa,RVP1,Summer20,Eastern cottontail rabbit,15,47.673535,-122.311193,35
sewa,SVP1,Fall19,Eastern cottontail rabbit,11,47.70675,-122.15123,31
sewa,SVP1,Fall20,Eastern cottontail rabbit,4,47.70675,-122.15123,31
sewa,SWD1,Summer20,Eastern cottontail rabbit,1,47.71029,-122.10428,34
sewa,SWD1,Winter20,Eastern cottontail rabbit,1,47.71029,-122.10428,33
sewa,TMP1,Fall20,Eastern cottontail rabbit,9,47.56718,-122.35082,35
sewa,TMP1,Spring19,Eastern cottontail rabbit,20,47.56718,-122.35082,36
sewa,TMP1,Summer20,Eastern cottontail rabbit,1,47.56718,-122.35082,40
